station,t,rho_km,rho_dot_km_s,elev_rad
Station 2,0.0,4281.99112725241,-1.872590688164907,0.8430926972540939
Station 2,10.0,4263.468858218125,-1.83176345461775,0.8523940008604892
Station 2,20.0,4245.357846057967,-1.7903398733503078,0.8616465622027525
Station 2,30.0,4227.664036356168,-1.7483236328786824,0.8708430917082772
Station 2,40.0,4210.393334481779,-1.7057190909250615,0.8799758978926081
Station 2,50.0,4193.551598802324,-1.6625312930927327,0.8890368752354193
Station 2,60.0,4177.14463371636,-1.6187659903909002,0.898017493015272
Station 2,70.0,4161.178182517098,-1.5744296554678854,0.9069087853860434
Station 2,80.0,4145.6579201007735,-1.5295294974100333,0.915701343019297
Station 2,90.0,4130.5894455346615,-1.4840734749634992,0.9243853066812748
Station 2,100.0,4115.978274489795,-1.4380703080426462,0.9329503631586152
Station 2,110.0,4101.829831608762,-1.3915294873589872,0.9413857440028156
Station 2,120.0,4088.149442746145,-1.3444612820764548,0.9496802275957209
Station 2,130.0,4074.9423271410587,-1.2968767453394752,0.9578221451002933
Station 2,140.0,4062.213589561632,-1.2487877175409225,0.9657993909010802
Station 2,150.0,4049.968212428123,-1.200206827220683,0.9735994381715526
Station 2,160.0,4038.2110479389507,-1.1511474894862117,0.9812093602341893
Station 2,170.0,4026.9468102249634,-1.101623901856831,0.9886158583919189
Station 2,180.0,4016.180067558134,-1.0516510374455417,0.9958052969036203
Station 2,190.0,4005.9152346417486,-1.0012446354054299,1.002763745746828
Station 2,200.0,3996.156565009753,-0.9504211885823395,1.0094770317522614
Station 2,210.0,3986.90814356346,-0.8991979283314013,1.0159307986019828
Station 2,220.0,3978.1738792741576,-0.8475928064719951,1.0221105760510725
Station 2,230.0,3969.9574980803204,-0.7956244743736476,1.0280018585577932
Station 2,240.0,3962.2625360081047,-0.7433122591843253,1.0335901932869838
Station 2,250.0,3955.092332543623,-0.6906761372319519,1.038861277185873
Station 2,260.0,3948.450024285042,-0.637736704650053,1.0438010625235687
Station 2,270.0,3942.3385389019963,-0.584515145298704,1.048395869941792
Station 2,280.0,3936.7605894289377,-0.5310331960722637,1.052632507695677
Station 2,290.0,3931.7186689180803,-0.4773131097055823,1.0564983953846847
Station 2,300.0,3927.21504547633,-0.4233776152101574,1.0599816901040509
Station 2,310.0,3923.2517577092344,-0.3692498760908023,1.0630714126091914
Station 2,320.0,3919.8306105933425,-0.31495344651179413,1.06575757080391
Station 2,330.0,3916.9531717966033,-0.26051222559851506,1.0680312776629841
Station 2,340.0,3914.620768464514,-0.2059504100765519,1.0698848606040121
Station 2,350.0,3912.8344844875755,-0.15129244546446574,1.0713119593508826
Station 2,360.0,3911.595158263476,-0.09656297604914887,1.0723076094938753
Station 2,370.0,3910.9033809649654,-0.041786793883285656,1.072868309252252
Station 2,380.0,3910.759495322045,0.013011212946820616,1.072992067377079
Station 2,390.0,3911.1635949245056,0.06780611252835911,1.0726784306773798
Station 2,400.0,3912.1155240483217,0.12257298154504925,1.071928490284306
Station 2,410.0,3913.614878006757,0.17728695765518254,1.0707448664508987
Station 2,420.0,3915.661004024481,0.2319232915641729,1.069131672379769
Station 2,430.0,3918.2530026303493,0.2864573985338221,1.0670944582370243
Station 2,440.0,3921.389729561977,0.340864909075568,1.064640137109969
Station 2,450.0,3925.069798172028,0.3951217185824216,1.0617768951666213
Station 2,460.0,3929.2915821618526,0.4492040357237945,1.0585140886385815
Station 2,470.0,3934.0532190611957,0.5030884292467032,1.0548621305449222
Station 2,480.0,3939.352614160407,0.5567518730128258,1.0508323701196438
Station 2,490.0,3945.1874446862057,0.6101717891825122,1.0464369678821248
Station 2,500.0,3951.555164494668,0.6633260892627486,1.0416887691934678
Station 2,510.0,3958.4530091629204,0.7161932128826042,1.0366011788695777
Station 2,520.0,3965.8780014561594,0.7687521641521852,1.031188039121903
Station 2,530.0,3973.8269571451847,0.8209825454804422,1.0254635127427107
Station 2,540.0,3982.296491148568,0.8728645887471721,1.0194419730758215
Station 2,550.0,3991.2830239725713,0.924379183744779,1.0131379019371514
Station 2,560.0,4000.7827884212365,0.975507903825605,1.0065657962897
Station 2,570.0,4010.7918365484916,1.0262330287109842,0.9997400841479454
Station 2,580.0,4021.306046823815,1.0765375644377564,0.9926750498959612
Station 2,590.0,4032.3211314828077,1.1264052604375054,0.9853847689569204
Station 2,600.0,4043.832644034125,1.175820623762117,0.977883051550606
Station 2,610.0,4055.8359868944112,1.2247689304870317,0.9701833951190991
Station 2,620.0,4068.3264191232734,1.2732362343400625,0.9622989448858584
Station 2,630.0,4081.2990642308964,1.321209372619177,0.9542424619355979
Station 2,640.0,4094.748918031635,1.3686759694767123,0.9460262981566385
Station 2,650.0,4108.6708565176905,1.4156244366604611,0.937662377368392
Station 2,660.0,4123.05964372802,1.4620439718133595,0.9291621819591159
Station 2,670.0,4137.90993958862,1.5079245544436195,0.9205367443781663
Station 2,680.0,4153.216307701539,1.5532569396856688,0.9117966428582878
Station 2,690.0,4168.973223061214,1.5980326499793913,0.9029520007832619
Station 2,700.0,4185.17507967796,1.6422439648008678,0.8940124891613471
Station 2,710.0,4201.816198089883,1.685883908582118,0.8849873317127344
Station 2,720.0,4218.890832745842,1.728946236960375,0.8758853121278328
Station 2,730.0,4236.39317924344,1.771425421499111,0.8667147831009311
Station 2,740.0,4254.317381407576,1.8133166330235961,0.8574836767896176
Station 2,750.0,4272.657538196369,1.8546157237131693,0.8481995163935505
Station 2,760.0,4291.407710422786,1.8953192080908436,0.8388694285861388
Station 2,770.0,4310.561927281638,1.935424243048279,0.829500156569362
Station 2,780.0,4330.114192673004,1.9749286070408891,0.8200980735550468
Station 2,790.0,4350.0584913144385,2.0138306785836506,0.8106691965056104
Station 2,800.0,4370.38879463562,2.052129414173528,0.8012191999936392
Station 2,810.0,4391.099066450315,2.0898243257591314,0.7917534300628867
Station 2,820.0,4412.183268346012,2.126915457915158,0.782276917985899
Station 2,830.0,4433.635364767396,2.1634033648605726,0.7727943938339448
Station 2,840.0,4455.449328271925,2.1992890870343076,0.7633102998643858
Station 2,850.0,4477.619144160388,2.234574127925796,0.7538288035656647
Station 2,860.0,4500.138814980583,2.26926043089715,0.7443538103848183
Station 2,870.0,4523.002364813216,2.303350356136832,0.7348889760963442
Station 2,880.0,4546.20384332785,2.336846657830767,0.7254377187883398
Station 2,890.0,4569.7373296114765,2.3697524616199876,0.7160032304504359
Station 2,900.0,4593.596935772922,2.4020712424072634,0.706588488153741
Station 2,910.0,4617.776810326948,2.433806802568828,0.697196264817654
Station 2,920.0,4642.271141362355,2.4649632506209875,0.687829139562328
Station 2,930.0,4667.074159498926,2.4955449803854832,0.6784895076486896
Station 2,940.0,4692.180140638446,2.525556650691636,0.6691795900104983
Station 2,950.0,4717.583408515364,2.555003165647876,0.6599014423849847
Station 2,960.0,4743.278337052984,2.583889655510019,0.6506569640502298
Station 2,970.0,4769.259352531302,2.612221458168755,0.641447906178701
Station 2,980.0,4795.520935572827,2.640004101274223,0.6322758798173274
Station 2,990.0,4822.057622952848,2.6672432850112484,0.623142363505201
Station 2,1000.0,4848.864009240785,2.693944865534858,0.6140487105404647
Station 2,1010.0,4875.934748279245,2.720114839071964,0.6049961559083014
Station 2,1020.0,4903.264554507527,2.745759326691814,0.5959858228820755
Station 2,1030.0,4930.848204136295,2.770884559744656,0.5870187293097672
Station 2,1040.0,4958.680536180109,2.7954968659653394,0.5780957935977763
Station 2,1050.0,4986.756453354475,2.819602656236028,0.5692178404040781
Station 2,1060.0,5015.070922843993,2.843208411999975,0.5603856060525207
Station 2,1070.0,5043.61897694808,2.866320673316304,0.5515997436798471
Station 2,1080.0,5072.395713610678,2.8889460275440166,0.542860828126734
Station 2,1090.0,5101.396296840156,2.9110910986419047,0.5341693605838819
Station 2,1100.0,5130.615957025532,2.9327625370697183,0.5255257730038554
Station 2,1110.0,5160.049991154991,2.953967010274887,0.5169304322890487
Station 2,1120.0,5189.693762942436,2.974711193748105,0.5083836442658249
Station 2,1130.0,5219.542702867746,2.99500176263037,0.49988565745451874
Station 2,1140.0,5249.5923081361425,3.014845383853457,0.49143666664466373
Station 2,1150.0,5279.838142561932,3.034248708795378,0.4830368162844429
Station 2,1160.0,5310.275836381668,3.0532183664320307,0.4746862036930396
Station 2,1170.0,5340.9010860016715,3.0717609569660405,0.46638488210419937
Station 2,1180.0,5371.709653671915,3.089883045924571,0.45813286354708055
Station 2,1190.0,5402.697366953059,3.1075911588320424,0.4499301215497113
Station 2,1200.0,5433.860118501597,3.124891775987055,0.4417765937533272
Station 2,1210.0,5465.193865564718,3.141791327831773,0.4336721843535129
Station 2,1220.0,5496.69462942011,3.158296190723701,0.4256167664059632
Station 2,1230.0,5528.3584948178805,3.174412683036985,0.4176101840129971
Station 2,1240.0,5560.181609384726,3.190147061611164,0.4096522543905587
Station 2,1250.0,5592.160182993793,3.2055055185298724,0.40174276982159995
Station 2,1260.0,5624.290487103503,3.220494178212448,0.39388149950147205
Station 2,1270.0,5656.568854068418,3.23511909480179,0.38606819128071473
Station 2,1280.0,5688.991676425068,3.2493862498323485,0.37830257331037753
Station 2,1290.0,5721.555406155521,3.263301550162625,0.3705843555947755
Station 2,1300.0,5754.256553931322,3.276870826157038,0.3629132314563572
Station 2,1310.0,5787.091688340214,3.290099830102565,0.3552888789171532
Station 2,1320.0,5820.05743509801,3.302994234846128,0.34771096200105556
Station 2,1330.0,5853.15047624776,3.315559632639162,0.34017913196098765
Station 2,1340.0,5886.367549348303,3.327801534176417,0.3326930284348234
Station 2,1350.0,5919.705446654042,3.339725367816543,0.3252522805337494
Station 2,1360.0,5953.161014287822,3.3513364789725397,0.3178565078665675
Station 2,1370.0,5986.731151408533,3.362640129660668,0.3105053215032838
Station 2,1380.0,6020.412809375021,3.373641498197015,0.3031983248811562
Station 2,1390.0,6054.202990907753,3.384345679031285,0.2959351146562343
Station 2,1400.0,6088.098749249592,3.394757682707996,0.2887152815032647
Station 2,1410.0,6122.097187326947,3.404882435945684,0.28153841086670156
Station 2,1420.0,6156.1954569124355,3.414724781825238,0.27440408366542623
Station 2,1430.0,6190.390757790171,3.4242894800788832,0.2673118769536516
Station 2,1440.0,6224.680336924622,3.4335812074718346,0.2602613645403662
Station 2,1450.0,6259.061487633988,3.44260455826904,0.25325211756955207
Station 2,1460.0,6293.531548768894,3.451364044779855,0.24628370506330818
Station 2,1470.0,6328.087903897223,3.4598640979738775,0.23935569442988744
Station 2,1480.0,6362.727980495713,3.468109068161585,0.2324676519385771
Station 2,1490.0,6397.4492491490055,3.4761032257337514,0.22561914316323559
Station 2,1500.0,6432.2492227566945,3.4838507619539847,0.2188097333962175
Station 2,1510.0,6467.125455748901,3.4913557897990817,0.21203898803433036
Station 2,1520.0,6502.075543310848,3.4986223448421923,0.20530647293837193
Station 2,1530.0,6537.097120616801,3.5056543861741196,0.19861175476773962
Station 2,1540.0,6572.187862072515,3.512455797359395,0.19195440129131247
Station 2,1550.0,6607.345480434822,3.5190303875322173,0.18533398165649093
Station 2,1560.0,6642.567726183544,3.525381892329342,0.17875006667104826
Station 1,3950.0,6643.369070814245,-3.5216567746207397,0.18106023087525883
Station 1,3960.0,6608.180769015234,-3.5159679942590185,0.1876680740260721
Station 1,3970.0,6573.050429761142,-3.5100636707359474,0.19431392646413656
Station 1,3980.0,6537.980226544781,-3.503940177234159,0.20099826532859655
Station 1,3990.0,6502.9723694911,-3.4975938134633813,0.20772157143564368
Station 1,4000.0,6468.029106098468,-3.4910208045160216,0.21448432909723122
Station 1,4010.0,6433.152721991714,-3.484217299739404,0.2212870259225542
Station 1,4020.0,6398.345541686715,-3.4771793716279804,0.22813015260119432
Station 1,4030.0,6363.609929366449,-3.4699030147390544,0.2350142026667807
Station 1,4040.0,6328.948289668249,-3.462384144635874,0.2419396722399298
Station 1,4050.0,6294.363068482022,-3.4546185968621836,0.24890705974918143
Station 1,4060.0,6259.8567537591525,-3.4466021259526274,0.25591686562855825
Station 1,4070.0,6225.431876331757,-3.4383304044837386,0.2629695919903021
Station 1,4080.0,6191.091010741916,-3.4297990221705215,0.2700657422712583
Station 1,4090.0,6156.836776080424,-3.421003485014018,0.2772058208512993
Station 1,4100.0,6122.67183669673,-3.411939214567404,0.28439033262746727
Station 1,4110.0,6088.598903069712,-3.4026015471847613,0.2916197825748461
Station 1,4120.0,6054.6207328585715,-3.3929857332759794,0.2988946752898263
Station 1,4130.0,6020.740131642449,-3.3830869367813508,0.30621551446414275
Station 1,4140.0,5986.959953789883,-3.372900234667715,0.31358280233564906
Station 1,4150.0,5953.283103332727,-3.3624206165160624,0.32099703909928595
Station 1,4160.0,5919.712534843401,-3.3516429842088553,0.3284587222758638
Station 1,4170.0,5886.251254314388,-3.340562151725706,0.33596834603618186
Station 1,4180.0,5852.902320038889,-3.329172845056503,0.3435264004778624
Station 1,4190.0,5819.668843491438,-3.317469702241636,0.35113337085213747
Station 1,4200.0,5786.553990207153,-3.305447273549396,0.35878973673768416
Station 1,4210.0,5753.560980658229,-3.293100021801291,0.3664959711584196
Station 1,4220.0,5720.693091126203,-3.280422322856412,0.3742525396420319
Station 1,4230.0,5687.953654568288,-3.2674084662666907,0.3820598992158198
Station 1,4240.0,5655.346061476083,-3.25405265611535,0.38991849733623657
Station 1,4250.0,5622.873760724831,-3.240349012051487,0.3978287707483468
Station 1,4260.0,5590.5402604111105,-3.2262915705342947,0.4057911442711795
Station 1,4270.0,5558.349128676966,-3.21187428630104,0.41380602950475637
Station 1,4280.0,5526.303994518069,-3.19709103407347,0.42187382345434804
Station 1,4290.0,5494.408548573595,-3.1819356105179617,0.42999490706725113
Station 1,4300.0,5462.666543895179,-3.1664017364752732,0.4381696436771452
Station 1,4310.0,5431.081796692194,-3.1504830594763975,0.4463983773508056
Station 1,4320.0,5399.658187050515,-3.1341731565614843,0.4546814311316729
Station 1,4330.0,5368.399659621609,-3.117465537419489,0.4630191051744773
Station 1,4340.0,5337.310224278777,-3.10035364786659,0.4714116747648031
Station 1,4350.0,5306.393956737032,-3.0828308736820382,0.4798593882171425
Station 1,4360.0,5275.65499913307,-3.0648905448204724,0.48836246464464483
Station 1,4370.0,5245.097560561449,-3.0465259400202296,0.4969210915933893
Station 1,4380.0,5214.725917563,-3.027730291827498,0.5055354225336235
Station 1,4390.0,5184.544414561257,-3.0084967920565058,0.5142055741999917
Station 1,4400.0,5154.557464242491,-2.9888185977061767,0.5229316237723494
Station 1,4410.0,5124.769547874715,-2.9686888373538296,0.5317136058882967
Station 1,4420.0,5095.185215560867,-2.9481006180466203,0.5405515094780677
Station 1,4430.0,5065.809086421107,-2.9270470327113687,0.5494452744119168
Station 1,4440.0,5036.64584869902,-2.905521168103303,0.5583947879495877
Station 1,4450.0,5007.700259786273,-2.8835161133139766,0.5673998809808775
Station 1,4460.0,4978.9771461600885,-2.861024968858242,0.5764603240457186
Station 1,4470.0,4950.481403227688,-2.838040856359634,0.5855758231215419
Station 1,4480.0,4922.217994934331,-2.81455692890946,0.5947460151507998
Station 1,4490.0,4894.191953352911,-2.790566382008135,0.6039704633208904
Station 1,4500.0,4866.408378493811,-2.7660624650361516,0.6132486521024149
Station 1,4510.0,4838.872437546818,-2.7410384935829732,0.6225799819513
Station 1,4520.0,4811.589364155032,-2.7154878623808183,0.6319637637242577
Station 1,4530.0,4784.564457558124,-2.689404058929682,0.6413992127730318
Station 1,4540.0,4757.803081595451,-2.662780677824512,0.6508854426995202
Station 1,4550.0,4731.310663562033,-2.6356114357921285,0.6604214587531754
Station 1,4560.0,4705.092692910237,-2.6078901874427967,0.6700061508511829
Station 1,4570.0,4679.154719790051,-2.579610941738514,0.6796382862009248
Station 1,4580.0,4653.502353420819,-2.550767879176822,0.6893165015032896
Station 1,4590.0,4628.141260287284,-2.521355369685472,0.6990392947143889
Station 1,4600.0,4603.077162152943,-2.4913679912193425,0.7088050163423104
Station 1,4610.0,4578.315833883738,-2.46080054904684,0.7186118602546036
Station 1,4620.0,4553.863101075348,-2.4296480957084725,0.7284578539713424
Station 1,4630.0,4529.724837477434,-2.3979059516253436,0.7383408484178542
Station 1,4640.0,4505.906962208593,-2.3655697263301594,0.7482585071105663
Station 1,4650.0,4482.415436755886,-2.33263534028771,0.7582082947490243
Station 1,4660.0,4459.256261753372,-2.2990990472659503,0.7681874651869198
Station 1,4670.0,4436.435473534333,-2.2649574572125526,0.7781930487551659
Station 1,4680.0,4413.959140452447,-2.2302075595854207,0.7882218389106281
Station 1,4690.0,4391.833358967747,-2.1948467470788184,0.7982703781852909
Station 1,4700.0,4370.064249493658,-2.1588728396798986,0.8083349434124778
Station 1,4710.0,4348.657952002351,-2.122284108983167,0.8184115302094904
Station 1,4720.0,4327.620621386148,-2.0850793026832872,0.8284958366998378
Station 1,4730.0,4306.958422573757,-2.0472576691590954,0.8385832464634014
Station 1,4740.0,4286.677525400903,-2.008818982054434,0.8486688107096826
Station 1,4750.0,4266.784099235904,-1.9697635647539835,0.8587472296780682
Station 1,4760.0,4247.284307361912,-1.9300923146450852,0.8688128332802674
Station 1,4770.0,4228.1843011185065,-1.8898067270494798,0.8788595610141471
Station 1,4780.0,4209.490213806611,-1.848908918702157,0.888880941195725
Station 1,4790.0,4191.208154362001,-1.8074016506481403,0.8988700695776505
Station 1,4800.0,4173.344200803844,-1.765288350422115,0.9088195874488563
Station 1,4810.0,4155.904393466294,-1.7225731333705347,0.9187216593419202
Station 1,4820.0,4138.894728022381,-1.6792608229711776,0.9285679505129314
Station 1,4830.0,4122.321148311083,-1.6353569700013257,0.9383496044041585
Station 1,4840.0,4106.189538979817,-1.5908678704027923,0.9480572203534504
Station 1,4850.0,4090.5057179525934,-1.5458005816908127,0.9576808318767246
Station 1,4860.0,4075.275428515971,-1.500162937784722,0.9672098859056498
Station 1,4870.0,4060.5043316893,-1.4539635619795583,0.9766332235151359
Station 1,4880.0,4046.1979983561846,-1.4072118780551064,0.9859390626678093
Station 1,4890.0,4032.36190111322,-1.3599181193370666,0.9951149836553154
Station 1,4900.0,4019.001406141148,-1.312093335522259,1.0041479180517356
Station 1,4910.0,4006.1217650189947,-1.2637493971525204,1.0130241420860049
Station 1,4920.0,3993.728106505367,-1.214898997606237,1.021729275476004
Station 1,4930.0,3981.8254283123574,-1.165555652485709,1.0302482868949496
Station 1,4940.0,3970.4185888987104,-1.1157336962894628,1.0385655073634013
Station 1,4950.0,3959.512299309917,-1.0654482762710156,1.0466646529694186
Station 1,4960.0,3949.1111150938345,-1.0147153433997165,1.0545288584046646
Station 1,4970.0,3939.219428321212,-0.963551640354678,1.0621407228525237
Station 1,4980.0,3929.8414597410815,-0.911974686499854,1.0694823697603706
Station 1,4990.0,3920.981251101447,-0.8600027598064048,1.0765355219547177
Station 1,5000.0,3912.642657665897,-0.8076548757078867,1.0832815933967836
Station 1,5010.0,3904.829340956868,-0.7549507628941496,1.0897017986090853
Station 1,5020.0,3897.5447617560617,-0.7019108360709754,1.0957772804149555
Station 1,5030.0,3890.7921733922235,-0.648556165734228,1.1014892561114482
Station 1,5040.0,3884.574615345782,-0.5949084450294316,1.1068191815382378
Station 1,5050.0,3878.8949071991447,-0.5409899537899543,1.111748931718406
Station 1,5060.0,3873.7556429603205,-0.48682351986914896,1.1162609958525713
Station 1,5070.0,3869.1591857863177,-0.4324324779035845,1.1203386834831923
Station 1,5080.0,3865.1076631312603,-0.37784062566563903,1.123966337665263
Station 1,5090.0,3861.602962342525,-0.32307217818399714,1.127129550052895
Station 1,5100.0,3858.6467267262537,-0.2681517198296255,1.129815372019682
Station 1,5110.0,3856.2403521015967,-0.2131041545825213,1.1320125153600575
Station 1,5120.0,3854.3849838607543,-0.15795465471053083,1.1337115358499221
Station 1,5130.0,3853.081514549533,-0.10272860810560902,1.1349049930425346
Station 1,5140.0,3852.3305819805846,-0.04745156453507937,1.1355875801782036
Station 1,5150.0,3852.132567888898,0.007850818924879377,1.135756218996042
Station 1,5160.0,3852.4875971363745,0.06315283299862395,1.1354101155149232
Station 1,5170.0,3853.395537469549,0.11842877158365339,1.134550774420687
Station 1,5180.0,3854.855999831711,0.17365298710425192,1.133181971446324
Station 1,5190.0,3856.868339227847,0.22879994556416117,1.131309684928684
Station 1,5200.0,3859.431656138001,0.28384428101904824,1.1289419894310073
Station 1,5210.0,3862.54479847191,0.3387608491949312,1.1260889158078913
Station 1,5220.0,3866.206364042196,0.39352477999061075,1.122762283255468
Station 1,5230.0,3870.414703351855,0.44811152868496373,1.1189755096555847
Station 1,5240.0,3875.16792335704,0.5024969253761941,1.1147434069650017
Station 1,5250.0,3880.463891440225,0.5566572226313367,1.1100819682623826
Station 1,5260.0,3886.300239804943,0.610569141106802,1.1050081527664635
Station 1,5270.0,3892.674370378163,0.6642099128946869,1.0995396744818886
Station 1,5280.0,3899.583460133609,0.7175573224371713,1.0936947992711539
Station 1,5290.0,3907.0244668109453,0.7705897448536536,1.0874921542041593
Station 1,5300.0,3914.994135004285,0.8232861815465238,1.0809505520550085
Station 1,5310.0,3923.489002592273,0.8756262929732451,1.0740888328689107
Station 1,5320.0,3932.505407480992,0.9275904284946754,1.0669257236592808
Station 1,5330.0,3942.0394946301044,0.9791596532316714,1.0594797165484768
Station 1,5340.0,3952.087223332132,1.030315771884223,1.0517689650514752
Station 1,5350.0,3962.644374714401,1.0810413494889124,1.0438111977238897
Station 1,5360.0,3973.70655943303,1.1313197291115995,1.0356236480475964
Station 1,5370.0,3985.2692255284455,1.18113504649235,1.0272229991960933
Station 1,5380.0,3997.327666412137,1.230472241678891,1.0186253421905793
Station 1,5390.0,4009.8770289548606,1.279317067702801,1.0098461459084782
Station 1,5400.0,4022.9123216470675,1.3276560963694004,1.000900237420554
Station 1,5410.0,4036.428422803205,1.375476721247593,0.9918017911943027
Station 1,5420.0,4050.4200887823704,1.422767157959664,0.9825643257953485
Station 1,5430.0,4064.8819621989337,1.469516441883329,0.9732007068329814
Station 1,5440.0,4079.808580097907,1.5157144233889799,0.9637231550209174
Station 1,5450.0,4095.194382071066,1.5613517607440475,0.9541432583525217
Station 1,5460.0,4111.033718291269,1.6064199108239783,0.9444719875153408
Station 1,5470.0,4127.320857443749,1.6509111177751117,0.9347197137893014
Station 1,5480.0,4144.049994534704,1.6948183997791666,0.9248962287836886
Station 1,5490.0,4161.215258558984,1.738135534071974,0.9150107654687222
Station 1,5500.0,4178.810720010213,1.7808570403706128,0.9050720200476409
Station 1,5510.0,4196.83039821822,1.8229781628633006,0.895088174294639
Station 1,5520.0,4215.268268500205,1.8644948509155643,0.8850669180531697
Station 1,5530.0,4234.118269113579,1.9054037386439808,0.8750154716488195
Station 1,5540.0,4253.374307999918,1.9457021235058445,0.8649406080218232
Station 1,5550.0,4273.030269310913,1.9853879440491127,0.8548486744273402
Station 1,5560.0,4293.080019708662,2.024459756962278,0.8447456135876845
Station 1,5570.0,4313.517414433943,2.062916713558376,0.8346369842106991
Station 1,5580.0,4334.336303137525,2.100758535821444,0.8245279808131689
Station 1,5590.0,4355.530535400071,2.1379854921912305,0.8144234527988685
Station 1,5600.0,4377.093965974202,2.17459837318916,0.8043279227692117
Station 1,5610.0,4399.020460148554,2.2105984666608274,0.7942456041128657
Station 1,5620.0,4421.30389847432,2.2459875333137953,0.7841804177715068
Station 1,5630.0,4443.938181365844,2.2807677822792547,0.7741360082536927
Station 1,5640.0,4466.917233465901,2.314941846855581,0.7641157588970704
Station 1,5650.0,4490.235007769166,2.3485127605188834,0.754122806395789
Station 1,5660.0,4513.885489506983,2.381483933271955,0.7441600546145356
Station 1,5670.0,4537.862699797139,2.4138591283959534,0.734230187713086
Station 1,5680.0,4562.160699063067,2.4456424396621435,0.7243356826068512
Station 1,5690.0,4586.773590227318,2.4768382690543755,0.7144788207898922
Station 1,5700.0,4611.695521684754,2.5074513050465366,0.7046616995473024
Station 1,5710.0,4636.920690061185,2.5374865014729835,0.694886242583943
Station 1,5720.0,4662.4433427636395,2.5669490570242117,0.6851542100962358
Station 1,5730.0,4688.257780328654,2.5958443953944377,0.6754672083132431
Station 1,5740.0,4714.3583585753095,2.624178146102582,0.6658266985325932
Station 1,5750.0,4740.739490569837,2.651956126003364,0.6562340056760275
Station 1,5760.0,4767.3956484087985,2.6791843215005953,0.6466903263884834
Station 1,5770.0,4794.321364827981,2.705868871470732,0.6371967367036852
Station 1,5780.0,4821.511234644113,2.732016050900822,0.6277541992982738
Station 1,5790.0,4848.959916036653,2.757632255241565,0.6183635703555286
Station 1,5800.0,4876.662131676761,2.782723985472968,0.6090256060587856
Station 1,5810.0,4904.6126697106365,2.807297833877299,0.5997409687336889
Station 1,5820.0,4932.806384604256,2.8313604705113815,0.5905102326575039
Station 1,5830.0,4961.238197856496,2.854918630368151,0.5813338895527999
Station 1,5840.0,4989.903098587525,2.877979101215197,0.5722123537819633
Station 1,5850.0,5018.796144009118,2.9005487120964553,0.5631459672581568
Station 1,5860.0,5047.9124597835735,2.922634322481606,0.554135004087533
Station 1,5870.0,5077.247240277542,2.944242812046456,0.5451796749567794
Station 1,5880.0,5106.795748717118,2.9653810710665702,0.536280131279301
Station 1,5890.0,5136.55331725013,2.9860559914055056,0.5274364691127023
Station 1,5900.0,5166.51534692162,3.006274458078269,0.5186487328595395
Station 1,5910.0,5196.677307568054,3.026043341370178,0.5099169187627165
Station 1,5920.0,5227.034737635846,3.045369489490859,0.5012409782062831
Station 1,5930.0,5257.583243929356,3.0642597217428453,0.49262082083186515
Station 1,5940.0,5288.318501293481,3.082720822184203,0.484056317480404
Station 1,5950.0,5319.236252225697,3.1007595337729152,0.4755473029668903
Station 1,5960.0,5350.332306278206,3.1183825531005973,0.46709357867399487
Station 1,5970.0,5381.6025397698695,3.13559652525615,0.45869491505111665
Station 1,5980.0,5413.042895232178,3.1524080392691967,0.4503510539427333
Station 1,5990.0,5444.649380782245,3.168823623981341,0.4420617107772391
Station 1,6000.0,5476.418069504226,3.184849744251779,0.4338265766364709
Station 1,6010.0,5508.345098794082,3.200492797517846,0.4256453202055288
Station 1,6020.0,5540.426669671187,3.2157591106919683,0.41751758960924384
Station 1,6030.0,5572.659046060077,3.230654937377,0.40944301414130047
Station 1,6040.0,5605.038554045538,3.245186455382431,0.40142120589172453
Station 1,6050.0,5637.561581103938,3.259359764524543,0.39345176127814757
Station 1,6060.0,5670.22457531365,3.2731808846940784,0.385534262485995
Station 1,6070.0,5703.024044547174,3.2866557541756425,0.37766827882247106
Station 1,6080.0,5735.956555647464,3.299790228203591,0.369853367988964
Station 1,6090.0,5769.018733590771,3.3125900777397748,0.3620890772762723
Station 1,6100.0,5802.207260638217,3.32506098845908,0.35437494468680675
Station 1,6110.0,5835.518875478109,3.337208559929305,0.3467104999877335
Station 1,6120.0,5868.950372360943,3.349038304972494,0.3390952656988009
Station 1,6130.0,5902.498600228873,3.360555649195435,0.3315287580184089
Station 1,6140.0,5936.1604618413185,3.371765930677555,0.3240104876912996
Station 1,6150.0,5969.932912898232,3.382674399805072,0.3165399608210717
Station 1,6160.0,6003.812961162519,3.3932862192407374,0.30911667963054856
Station 1,6170.0,6037.797665582889,3.403606464019062,0.30174014317288933
Station 1,6180.0,6071.884135418429,3.4136401217574583,0.2944098479961655
Station 1,6190.0,6106.06952936598,3.4233920929741775,0.287125288764
Station 1,6200.0,6140.351054691425,3.432867191504455,0.27988595883471834
Station 1,6210.0,6174.725966365785,3.442070145006713,0.2726913508013453
Station 1,6220.0,6209.191566207108,3.4510055955511443,0.26554095699464175
Station 1,6230.0,6243.745202028835,3.4596781002834125,0.25843426995128843
Station 1,6240.0,6278.384266795489,3.468092132156631,0.25137078284918474
Station 1,6250.0,6313.1061977862855,3.4762520807252018,0.24434998991174417
Station 1,6260.0,6347.908475767288,3.4841622529944454,0.2373713867829683
Station 1,6270.0,6382.788624172681,3.491826874320343,0.2304344708749759
Station 1,6280.0,6417.744208295594,3.4992500893540517,0.22353874168958954
Station 1,6290.0,6452.772834488962,3.5064359630262154,0.2166837011154875
Station 1,6300.0,6487.872149376754,3.5133884815663485,0.20986885370235173
Station 1,6310.0,6523.0398390759865,3.520111553552953,0.20309370691336434
Station 1,6320.0,6558.273628324599,3.5266090110748154,0.19635777134219753
Station 1,6330.0,6593.5712797520255,3.5328846108197753,0.18966056092798453
Station 1,6340.0,6628.930593265373,3.5389420350861354,0.1830015931695338
Station 1,6350.0,6664.349405220301,3.544784892992421,0.17638038928992592
Station 2,9970.0,6657.734861349573,-3.627424361827468,0.1751124429850477
Station 2,9980.0,6621.482815822898,-3.6229524360029353,0.18187335021602757
Station 2,9990.0,6585.276463775488,-3.618285126927846,0.18867684521679948
Station 2,10000.0,6549.117775853267,-3.61341903693092,0.19552357826595212
Station 2,10010.0,6513.008757180218,-3.608350692239384,0.2024142101102787
Station 2,10020.0,6476.951447999615,-3.6030765414731265,0.20934941206084445
Station 2,10030.0,6440.947924458318,-3.5975929540645937,0.2163298660989416
Station 2,10040.0,6405.000299408428,-3.591896218669528,0.2233562649777948
Station 2,10050.0,6369.110723224536,-3.585982541571585,0.23042931231935013
Station 2,10060.0,6333.28138463666,-3.5798480450831613,0.2375497227056471
Station 2,10070.0,6297.514511578875,-3.57348876594506,0.24471822176424315
Station 2,10080.0,6261.812372053684,-3.566900653727813,0.2519355462471189
Station 2,10090.0,6226.177275012117,-3.560079569237778,0.259202444102465
Station 2,10100.0,6190.611571249497,-3.5530212829314083,0.26651967453870834
Station 2,10110.0,6155.117654316796,-3.5457214733413482,0.2738880080801077
Station 2,10120.0,6119.697961447496,-3.5381757255184283,0.2813082266131882
Station 2,10130.0,6084.354974499782,-3.530379529493833,0.28878112342326645
Station 2,10140.0,6049.091220913859,-3.522328278766217,0.2963075032202543
Station 2,10150.0,6013.909274684179,-3.514017268818822,0.30388818215289315
Station 2,10160.0,5978.811757346253,-3.5054416956721086,0.31152398781052265
Station 2,10170.0,5943.801338977705,-3.4965966544778384,0.31921575921143236
Station 2,10180.0,5908.88073921319,-3.4874771381609633,0.3269643467767958
Station 2,10190.0,5874.0527282726325,-3.478078036116221,0.33477061228913835
Station 2,10200.0,5839.320128002293,-3.468394132966775,0.34263542883422393
Station 2,10210.0,5804.685812928046,-3.458420107392802,0.3505596807251958
Station 2,10220.0,5770.152711320123,-3.448150531038518,0.35854426340774326
Station 2,10230.0,5735.723806268571,-3.437579867506654,0.36659008334500864
Station 2,10240.0,5701.402136768551,-3.4267024714500725,0.37469805788087696
Station 2,10250.0,5667.190798814457,-3.4155125877708374,0.3828691150802416
Station 2,10260.0,5633.092946501821,-3.4040043509377123,0.39110419354475223
Station 2,10270.0,5599.11179313579,-3.3921717844338137,0.3994042422024979
Station 2,10280.0,5565.250612344845,-3.3800088003468165,0.40777022007000735
Station 2,10290.0,5531.512739198346,-3.3675091991149197,0.4162030959848694
Station 2,10300.0,5497.901571326307,-3.354666669442582,0.4247038483072146
Station 2,10310.0,5464.420570039698,-3.3414747884007805,0.43327346458822097
Station 2,10320.0,5431.073261449391,-3.3279270217275236,0.4419129412037306
Station 2,10330.0,5397.863237581721,-3.3140167243450502,0.45062328295100845
Station 2,10340.0,5364.794157488456,-3.2997371411112315,0.4594055026065752
Station 2,10350.0,5331.869748341044,-3.2850814078273642,0.46826062044215405
Station 2,10360.0,5299.093806324448,-3.270042552608124,0.4771896636779134
Station 2,10370.0,5266.470197914104,-3.254613497339368,0.4861936659337829
Station 2,10380.0,5234.002860945991,-3.2387870595611843,0.49527366660935496
Station 2,10390.0,5201.695805586742,-3.222555954717796,0.5044307102065568
Station 2,10400.0,5169.553115344166,-3.2059127987316653,0.5136658456068816
Station 2,10410.0,5137.578948049821,-3.1888501109601664,0.5229801252933609
Station 2,10420.0,5105.777536809638,-3.171360317559645,0.5323746045147552
Station 2,10430.0,5074.153190918495,-3.1534357552827346,0.5418503403893495
Station 2,10440.0,5042.710296734221,-3.1350686757355546,0.5514083909457438
Station 2,10450.0,5011.453318506341,-3.116251250122335,0.5610498140979856
Station 2,10460.0,4980.386799154584,-3.09697557450579,0.5707756665523614
Station 2,10470.0,4949.515360991843,-3.077233675612253,0.5805870026431754
Station 2,10480.0,4918.843706386048,-3.0570175172113236,0.5904848730948263
Station 2,10490.0,4888.376618355048,-3.0363190071002206,0.6004703237075291
Station 2,10500.0,4858.118961088378,-3.015130004723635,0.6105443939640337
Station 2,10510.0,4828.0756803893755,-2.9934423294600387,0.6207081155547663
Station 2,10520.0,4798.251804030908,-2.971247769605773,0.630962510818852
Station 2,10530.0,4768.652442017598,-2.9485380920881488,0.6413085910985808
Station 2,10540.0,4739.282786747102,-2.925305052938641,0.6517473550049795
Station 2,10550.0,4710.14811306279,-2.9015404085569996,0.6622797865922524
Station 2,10560.0,4681.253778189738,-2.877235927796364,0.6729068534390381
Station 2,10570.0,4652.605221545785,-2.8523834048987613,0.6836295046345626
Station 2,10580.0,4624.207964418986,-2.8269746733091488,0.6944486686679993
Station 2,10590.0,4596.067609502628,-2.8010016203947727,0.7053652512195571
Station 2,10600.0,4568.189840278667,-2.774456203094844,0.7163801328520709
Station 2,10610.0,4540.580420240212,-2.7473304645234276,0.7274941666021582
Station 2,10620.0,4513.245191943448,-2.719616551545845,0.7387081754703322
Station 2,10630.0,4486.19007587926,-2.691306733346074,0.7500229498097867
Station 2,10640.0,4459.421069154601,-2.662393420999119,0.7614392446139601
Station 2,10650.0,4432.944243973547,-2.6328691880585775,0.7729577767034
Station 2,10660.0,4406.765745907914,-2.602726792165185,0.7845792218128723
Station 2,10670.0,4380.891791947288,-2.571959197677316,0.796304211580133
Station 2,10680.0,4355.328668318259,-2.5405595993189265,0.8081333304382833
Station 2,10690.0,4330.082728062854,-2.5085214468345134,0.820067112414112
Station 2,10700.0,4305.1603883661855,-2.475838470634057,0.832106037835381
Station 2,10710.0,4280.568127623579,-2.442504708403791,0.8442505299505454
Station 2,10720.0,4256.312482143783,-2.4085145326880264,0.8565009514572037
Station 2,10730.0,4232.4000425749355,-2.3738626793479916,0.8688576009545441
Station 2,10740.0,4208.837450399904,-2.338544276735478,0.8813207093491984
Station 2,10750.0,4185.631393727419,-2.302554875822964,0.893890436157503
Station 2,10760.0,4162.788602909625,-2.2658904809880145,0.9065668657580211
Station 2,10770.0,4140.315845853606,-2.228547581433586,0.9193500035882719
Station 2,10780.0,4118.219923015497,-2.190523183156492,0.9322397722916302
Station 2,10790.0,4096.507662072244,-2.1518148413628326,0.9452360078208333
Station 2,10800.0,4075.1859122670803,-2.112420693217412,0.9583384555043606
Station 2,10810.0,4054.2615384260553,-2.072339490802619,0.9715467660814545
Station 2,10820.0,4033.741414644177,-2.031570634150168,0.9848604917107314
Station 2,10830.0,4013.6324176412327,-1.990114204197269,0.9982790819560426
Station 2,10840.0,3993.941419788838,-1.9479709955070716,1.0118018797513477
Station 2,10850.0,3974.675281811967,-1.9051425485816367,1.0254281173437487
Station 2,10860.0,3955.8408451699643,-1.8616311815847306,1.0391569122102098
Station 2,10870.0,3937.4449241239554,-1.8174400212811892,1.0529872629386534
Station 2,10880.0,3919.4942974995006,-1.7725730329898917,1.0669180450576676
Station 2,10890.0,3901.995700155484,-1.7270350493386895,1.0809480067904866
Station 2,10900.0,3884.955814172312,-1.6808317976019813,1.095075764697618
Station 2,10910.0,3868.3812597748056,-1.6339699253953501,1.109299799157539
Station 2,10920.0,3852.2785860073636,-1.5864570244970115,1.1236184496151054
Station 2,10930.0,3836.654261181368,-1.5383016525627982,1.1380299095010045
Station 2,10940.0,3821.5146631170987,-1.4895133525002977,1.152532220690429
Station 2,10950.0,3806.866069204791,-1.4401026692689474,1.1671232673217697
Station 2,10960.0,3792.7146463117747,-1.3900811638760655,1.181800768731835
Station 2,10970.0,3779.0664405648986,-1.339461424344575,1.1965622711759631
Station 2,10980.0,3765.9273670396733,-1.28825707343655,1.2114051378791892
Station 2,10990.0,3753.30319938965,-1.2364827729275176,1.226326536793272
Station 2,11000.0,3741.1995594515356,-1.1841542242401928,1.2413234251908323
Station 2,11010.0,3729.6219068633986,-1.1312881652626374,1.2563925298766188
Station 2,11020.0,3718.5755287349402,-1.077902363194971,1.2715303212815217
Station 2,11030.0,3708.0655294102926,-1.0240156032905467,1.2867329789383475
Station 2,11040.0,3698.0968203650004,-0.969647673381884,1.301996344674491
Station 2,11050.0,3688.6741102798164,-0.9148193441083854,1.3173158580529019
Station 2,11060.0,3679.8018953345995,-0.859552344791938,1.3326864657335666
Station 2,11070.0,3671.484449766041,-0.8038693349375449,1.3481024917811897
Station 2,11080.0,3663.725816701105,-0.7477938713686416,1.3635574481813044
Station 2,11090.0,3656.5297991664816,-0.6913503710244562,1.3790437514507348
Station 2,11100.0,3649.89995199885,-0.6345640695138661,1.3945522873653244
Station 2,11110.0,3643.839573799655,-0.5774609755686919,1.4100717215095426
Station 2,11120.0,3638.3516994149154,-0.5200678215011396,1.4255873673942296
Station 2,11130.0,3633.4390929656743,-0.46241200986744396,1.441079248114012
Station 2,11140.0,3629.1042414293884,-0.40452155655992433,1.45651860613536
Station 2,11150.0,3625.349348806777,-0.3464250305815031,1.4718612286540464
Station 2,11160.0,3622.176330905928,-0.2881514907883509,1.4870337186444051
Station 2,11170.0,3619.5868107724414,-0.2297304199159173,1.5019026552714188
Station 2,11180.0,3617.5821147911483,-0.17119165623037585,1.5161977542028324
Station 2,11190.0,3616.1632694813425,-0.11256532317135545,1.5292992559966943
Station 2,11200.0,3615.3309990037706,-0.05388175737204379,1.5396411135482635
Station 2,11210.0,3615.0857233936144,0.004828564540488078,1.5438206164137733
Station 2,11220.0,3615.427557529652,0.06353509994953074,1.5392787912189239
Station 2,11230.0,3616.3563108455746,0.12220731463393547,1.52875672915673
Station 2,11240.0,3617.8714877851708,0.18081475710666411,1.5155808456634574
Station 2,11250.0,3619.9722889988243,0.23932713247960677,1.5012533525966019
Station 2,11260.0,3622.6576132745095,0.2977143754324794,1.4863698546512005
Station 2,11270.0,3625.9260601922956,0.3559467218727458,1.4711915572622087
Station 2,11280.0,3629.7759334873185,0.41399477888707925,1.4558480733262922
Station 2,11290.0,3634.205245102238,0.47182959260210433,1.4404110156313656
Station 2,11300.0,3639.2117199064915,0.5294227135933682,1.4249236776253875
Station 2,11310.0,3644.792801056178,0.5867462595058875,1.4094143033224102
Station 2,11320.0,3650.94565596514,0.643772974577097,1.3939025618417349
Station 2,11330.0,3657.6671828549074,0.7004762857829715,1.3784029429881999
Station 2,11340.0,3664.9540178484826,0.7568303553602894,1.3629266476779491
Station 2,11350.0,3672.802542570687,0.8128101294917429,1.347482694126948
Station 2,11360.0,3681.2088922158005,0.8683913829755101,1.3320785928410108
Station 2,11370.0,3690.168964041622,0.9235507597366472,1.316720773423085
Station 2,11380.0,3699.678426247847,0.9782658090733304,1.3014148628273217
Station 2,11390.0,3709.732727195712,1.0325150175667153,1.2861658716405193
Station 2,11400.0,3720.327104925396,1.086277836618048,1.2709783217319974
Station 2,11410.0,3731.456596927396,1.1395347056104645,1.2558563355664336
Station 2,11420.0,3743.116050124272,1.19226707072534,1.2408036998920664
Station 2,11430.0,3755.3001310195887,1.2444573994736816,1.2258239119725651
Station 2,11440.0,3768.0033359643558,1.2960891910358032,1.2109202137308754
Station 2,11450.0,3781.2200013183797,1.3471469826403295,1.1960956173889927
Station 2,11460.0,3794.944314056758,1.3976163517785973,1.1813529251127386
Station 2,11470.0,3809.170322183453,1.44748391472072,1.1666947443242872
Station 2,11480.0,3823.8919450314434,1.4967373214926925,1.1521234998853986
Station 2,11490.0,3839.1029835636173,1.545365247410099,1.1376414440215972
Station 2,11500.0,3854.797130572267,1.5933573814128617,1.1232506645979776
Station 2,11510.0,3870.967980746353,1.6407044114192084,1.1089530921938664
Station 2,11520.0,3887.6090405778737,1.6873980069247394,1.094750506303223
Station 2,11530.0,3904.7137380809977,1.7334307990775981,1.0806445409008227
Station 2,11540.0,3922.275432299946,1.7787963584636428,1.0666366895508752
Station 2,11550.0,3940.2874225839128,1.8234891708359524,1.0527283101880436
Station 2,11560.0,3958.742957609699,1.86750461102158,1.0389206296661777
Station 2,11570.0,3977.635244135046,1.9108389152350373,1.0252147481440832
Station 2,11580.0,3996.9574554678634,1.9534891520228812,1.011611643358214
Station 2,11590.0,4016.702739638853,1.995453192057199,0.9981121748173826
Station 2,11600.0,4036.8642272670772,2.0367296769879317,0.9847170879434834
Station 2,11610.0,4057.435039110156,2.0773179875549204,0.9714270181737711
Station 2,11620.0,4078.408293292657,2.1172182111507145,0.9582424950338946
Station 2,11630.0,4099.77711220817,2.1564311090145405,0.9451639461860973
Station 2,11640.0,4121.534629092262,2.194958083226603,0.9321917014534812
Station 2,11650.0,4143.67399426513,2.232801143660362,0.9193259968186176
Station 2,11660.0,4166.188381044363,2.26996287503863,0.9065669783929597
Station 2,11670.0,4189.070991329495,2.3064464042273385,0.8939147063522482
Station 2,11680.0,4212.315060861427,2.342255367889036,0.8813691588322825
Station 2,11690.0,4235.913864160894,2.377393880606358,0.8689302357789768
Station 2,11700.0,4259.8607191512,2.4118665035742133,0.8565977627464361
Station 2,11710.0,4284.148991471387,2.445678213948267,0.8443714946368124
Station 2,11720.0,4308.77209848681,2.4788343749264126,0.832251119375892
Station 2,11730.0,4333.723513004831,2.511340706629648,0.8202362615186697
Station 2,11740.0,4358.996766703899,2.54320325783885,0.808326485779568
Station 2,11750.0,4384.585453284861,2.57442837863466,0.7965213004823987
Station 2,11760.0,4410.483231353749,2.6050226939788477,0.7848201609256947
Station 2,11770.0,4436.683827045611,2.6349930782673914,0.7732224726595299
Station 2,11780.0,4463.181036399241,2.664346630877879,0.7617275946704899
Station 2,11790.0,4489.968727492832,2.6930906527267746,0.7503348424719952
Station 2,11800.0,4517.040842350568,2.7212326238458675,0.7390434910976509
Station 2,11810.0,4544.391398491821,2.7487801821041087,0.7278527779754806
Station 2,11820.0,4572.014490488334,2.775741102775452,0.716761905730694
Station 2,11830.0,4599.904291352582,2.802123279070919,0.7057700448960366
Station 2,11840.0,4628.05505353391,2.8279347038565072,0.6948763364904426
Station 2,11850.0,4656.461109830323,2.8531834522826487,0.6840798945088802
Station 2,11860.0,4685.116874130905,2.877877665383923,0.6733798083111161
Station 2,11870.0,4714.016841998475,2.902025534628101,0.662775144910101
Station 2,11880.0,4743.155591101921,2.925635287391139,0.6522649511609709
Station 2,11890.0,4772.527781507429,2.948715173332685,0.6418482558519514
Station 2,11900.0,4802.128155837462,2.9712734516449415,0.6315240716986983
Station 2,11910.0,4831.951539306186,2.993318379146374,0.621291397243836
Station 2,11920.0,4861.992839639664,3.0148581991907095,0.6111492186636275
Station 2,11930.0,4892.247046888864,3.035901131360805,0.6010965114839102
Station 2,11940.0,4922.7092331432295,3.0564553619164934,0.5911322422075432
Station 2,11950.0,4953.374552152234,3.0765290349651715,0.5812553698557529
Station 2,11960.0,4984.238238862028,3.0961302443237537,0.5714648474258494
Station 2,11970.0,5015.295608873995,3.115267026040728,0.5617596232678662
Station 2,11980.0,5046.542057831667,3.133947351547213,0.5521386423827438
Station 2,11990.0,5077.97306074221,3.1521791214063257,0.5426008476447053
Station 2,12000.0,5109.584171238301,3.169970159630618,0.5331451809505128
Station 2,12010.0,5141.371020786035,3.1873282085379344,0.5237705842982889
Station 2,12020.0,5173.329317844038,3.2042609241167184,0.5144760007986152
Station 2,12030.0,5205.4548469788515,3.2207758718725303,0.5052603756205744
Station 2,12040.0,5237.743467941245,3.2368805231283466,0.4961226568754077
Station 2,12050.0,5270.191114707901,3.2525822517520684,0.487061796440421
Station 2,12060.0,5302.793794492642,3.2678883312855866,0.4780767507257185
Station 2,12070.0,5335.547586731121,3.282805932450576,0.46916648138633127
Station 2,12080.0,5368.448642042612,3.297342121007281,0.4603299559822266
Station 2,12090.0,5401.493181172385,3.311503855943353,0.45156614858863486
Station 2,12100.0,5434.677493917828,3.3252979879708713,0.44287404035908956
Station 2,12110.0,5467.997938041329,3.338731258310566,0.43425262004348053
Station 2,12120.0,5501.450938172711,3.351810297743249,0.42570088446338394
Station 2,12130.0,5535.032984703785,3.364541625909383,0.41721783894684433
Station 2,12140.0,5568.7406326774335,3.3769316508386247,0.40880249772472305
Station 2,12150.0,5602.57050067347,3.3889866686921373,0.40045388429064976
Station 2,12160.0,5636.519269693271,3.400712863701302,0.39217103172655243
Station 2,12170.0,5670.5836819963015,3.412116308330172,0.38395298298813607
Station 2,12180.0,5704.760539875716,3.4232029636684995,0.37579879114829284
Station 2,12190.0,5739.04670478408,3.4339786796679097,0.36770751966588067
Station 2,12200.0,5773.439096123631,3.4444491958075485,0.3596782425763729
Station 2,12210.0,5807.934690136108,3.4546201418143063,0.35171004466949396
Station 2,12220.0,5842.530518811599,3.4644970384893203,0.34380202164435353
Station 2,12230.0,5877.223668805738,3.4740852986399964,0.33595328024178006
Station 2,12240.0,5912.011280366233,3.483390228107299,0.328162938355267
Station 2,12250.0,5946.890546269731,3.4924170268788086,0.3204301251218697
Station 2,12260.0,5981.858710769847,3.5011707902785463,0.31275398099433543
Station 2,12270.0,6016.913068557155,3.509656510225245,0.30513365779568347
Station 2,12280.0,6052.050963731802,3.5178790765511936,0.2975683187574015
Station 2,12290.0,6087.269788789358,3.5258432783743943,0.2900571385423604
Station 2,12300.0,6122.566983620476,3.533553805517228,0.2825993032534986
Station 2,12310.0,6157.940034524778,3.541015249965285,0.27519401042927283
Station 2,12320.0,6193.38647323944,3.5482321073605103,0.2678404690268191
Station 2,12330.0,6228.903875982785,3.555208778523163,0.2605378993937271
Station 2,12340.0,6264.489862513179,3.561949570997595,0.25328553322927383
Station 2,12350.0,6300.142095203533,3.568458700617107,0.24608261353591643
Station 2,12360.0,6335.858278131542,3.5747402930835985,0.23892839456181553
Station 2,12370.0,6371.636156185872,3.5807983855580034,0.23182214173510024
Station 2,12380.0,6407.473514188395,3.5866369282578536,0.22476313159055625
Station 2,12390.0,6443.368176032551,3.5922597860585666,0.2177506516893784
Station 2,12400.0,6479.318003837893,3.597670740095389,0.2107840005325937
Station 2,12410.0,6515.320897120849,3.60287348936313,0.20386248746871963
Station 2,12420.0,6551.3747919816515,3.607871652311112,0.19698543259620038
Station 2,12430.0,6587.47766030743,3.6126687684309466,0.19015216666112378
Station 2,12440.0,6623.627508991395,3.6172682998350085,0.1833620309506889
Station 2,12450.0,6659.822379168041,3.6216736328236507,0.17661437718287792
Station 1,14780.0,6669.222402402878,-3.5772693593893514,0.17639375094268872
Station 1,14790.0,6633.472693774038,-3.5726405730913293,0.18306552245465157
Station 1,14800.0,6597.77023217981,-3.567819411955899,0.18977806272943712
Station 1,14810.0,6562.116957740029,-3.562802589171959,0.1965319706482025
Station 1,14820.0,6526.514843798304,-3.55758674632424,0.20332785389591743
Station 1,14830.0,6490.965897646166,-3.5521684519911596,0.21016632901341725
Station 1,14840.0,6455.47216126107,-3.5465442003374434,0.2170480214432597
Station 1,14850.0,6420.035712058176,-3.540710409703501,0.22397356556886042
Station 1,14860.0,6384.6586636560105,-3.5346634211937658,0.23094360474632328
Station 1,14870.0,6349.343166656053,-3.528399497266349,0.23795879132836847
Station 1,14880.0,6314.091409436171,-3.5219148203266526,0.24501978667970556
Station 1,14890.0,6278.905618957957,-3.5152054913277535,0.252127261183171
Station 1,14900.0,6243.788061587848,-3.5082675283806486,0.25928189423590264
Station 1,14910.0,6208.741043931981,-3.501096865377716,0.26648437423477445
Station 1,14920.0,6173.766913684632,-3.493689350633001,0.27373539855028545
Station 1,14930.0,6138.868060490114,-3.486040745543262,0.2810356734880195
Station 1,14940.0,6104.046916817914,-3.4781467232739898,0.2883859142367763
Station 1,14950.0,6069.3059588508395,-3.4700028674749905,0.2957868448023824
Station 1,14960.0,6034.647707385893,-3.4616046710304,0.3032391979261676
Station 1,14970.0,6000.074728747529,-3.4529475348484615,0.3107437149870085
Station 1,14980.0,5965.589635712934,-3.4440267666966973,0.3183011458857879
Station 1,14990.0,5931.195088448836,-3.434837580088588,0.3259122489110556
Station 1,15000.0,5896.893795459398,-3.4253750932282445,0.33357779058459713
Station 1,15010.0,5862.688514544571,-3.4156343280200714,0.3412985454855522
Station 1,15020.0,5828.582053768293,-3.4056102091508476,0.349075296051645
Station 1,15030.0,5794.5772724358085,-3.3952975632521767,0.35690883235601006
Station 1,15040.0,5760.677082079298,-3.384691118151787,0.36479995185800795
Station 1,15050.0,5726.88444745096,-3.3737855022226926,0.3727494591263443
Station 1,15060.0,5693.202387522523,-3.362575243839793,0.38075816553271086
Station 1,15070.0,5659.633976490162,-3.3510547709541343,0.38882688891406525
Station 1,15080.0,5626.182344783598,-3.3392184107955827,0.3969564532015701
Station 1,15090.0,5592.850680078103,-3.3270603897153963,0.4051476880141103
Station 1,15100.0,5559.6422283080365,-3.3145748331808003,0.41340142821417675
Station 1,15110.0,5526.560294680307,-3.301755765934346,0.42171851342381617
Station 1,15120.0,5493.608244680728,-3.288597112334249,0.430099787497611
Station 1,15130.0,5460.789504887674,-3.2750926969758605,0.43854609793115656
Station 1,15140.0,5428.107564155281,-3.2612362453305863,0.44705829526338525
Station 1,15150.0,5395.565974638018,-3.2470213846987717,0.4556372324090518
Station 1,15160.0,5363.168352696743,-3.232441645447416,0.46428376392758897
Station 1,15170.0,5330.918379863067,-3.217490462467743,0.472998745243411
Station 1,15180.0,5298.819803787429,-3.2021611769080027,0.48178303180624643
Station 1,15190.0,5266.876439168115,-3.1864470382003534,0.49063747818802067
Station 1,15200.0,5235.0921686581105,-3.1703412064013405,0.49956293711266203
Station 1,15210.0,5203.470943746638,-3.15383675486632,0.5085602584149905
Station 1,15220.0,5172.016785611923,-3.1369266732789662,0.5176302879246545
Station 1,15230.0,5140.733785941547,-3.119603871057662,0.5267738662708757
Station 1,15240.0,5109.626107716531,-3.101861181161419,0.5359918276035237
Station 1,15250.0,5078.697985955093,-3.083691364318545,0.545284998225804
Station 1,15260.0,5047.953728411693,-3.065087113702013,0.5546541951335965
Station 1,15270.0,5017.39771622688,-3.0460410600760213,0.5641002244561795
Station 1,15280.0,4987.034404523071,-3.0265457774388276,0.5736238797928072
Station 1,15290.0,4956.8683229412545,-3.0065937891873356,0.5832259404392609
Station 1,15300.0,4926.904076113264,-2.9861775748293584,0.592907169498161
Station 1,15310.0,4897.146344064074,-2.965289577269693,0.6026683118664432
Station 1,15320.0,4867.599882538274,-2.943922210696365,0.6125100920929828
Station 1,15330.0,4838.26952324464,-2.9220678690933743,0.622433212098904
Station 1,15340.0,4809.160174012428,-2.8997189354062303,0.6324383487525969
Station 1,15350.0,4780.276818852772,-2.8768677913862066,0.6425261512909219
Station 1,15360.0,4751.624517918353,-2.8535068281388796,0.6526972385774464
Station 1,15370.0,4723.208407354148,-2.829628457401755,0.6629521961878767
Station 1,15380.0,4695.033699031965,-2.8052251235750285,0.6732915733120621
Station 1,15390.0,4667.105680161103,-2.7802893165282363,0.6837158794610805
Station 1,15400.0,4639.429712767372,-2.7548135852043822,0.694225580966907
Station 1,15410.0,4612.011233032379,-2.7287905520412066,0.704821097261063
Station 1,15420.0,4584.855750484952,-2.702212928227506,0.7155027969173252
Station 1,15430.0,4557.968847036237,-2.6750735298099304,0.7262709934421477
Station 1,15440.0,4531.356175849997,-2.6473652946631185,0.7371259407947205
Station 1,15450.0,4505.023460039483,-2.619081300332974,0.7480678286166745
Station 1,15460.0,4478.976491182115,-2.590214782759365,0.7590967771492201
Station 1,15470.0,4453.221127643255,-2.5607591558808593,0.7702128318128723
Station 1,15480.0,4427.763292700302,-2.530708032119626,0.7814159574219851
Station 1,15490.0,4402.608972405389,-2.500055243762202,0.7927060319979975
Station 1,15500.0,4377.764213117108,-2.4687948652378187,0.8040828401426692
Station 1,15510.0,4353.235119267328,-2.436921236052414,0.8155460659804735
Station 1,15520.0,4329.027850478168,-2.4044289847323475,0.827095285543437
Station 1,15530.0,4305.148618532845,-2.3713130535065403,0.8387299585974456
Station 1,15540.0,4281.603684114269,-2.3375687237338,0.8504494198415106
Station 1,15550.0,4258.399353285438,-2.303191642038997,0.862252869409861
Station 1,15560.0,4235.541973704805,-2.268177847105256,0.8741393625982187
Station 1,15570.0,4213.037930570336,-2.232523797061039,0.8861077987233886
Station 1,15580.0,4190.893642286733,-2.19622639739217,0.8981569090109678
Station 1,15590.0,4169.11555585092,-2.159283029299825,0.9102852433890434
Station 1,15600.0,4147.710141951854,-2.1216915784161063,0.9224911560457906
Station 1,15610.0,4126.6838897815205,-2.083450463779198,0.9347727895852962
Station 1,15620.0,4106.043301555144,-2.0445586669604814,0.947128057587951
Station 1,15630.0,4085.7948867396717,-2.0050157612259802,0.959554625348739
Station 1,15640.0,4065.945155990844,-1.9648219406049394,0.9720498885274216
Station 1,15650.0,4046.5006148005145,-1.9239780487285252,0.984610949398063
Station 1,15660.0,4027.4677568572556,-1.8824856072922982,0.9972345903298967
Station 1,15670.0,4008.853057124843,-1.840346843987036,1.0099172440656288
Station 1,15680.0,3990.6629646447723,-1.7975647197339648,1.02265496028478
Station 1,15690.0,3972.903895070661,-1.7541429550524867,1.0354433678461998
Station 1,15700.0,3955.5822229441583,-1.7100860553814305,1.0482776319924756
Station 1,15710.0,3938.704273723775,-1.6653993351686032,1.06115240566634
Station 1,15720.0,3922.2763155799435,-1.6200889405383339,1.0740617739312885
Station 1,15730.0,3906.3045509715707,-1.5741618703428726,1.086999190301003
Station 1,15740.0,3890.795108021226,-1.5276259954009856,1.099957403559779
Station 1,15750.0,3875.754031708171,-1.4804900757262422,1.1129283733935036
Station 1,15760.0,3861.1872749003346,-1.4327637755482119,1.1259031728421827
Station 1,15770.0,3847.1006892483438,-1.384457675932472,1.1388718752254656
Station 1,15780.0,3833.5000159665974,-1.3355832848097378,1.1518234227782913
Station 1,15790.0,3820.3908765282854,-1.2861530442311988,1.164745473764054
Station 1,15800.0,3807.778763302989,-1.2361803346756393,1.1776242243130255
Station 1,15810.0,3795.669030167212,-1.1856794762449865,1.1904442006799552
Station 1,15820.0,3784.0668831197863,-1.1346657265978863,1.2031880170604854
Station 1,15830.0,3772.9773709354617,-1.0831552754862428,1.215836093613543
Station 1,15840.0,3762.4053758913105,-1.0311652357771002,1.2283663290141285
Station 1,15850.0,3752.355604597682,-0.9787136308621276,1.2407537218856837
Station 1,15860.0,3742.8325787786785,-0.9258193783853522,1.2529699361110798
Station 1,15870.0,3733.840626608609,-0.8725022701813328,1.2649828067735163
Station 1,15880.0,3725.383874143065,-0.8187829484866297,1.27675578687095
Station 1,15890.0,3717.4662368685704,-0.7646828783756981,1.2882473410661517
Station 1,15900.0,3710.0914116303925,-0.7102243164381584,1.2994103027322053
Station 1,15910.0,3703.2628688916543,-0.6554302757634898,1.3101912260357276
Station 1,15920.0,3696.9838453602993,-0.6003244873168839,1.3205297875456492
Station 1,15930.0,3691.257337019478,-0.5449313578195488,1.330358323284036
Station 1,15940.0,3686.086092595663,-0.4892759242761623,1.3396016273515012
Station 1,15950.0,3681.472607497187,-0.4333838053210757,1.3481771842056414
Station 1,15960.0,3677.419118254106,-0.3772811495832229,1.3559960494721284
Station 1,15970.0,3673.9275974881007,-0.3209945812963434,1.3629646162652103
Station 1,15980.0,3670.9997494387694,-0.26455114340676267,1.3689874780735205
Station 1,15990.0,3668.6370060700146,-0.20797823845418928,1.3739714927886981
Station 1,16000.0,3666.840523777362,-0.15130356752221907,1.3778309421480548
Station 1,16010.0,3665.611180714008,-0.09455506757374788,1.3804933775645927
Station 1,16020.0,3664.9495747501223,-0.03776084750215014,1.3819054163943163
Station 1,16030.0,3664.8560220766217,0.01905087675829714,1.3820375298737742
Station 1,16040.0,3665.3305564610605,0.07585184771013936,1.3808868836286614
Station 1,16050.0,3666.3729291598247,0.13261383199998583,1.3784776168342545
Station 1,16060.0,3667.9826094871264,0.18930868599459139,1.3748584975748213
Station 1,16070.0,3670.1587860377435,0.24590842086617226,1.3700984674383592
Station 1,16080.0,3672.9003685568773,0.30238526683233286,1.3642809719114182
Station 1,16090.0,3676.205990446943,0.3587117362041996,1.3574980549274194
Station 1,16100.0,3680.0740118977606,0.414860684908056,1.3498450130219861
Station 1,16110.0,3684.502523623287,0.4708053721605704,1.3414160872935823
Station 1,16120.0,3689.489351184943,0.5265195179954665,1.3323013553214433
Station 1,16130.0,3695.03205987866,0.5819773583599794,1.3225847531354633
Station 1,16140.0,3701.127960160057,0.6371536975221181,1.3123430305863033
Station 1,16150.0,3707.774113579688,0.6920239575547836,1.3016454035344902
Station 1,16160.0,3714.967339198111,0.7465642246891745,1.2905536809703597
Station 1,16170.0,3722.704220448555,0.8007512923578467,1.2791226854578226
Station 1,16180.0,3730.9811124133325,0.8545627007765638,1.2674008315594938
Station 1,16190.0,3739.7941494787733,0.907976772943425,1.2554307686957469
Station 1,16200.0,3749.1392533323665,0.9609726469632679,1.2432500281961256
Station 1,16210.0,3759.0121412650574,1.0135303046347761,1.2308916387443798
Station 1,16220.0,3769.4083346418242,1.0656305963168682,1.2183846912588097
Station 1,16230.0,3780.3231676379455,1.117255262022619,1.205754845258123
Station 1,16240.0,3791.751796477677,1.1683869485819829,1.1930247755636212
Station 1,16250.0,3803.689208440448,1.2190092232808063,1.180214562006537
Station 1,16260.0,3816.130231117465,1.2691065838089715,1.1673420269195924
Station 1,16270.0,3829.069541753201,1.318664464661452,1.154423025981517
Station 1,16280.0,3842.5016766331396,1.3676692401067811,1.1414716981193844
Station 1,16290.0,3856.421040484094,1.4161082238536604,1.128500679905823
Station 1,16300.0,3870.821915854889,1.4639696655624037,1.1155212894202198
Station 1,16310.0,3885.698472446631,1.511242744361423,1.102543683995412
Station 1,16320.0,3901.0447763635766,1.5579175595405967,1.0895769957140484
Station 1,16330.0,3916.8547992572435,1.6039851186024923,1.0766294479904672
Station 1,16340.0,3933.122427338376,1.6494373228596508,1.0637084560932195
Station 1,16350.0,3949.8414702332066,1.6942669507711567,1.0508207140376207
Station 1,16360.0,3967.0056696624324,1.738467639214848,1.0379722699070661
Station 1,16370.0,3984.608707923306,1.782033862892764,1.0251685913432298
Station 1,16380.0,4002.6442161571977,1.8249609120669323,1.0124146226736088
Station 1,16390.0,4021.1057823869455,1.8672448688205792,0.9997148349146063
Station 1,16400.0,4039.986959310265,1.9088825820362416,0.9870732696940387
Station 1,16410.0,4059.2812718373593,1.9498716412776051,0.974493577973277
Station 1,16420.0,4078.9822243627077,1.9902103497558201,0.961979054311761
Station 1,16430.0,4099.083307762808,2.029897696554248,0.9495326673011266
Station 1,16440.0,4119.578006113314,2.068933328277831,0.9371570866992704
Station 1,16450.0,4140.459803120659,2.107317520284864,0.9248547077133072
Station 1,16460.0,4161.722188264748,2.145051147650016,0.9126276728120372
Station 1,16470.0,4183.35866265082,2.182135655998169,0.9004778913911116
Station 1,16480.0,4205.36274456979,2.218573032338921,0.8884070575657984
Station 1,16490.0,4227.727974767803,2.2543657760219697,0.8764166663255459
Station 1,16500.0,4250.44792142672,2.2895168699236534,0.8645080282503234
Station 1,16510.0,4273.516184858428,2.324029751965248,0.8526822829597318
Station 1,16520.0,4296.926401916728,2.3579082870539287,0.8409404114415018
Station 1,16530.0,4320.67225013151,2.391156739527855,0.8292832473852857
Station 1,16540.0,4344.747451570596,2.4237797461777078,0.8177114876301768
Station 1,16550.0,4369.145776435364,2.4557822899081105,0.8062257018195373
Station 1,16560.0,4393.861046396855,2.4871696740939404,0.794826341344093
Station 1,16570.0,4418.887137679555,2.5179474976783514,0.7835137476435848
Station 1,16580.0,4444.21798386276,2.548121631082152,0.772288159922988
Station 1,16590.0,4469.847578329916,2.5776981930300105,0.7611497223242052
Station 1,16600.0,4495.769976905599,2.6066835278772564,0.7500984906743974
Station 1,16610.0,4521.979299907975,2.6350841840705748,0.7391344387486324
Station 1,16620.0,4548.469734066552,2.6629068934306463,0.7282574641376757
Station 1,16630.0,4575.23553425855,2.6901585512972774,0.7174673937474949
Station 1,16640.0,4602.271025050609,2.7168461975570706,0.7067639889560551
Station 1,16650.0,4629.570602054706,2.7429769985523125,0.6961469504527497
Station 1,16660.0,4657.128733107096,2.7685582298658424,0.6856159227831535
Station 1,16670.0,4684.93995927909,2.793597259973021,0.6751704986194768
Station 1,16680.0,4712.998895728275,2.8181015347487945,0.6648102227751302
Station 1,16690.0,4741.300232398744,2.8420785628150673,0.6545345959800586
Station 1,16700.0,4769.838734578675,2.8655359017111537,0.6443430784320058
Station 1,16710.0,4798.609243323461,2.8884811448680194,0.6342350931375603
Station 1,16720.0,4827.606675752337,2.9109219093652206,0.6242100290556725
Station 1,16730.0,4856.82602522631,2.932865824448049,0.6142672440553089
Station 1,16740.0,4886.262361414855,2.954320520781064,0.6044060676980468
Station 1,16750.0,4915.910830258727,2.975293620413375,0.5946258038555717
Station 1,16760.0,4945.766653835854,2.9957927274302385,0.5849257331713744
Station 1,16770.0,4975.825130137119,3.015825419264993,0.5753051153752935
Station 1,16780.0,5006.081632758548,3.0353992386451334,0.5657631914589775
Station 1,16790.0,5036.5316105161,3.0545216861460482,0.5562991857198475
Station 1,16800.0,5067.170586989087,3.0732002133260092,0.5469123076806611
Station 1,16810.0,5097.994159997895,3.0914422164161053,0.5376017538913717
Station 1,16820.0,5128.998001021492,3.109255030539093,0.5283667096195682
Station 1,16830.0,5160.177854559863,3.126645924431388,0.5192063504354711
Station 1,16840.0,5191.529537446355,3.1436220956430194,0.5101198436970737
Station 1,16850.0,5223.048938114554,3.160190666190722,0.5011063499407802
Station 1,16860.0,5254.732015824182,3.1763586786400397,0.4921650241825596
Station 1,16870.0,5286.574799850152,3.192133092592893,0.4832950171344078
Station 1,16880.0,5318.573388638781,3.2075207815577698,0.47449547634064493
Station 1,16890.0,5350.723948934868,3.222528530180389,0.4657655472383621
Station 1,16900.0,5383.022714883156,3.237163031813472,0.45710437414610045
Station 1,16910.0,5415.465987107477,3.2514308864049832,0.44851110118465526
Station 1,16920.0,5448.050131770661,3.2653385986849726,0.43998487313370166
Station 1,16930.0,5480.771579618151,3.278892576632015,0.43152483622774523
Station 1,16940.0,5513.626825006893,3.292099130201789,0.4231301388945981
Station 1,16950.0,5546.612424780845,3.3049644704201238,0.4147999324181613
Station 1,16960.0,5579.7249973893495,3.3174947085033892,0.40653337158568226
Station 1,16970.0,5612.9612219596365,3.3296958552047116,0.3983296152841817
Station 1,16980.0,5646.317837215312,3.3415738204866146,0.39018782702806365
Station 1,16990.0,5679.791640469936,3.3531344133142915,0.3821071754546467
Station 1,17000.0,5713.379486618826,3.3643833416175886,0.3740868347790818
Station 1,17010.0,5747.078287130856,3.3753262124087473,0.3661259852109906
Station 1,17020.0,5780.885009041692,3.3859685320435875,0.3582238133350566
Station 1,17030.0,5814.796673949976,3.3963157066145198,0.3503795124576755
Station 1,17040.0,5848.8103570177,3.4063730424644247,0.34259228292167354
Station 1,17050.0,5882.923185976007,3.4161457468109897,0.3348613323910014
Station 1,17060.0,5917.132340137501,3.4256389284717788,0.3271858761072102
Station 1,17070.0,5951.435049416075,3.4348575986808094,0.31956513711942935
Station 1,17080.0,5985.828593355182,3.4438066719880163,0.31199834648946667
Station 1,17090.0,6020.310300165327,3.4524909672334467,0.30448474347359206
Station 1,17100.0,6054.877545771615,3.4609152085886157,0.297023575682443
Station 1,17110.0,6089.527752871922,3.4690840266578546,0.28961409922046527
Station 1,17120.0,6124.258390006378,3.477001959632978,0.2822555788061858
Station 1,17130.0,6159.066970638665,3.484673454495051,0.274947287874565
Station 1,17140.0,6193.951052249578,3.4921028682574047,0.26768850866261285
Station 1,17150.0,6228.908235443312,3.499294469244481,0.26047853227937556
Station 1,17160.0,6263.936163066822,3.5062524384014626,0.2533166587613477
Station 1,17170.0,6299.032519342543,3.512980870629952,0.2462021971143125
Station 1,17180.0,6334.195029014782,3.519483776145357,0.23913446534254382
Station 1,17190.0,6369.4214565099555,3.5257650818519335,0.23211279046626357
Station 1,17200.0,6404.709605110902,3.5318286327317105,0.2251365085281944
Station 1,17210.0,6440.05731614537,3.537678193243851,0.2182049645900018
Station 1,17220.0,6475.462468188831,3.543317448731219,0.2113175127193685
Station 1,17230.0,6510.922976281651,3.548750006831253,0.20447351596841337
Station 1,17240.0,6546.436791160719,3.553979398888333,0.1976723463441171
Station 1,17250.0,6582.001898505514,3.5590090813652484,0.190913384771376
Station 1,17260.0,6617.616318198605,3.563842437251415,0.18419602104928787
Station 1,17270.0,6653.2781036005945,3.56848277746575,0.17751965380121032
Station 3,18570.0,6659.0111287965,-2.991313595792618,0.1753643604716417
Station 3,18580.0,6629.150718693959,-2.9807256017212227,0.18092394703998593
Station 3,18590.0,6599.397478837022,-2.9698790018674988,0.1864978963109617
Station 3,18600.0,6569.754011868647,-2.958770475031261,0.19208601163329647
Station 3,18610.0,6540.222953777032,-2.9473966730386945,0.1976880811488868
Station 3,18620.0,6510.806974159292,-2.935754221901652,0.2033038771554414
Station 3,18630.0,6481.50877647324,-2.923839723071435,0.2089331554489529
Station 3,18640.0,6452.3310982763605,-2.9116497547911635,0.21457565464570524
Station 3,18650.0,6423.276711450975,-2.899180873550807,0.22023109548356082
Station 3,18660.0,6394.348422414625,-2.8864296156491123,0.22589918010230395
Station 3,18670.0,6365.5490723145895,-2.8733924988666737,0.2315795913028397
Station 3,18680.0,6336.881537205502,-2.8600660242544422,0.23727199178510822
Station 3,18690.0,6308.348728208846,-2.8464466780420814,0.24297602336459317
Station 3,18700.0,6279.953591653255,-2.8325309336705033,0.24869130616738058
Station 3,18710.0,6251.699109194312,-2.8183152539530734,0.254417437803751
Station 3,18720.0,6223.588297912617,-2.803796093369864,0.26015399252036847
Station 3,18730.0,6195.624210388834,-2.7889699004994375,0.26590052033118744
Station 3,18740.0,6167.80993475432,-2.7738331205925206,0.27165654612727286
Station 3,18750.0,6140.148594715978,-2.758382198292014,0.27742156876580754
Station 3,18760.0,6112.643349544792,-2.7426135805068377,0.2831950601375963
Station 3,18770.0,6085.297393850446,-2.7265237195006584,0.2889764641937323
Station 3,18780.0,6058.113957728993,-2.710109075992719,0.2947651960000579
Station 3,18790.0,6031.09630666458,-2.693366122514003,0.3005606407459694
Station 3,18800.0,6004.247741335247,-2.676291346943242,0.3063621527291617
Station 3,18810.0,5977.57159744345,-2.658881256190405,0.31216905433049436
Station 3,18820.0,5951.0712455085595,-2.6411323800544344,0.31798063497273704
Station 3,18830.0,5924.750090619523,-2.623041275258441,0.3237961500644071
Station 3,18840.0,5898.611572145954,-2.604604529665373,0.3296148199300701
Station 3,18850.0,5872.659163405832,-2.5858187666767902,0.3354358287286565
Station 3,18860.0,5846.896371288025,-2.566680649817091,0.34125832336152523
Station 3,18870.0,5821.326735827738,-2.5471868875052017,0.34708141237219636
Station 3,18880.0,5795.953829733101,-2.5273342380152806,0.35290416483989295
Station 3,18890.0,5770.781257860942,-2.507119514627588,0.3587256092692408
Station 3,18900.0,5745.812656639948,-2.486539590970201,0.3645447324787163
Station 3,18910.0,5721.051693439294,-2.465591406551645,0.3703604784906777
Station 3,18920.0,5696.502065880843,-2.444271972484115,0.37617174742606174
Station 3,18930.0,5672.16750109312,-2.4225783773961167,0.3819773944071215
Station 3,18940.0,5648.051754905128,-2.4005077935329364,0.38777622847184184
Station 3,18950.0,5624.158610978215,-2.378057483042464,0.3935670115039814
Station 3,18960.0,5600.491879874189,-2.3552248044432345,0.399348457182992
Station 3,18970.0,5577.055398057924,-2.3320072192707517,0.40511922995839483
Station 3,18980.0,5553.853026832702,-2.3084022988972546,0.41087794405350947
Station 3,18990.0,5530.888651206641,-2.284407731519291,0.4166231625037903
Station 3,19000.0,5508.166178688643,-2.2600213293064138,0.422353396235367
Station 3,19010.0,5485.689538012247,-2.2352410357034476,0.4280671031897443
Station 3,19020.0,5463.4626777860185,-2.2100649328776583,0.43376268750098324
Station 3,19030.0,5441.489565069064,-2.1844912493011375,0.4394384987320529
Station 3,19040.0,5419.774183870435,-2.1585183674575994,0.44509283117741355
Station 3,19050.0,5398.320533571251,-2.132144831661665,0.45072392323926547
Station 3,19060.0,5377.1326272685965,-2.1053693559774707,0.4563299568852546
Station 3,19070.0,5356.214490040207,-2.078190832222348,0.4619090571957977
Station 3,19080.0,5335.570157129307,-2.0506083380399733,0.4674592920095391
Station 3,19090.0,5315.2036720489605,-2.0226211450262515,0.4729786716757747
Station 3,19100.0,5295.119084605593,-1.9942287268898526,0.4784651489230113
Station 3,19110.0,5275.320448841432,-1.9654307676281297,0.4839166188531192
Station 3,19120.0,5255.811820895872,-1.9362271696978317,0.48933091907079
Station 3,19130.0,5236.597256785962,-1.9066180621588051,0.4947058299582583
Station 3,19140.0,5217.680810010547,-1.8766038087868033,0.5000390750940269
Station 3,19150.0,5199.066529066278,-1.8461850160980942,0.5053283218374008
Station 3,19160.0,5180.7584552825065,-1.8153625412056056,0.5105711821353054
Station 3,19170.0,5162.760620129509,-1.7841374996483723,0.5157652134614948
Station 3,19180.0,5145.077042591656,-1.7525112730266272,0.5209079199702651
Station 3,19190.0,5127.711726471734,-1.7204855164520398,0.5259967538578608
Station 3,19200.0,5110.668657621387,-1.6880621657849904,0.5310291169407386
Station 3,19210.0,5093.95180110002,-1.6552434446282724,0.5360023624603993
Station 3,19220.0,5077.56509826474,-1.6220318710458705,0.5409137971240897
Station 3,19230.0,5061.512463794305,-1.5884302639748635,0.5457606833901589
Station 3,19240.0,5045.797782650294,-1.5544417492979234,0.5505402420062112
Station 3,19250.0,5030.424906979124,-1.5200697655436382,0.5552496548074445
Station 3,19260.0,5015.397652958823,-1.4853180691815289,0.5598860677816531
Station 3,19270.0,5000.719797594776,-1.4501907394786993,0.5644465944063487
Station 3,19280.0,4986.39507546906,-1.4146921828851107,0.5689283192622719
Station 3,19290.0,4972.427175448302,-1.378827136914778,0.5733283019262394
Station 3,19300.0,4958.819737355201,-1.3426006734907083,0.5776435811447994
Station 3,19310.0,4945.5763486093965,-1.3060182017220687,0.5818711792885465
Station 3,19320.0,4932.700540843467,-1.2690854700829588,0.5860081070851685
Station 3,19330.0,4920.195786500261,-1.2318085679633386,0.5900513686274068
Station 3,19340.0,4908.065495418019,-1.1941939265638903,0.5939979666500302
Station 3,19350.0,4896.313011410014,-1.1562483191082582,0.5978449080677861
Station 3,19360.0,4884.941608845714,-1.1179788603477794,0.6015892097639707
Station 3,19370.0,4873.954489240694,-1.0793930053358802,0.6052279046169027
Station 3,19380.0,4863.354777862743,-1.0404985474514907,0.6087580477490974
Station 3,19390.0,4853.145520361816,-1.001303615653247,0.61217672298143
Station 3,19400.0,4843.32967943164,-0.9618166709489181,0.6154810494720194
Station 3,19410.0,4833.910131510944,-0.9220465020672347,0.6186681885169952
Station 3,19420.0,4824.88966353233,-0.8820022203224399,0.6217353504877955
Station 3,19430.0,4816.270969727017,-0.8416932536648881,0.6246798018771559
Station 3,19440.0,4808.056648493568,-0.801129339914527,0.6274988724235832
Station 3,19450.0,4800.249199338859,-0.7603205191774411,0.6301899622818589
Station 3,19460.0,4792.851019899464,-0.7192771254492951,0.6327505492050556
Station 3,19470.0,4785.86440305158,-0.6780097774131707,0.6351781957016773
Station 3,19480.0,4779.291534117543,-0.6365293684430512,0.6374705561299338
Station 3,19490.0,4773.1344881768155,-0.5948470558280426,0.6396253836898356
Station 3,19500.0,4767.395227489166,-0.5529742492361482,0.6416405372727789
Station 3,19510.0,4762.07559903657,-0.510922598440304,0.6435139881275483
Station 3,19520.0,4757.177331995412,-0.4687039803075709,0.6452438262775212
Station 3,19530.0,4752.702035673097,-0.4263304851235803,0.6468282667125743
Station 3,19540.0,4748.651197566231,-0.3838144022982929,0.6482656552720183
Station 3,19550.0,4745.026181335199,-0.341168205427967,0.6495544741536179
Station 3,19560.0,4741.828225042139,-0.29840453679274587,0.6506933470522843
Station 3,19570.0,4739.05843954612,-0.25553619132771965,0.6516810438785479
Station 3,19580.0,4736.7178070606415,-0.212576100114026,0.652516485022969
Station 3,19590.0,4734.807179877993,-0.16953731343930656,0.6531987451354268
Station 3,19600.0,4733.327279264575,-0.12643298347923765,0.6537270563913313
Station 3,19610.0,4732.278694530737,-0.08327634665410483,0.6541008112203259
Station 3,19620.0,4731.661882278123,-0.04008070571623673,0.6543195644768458
Station 3,19630.0,4731.477165826983,0.003140588374319464,0.6543830350360003
Station 3,19640.0,4731.724734825282,0.04637415472725043,0.6542911068025401
Station 3,19650.0,4732.4046450409305,0.08960660089300493,0.65404382912517
Station 3,19660.0,4733.516818337745,0.1328245412673415,0.6536414166130183
Station 3,19670.0,4735.061042835275,0.17601461546911965,0.6530842483557165
Station 3,19680.0,4737.0369732519075,0.2191635066312229,0.6523728665531424
Station 3,19690.0,4739.444131430187,0.2622579595450208,0.6515079745653901
Station 3,19700.0,4742.281907042559,0.3052847985996411,0.6504904343979173
Station 3,19710.0,4745.549558475309,0.3482309454585606,0.6493212636409887
Station 3,19720.0,4749.246213887766,0.39108343641749815,0.6480016318864572
Station 3,19730.0,4753.370872443398,0.4338294393895469,0.6465328566485455
Station 3,19740.0,4757.922405708814,0.4764562704655243,0.644916398818553
Station 3,19750.0,4762.899559216239,0.5189514100000855,0.6431538576863198
Station 3,19760.0,4768.300954184507,0.5613025181766887,0.6412469655637547
Station 3,19770.0,4774.125089393166,0.6034974500075784,0.6391975820477962
Station 3,19780.0,4780.370343203888,0.6455242697280043,0.6370076879617896
Station 3,19790.0,4787.034975722968,0.6873712645472182,0.6346793790154394
Station 3,19800.0,4794.117131098323,0.7290269577222902,0.6322148592242289
Station 3,19810.0,4801.614839944096,0.7704801209243893,0.6296164341295
Station 3,19820.0,4809.526021885711,0.8117197858708399,0.6268865038602621
Station 3,19830.0,4817.848488217885,0.8527352552000265,0.6240275560773221
Station 3,19840.0,4826.579944668012,0.8935161125700821,0.6210421588394098
Station 3,19850.0,4835.717994257041,0.9340522319659925,0.6179329534298238
Station 3,19860.0,4845.260140249943,0.9743337862036583,0.6147026471805679
Station 3,19870.0,4855.203789187651,1.0143512546230986,0.6113540063292192
Station 3,19880.0,4865.546253992409,1.054095429966727,0.6078898489417546
Station 3,19890.0,4876.284757022275,1.0935574244994937,0.6043130379163713
Station 3,19900.0,4887.41643326873,1.1327286752933403,0.6006264741235633
Station 3,19910.0,4898.938333862107,1.1716009485601164,0.5968330897351158
Station 3,19920.0,4910.847429249446,1.2101663433632364,0.5929358416785255
Station 3,19930.0,4923.140612539083,1.2484172944906577,0.588937705306124
Station 3,19940.0,4935.814702871405,1.286346574558862,0.5848416682800338
Station 3,19950.0,4948.866448806422,1.323947295366708,0.5806507246888452
Station 3,19960.0,4962.292531720783,1.3612129085195466,0.5763678694097158
Station 3,19970.0,4976.089569207068,1.398137205346228,0.5719960927271452
Station 3,19980.0,4990.254118468485,1.4347143161336107,0.5675383752173757
Station 3,19990.0,5004.782679702284,1.4709387087048988,0.5629976829051504
Station 3,20000.0,5019.671699465515,1.5068051863697733,0.55837696269747
Station 3,20010.0,5034.917574017038,1.5423088852755127,0.5536791380970283
Station 3,20020.0,5050.51665263,1.5774452711894589,0.548907105196187
Station 3,20030.0,5066.4652408692245,1.6122101357440806,0.544063728950679
Station 3,20040.0,5082.759603828448,1.6465995921765775,0.5391518397306839
Station 3,20050.0,5099.395969322442,1.680610070595447,0.534174230145569
Station 3,20060.0,5116.37053102955,1.7142383128067613,0.5291336521373274
Station 3,20070.0,5133.679451580444,1.7474813667330038,0.5240328143366733
Station 3,20080.0,5151.318865589194,1.7803365804573184,0.5188743796747997
Station 3,20090.0,5169.284882623129,1.8128015959257051,0.5136609632429953
Station 3,20100.0,5187.57359010826,1.8448743423395144,0.5083951303916163
Station 3,20110.0,5206.181056167357,1.8765530292698864,0.5030793950593716
Station 3,20120.0,5225.103332388097,1.9078361395253607,0.4977162183233966
Station 3,20130.0,5244.336456518982,1.9387224218030124,0.4923080071602703
Station 3,20140.0,5263.876455091066,1.969210883152689,0.4868571134078714
Station 3,20150.0,5283.719345963763,1.9993007812830101,0.48136583291780766
Station 3,20160.0,5303.861140793338,2.0289916167367337,0.4758364048880845
Station 3,20170.0,5324.2978474229485,2.0582831249621227,0.47027101136565996
Station 3,20180.0,5345.025472193287,2.0871752683056526,0.46467177690861433
Station 3,20190.0,5366.040022173266,2.1156682279504735,0.45904076839774743
Station 3,20200.0,5387.337507310252,2.143762395823546,0.45337999498762616
Station 3,20210.0,5408.913942499739,2.1714583664933933,0.4476914081872751
Station 3,20220.0,5430.7653495744225,2.1987569290790083,0.4419769020609834
Station 3,20230.0,5452.887759212924,2.2256590591892405,0.4362383135399643
Station 3,20240.0,5475.27721276859,2.2521659109107377,0.43047742283591306
Station 3,20250.0,5497.92976401368,2.278278808864874,0.42469595394706483
Station 3,20260.0,5520.841480640162,2.3039992404652896,0.41889557522422843
Station 3,20270.0,5544.0084460266235,2.3293288480400127,0.4130779000638256
Station 3,20280.0,5567.426760771574,2.3542694211496014,0.40724448764973636
Station 3,20290.0,5591.092544066678,2.3788228890944265,0.40139684374369483
Station 3,20300.0,5615.001935059634,2.402991313511675,0.39553642154025914
Station 3,20310.0,5639.151094143238,2.426776881114235,0.38966462257059437
Station 3,20320.0,5663.536204172123,2.4501818965801734,0.3837827976489716
Station 3,20330.0,5688.153471608777,2.473208775600548,0.3778922478562387
Station 3,20340.0,5712.99912760048,2.495860038092193,0.3719942255548791
Station 3,20350.0,5738.069428988879,2.518138301581345,0.3660899354306116
Station 3,20360.0,5763.360659254022,2.5400462747629016,0.36018053555582286
Station 3,20370.0,5788.8691293945985,2.5615867512393713,0.354267138470457
Station 3,20380.0,5814.591178746301,2.582762603442752,0.34835081227628084
Station 3,20390.0,5840.523175740162,2.6035767767417664,0.34243258174077007
Station 3,20400.0,5866.661518602761,2.6240322837362537,0.33651342940712786
Station 3,20410.0,5893.002636000253,2.644132198739783,0.33059429670724066
Station 3,20420.0,5919.542987628095,2.663879652450989,0.32467608507463214
Station 3,20430.0,5946.279064748439,2.6832778268135264,0.3187596570547244
Station 3,20440.0,5973.207390677063,2.7023299500640503,0.312845837409966
Station 3,20450.0,6000.32452122181,2.7210392919670747,0.30693541421759557
Station 3,20460.0,6027.627045074357,2.73940915923522,0.3010291399580382
Station 3,20470.0,6055.111584157256,2.7574428911328464,0.2951277325921196
Station 3,20480.0,6082.774793928061,2.775143855260794,0.28923187662548094
Station 3,20490.0,6110.61336364237,2.7925154435195605,0.2833422241587507
Station 3,20500.0,6138.624016577604,2.80956106824799,0.2774593959221912
Station 3,20510.0,6166.803510219262,2.826284158534257,0.2715839822937031
Station 3,20520.0,6195.148636411374,2.8426881566957225,0.26571654429920544
Station 3,20530.0,6223.656221472918,2.8587765149240143,0.2598576145945436
Station 3,20540.0,6252.323126281725,2.87455269209154,0.25400769842821447
Station 3,20550.0,6281.146246327626,2.8900201507154675,0.24816727458429108
Station 3,20560.0,6310.122511736315,2.905182354075082,0.24233679630506377
Station 3,20570.0,6339.248887265492,2.9200427634783797,0.23651669219298546
Station 3,20580.0,6368.522372274786,2.9346048356736074,0.2307073670916193
Station 3,20590.0,6397.9400006708665,2.9488720204014505,0.2249092029453623
Station 3,20600.0,6427.49884082917,2.962847758083509,0.21912255963779073
Station 3,20610.0,6457.195995493561,2.976535477642704,0.21334777580855466
Station 3,20620.0,6487.028601592096,2.9899385944989496,0.20758516963962395
Station 3,20630.0,6516.993830013731,3.003060508712212,0.2018350396159436
Station 3,20640.0,6547.088885668488,3.01590460300886,0.19609766530962536
Station 3,20650.0,6577.311007198459,3.0284742411665,0.1903733080957074
Station 3,20660.0,6607.657466776522,3.040772766438833,0.18466221186074835
Station 3,20670.0,6638.125569895892,3.052803500082434,0.17896460369140782
Station 2,20860.0,6658.229314617423,-3.59091968912272,0.17533371541699044
Station 2,20870.0,6622.346250856457,-3.5856586617505872,0.1820334085640678
Station 2,20880.0,6586.516836291006,-3.580189257647465,0.18877325224411387
Station 2,20890.0,6550.743172503442,-3.5745078982358254,0.19555380468947625
Station 2,20900.0,6515.027397241714,-3.5686109287317334,0.20237563078700374
Station 2,20910.0,6479.371685189912,-3.5624946167727027,0.20923930201715704
Station 2,20920.0,6443.778248752977,-3.5561551510499165,0.21614539638094662
Station 2,20930.0,6408.249338855569,-3.5495886399476433,0.22309449831381659
Station 2,20940.0,6372.78724575503,-3.5427911101929075,0.23008719858554313
Station 2,20950.0,6337.39429986842,-3.5357585055186918,0.23712409418515515
Station 2,20960.0,6302.072872613445,-3.5284866853442773,0.2442057881898354
Station 2,20970.0,6266.825377263217,-3.5209714234765803,0.2513328896166796
Station 2,20980.0,6231.654269794882,-3.5132084068458105,0.2585060132540688
Station 2,20990.0,6196.562049588545,-3.505193234341396,0.2657257794573383
Station 2,21000.0,6161.551260557687,-3.4969214154873547,0.27299281396749026
Station 2,21010.0,6126.6244920021245,-3.488388369303436,0.28030774767515887
Station 2,21020.0,6091.784379483067,-3.4795894231992976,0.2876712163631999
Station 2,21030.0,6057.033605746553,-3.470519811901847,0.2950838604279329
Station 2,21040.0,6022.374901657015,-3.4611746764404514,0.30254632457326386
Station 2,21050.0,5987.811047140344,-3.4515490631967345,0.31005925747594026
Station 2,21060.0,5953.344872135854,-3.441637923026256,0.31762331142006045
Station 2,21070.0,5918.979257556337,-3.431436110459659,0.3252391418988857
Station 2,21080.0,5884.717136255444,-3.4209383829915723,0.3329074071818555
Station 2,21090.0,5850.561494001455,-3.410139400465912,0.3406287678446086
Station 2,21100.0,5816.515370456506,-3.3990337245668623,0.34840388625966917
Station 2,21110.0,5782.5818601600995,-3.387615818425373,0.3562334260453331
Station 2,21120.0,5748.764113515818,-3.3758800463515453,0.3641180514701351
Station 2,21130.0,5715.065337779906,-3.3638206737039558,0.37205842681013473
Station 2,21140.0,5681.4887980502945,-3.35143186690756,0.38005521565609673
Station 2,21150.0,5648.03781825463,-3.3387076936324602,0.38810908016746487
Station 2,21160.0,5614.71578213558,-3.3256421231465465,0.3962206802698606
Station 2,21170.0,5581.526134231721,-3.3122290268556194,0.4043906727926399
Station 2,21180.0,5548.472380852032,-3.298462179045402,0.4126197105428413
Station 2,21190.0,5515.558091041997,-3.2843352578405027,0.42090844131164773
Station 2,21200.0,5482.786897539044,-3.2698418463961443,0.4292575068092569
Station 2,21210.0,5450.162497715022,-3.2549754343392396,0.4376675415238115
Station 2,21220.0,5417.6886545031075,-3.2397294194760624,0.44613917149980054
Station 2,21230.0,5385.369197306476,-3.2240971097846503,0.4546730130310429
Station 2,21240.0,5353.2080228858285,-3.208071725710666,0.46326967126311036
Station 2,21250.0,5321.209096222674,-3.191646402786318,0.47192973869971727
Station 2,21260.0,5289.376451355102,-3.174814194592604,0.48065379360728
Station 2,21270.0,5257.7141921825405,-3.1575680760858753,0.4894423983115098
Station 2,21280.0,5226.226493235804,-3.1399009473104216,0.49829609737951697
Station 2,21290.0,5194.917600408503,-3.121805637519414,0.5072154156805145
Station 2,21300.0,5163.791831645682,-3.103274909727213,0.5162008563177691
Station 2,21310.0,5132.853577585272,-3.084301465716546,0.5252528984240058
Station 2,21320.0,5102.107302147791,-3.0648779515246813,0.5343719948119492
Station 2,21330.0,5071.557543069375,-3.044996963433055,0.5435585694711874
Station 2,21340.0,5041.208912369944,-3.0246510544867893,0.5528130149015997
Station 2,21350.0,5011.06609658165,-3.003832741645857,0.5621356892560219
Station 2,21360.0,4981.133857224742,-2.982534513354492,0.5715269133345584
Station 2,21370.0,4951.417031109238,-2.9607488377787106,0.5809869673702541
Station 2,21380.0,4921.920530421456,-2.938468171727094,0.5905160875948746
Station 2,21390.0,4892.649342792612,-2.9156849701879906,0.6001144625924656
Station 2,21400.0,4863.608531268317,-2.892391696545838,0.6097822294182861
Station 2,21410.0,4834.803234172093,-2.8685808335005136,0.6195194694680701
Station 2,21420.0,4806.2386648557585,-2.844244894712756,0.6293262040814677
Station 2,21430.0,4777.920111329363,-2.8193764371977252,0.6392023898622611
Station 2,21440.0,4749.852935763068,-2.7939680744874074,0.6491479136966194
Station 2,21450.0,4722.042573853232,-2.7680124905810435,0.6591625874491506
Station 2,21460.0,4694.4945340447475,-2.741502454700923,0.669246142314883
Station 2,21470.0,4667.214396601531,-2.7144308368686834,0.6793982228034938
Station 2,21480.0,4640.207812516897,-2.686790624314798,0.6896183803301161
Station 2,21490.0,4613.480502255523,-2.658574938731106,0.6999060663848458
Station 2,21500.0,4587.038254318477,-2.6297770543729735,0.7102606252506544
Station 2,21510.0,4560.88692362293,-2.6003904170141436,0.7206812862367017
Station 2,21520.0,4535.032429687983,-2.5704086637533052,0.731167155391097
Station 2,21530.0,4509.48075461819,-2.5398256436669593,0.7417172066538508
Station 2,21540.0,4484.237940876398,-2.5086354392983865,0.7523302724071448
Station 2,21550.0,4459.310088837636,-2.476832388967157,0.7630050333760328
Station 2,21560.0,4434.70335411602,-2.4444111098779473,0.7737400078282711
Station 2,21570.0,4410.4239446568245,-2.4113665220012086,0.7845335400171207
Station 2,21580.0,4386.478117586246,-2.377693872691666,0.7953837878055999
Station 2,21590.0,4362.872175811686,-2.3433887620035065,0.8062887094048492
Station 2,21600.0,4339.612464365898,-2.3084471686537524,0.8172460491528433
Station 2,21610.0,4316.70536648883,-2.2728654765773166,0.8282533222527791
Station 2,21620.0,4294.157299441615,-2.2366405020091635,0.8393077983829297
Station 2,21630.0,4271.974710047826,-2.199769521020328,0.8504064840817208
Station 2,21640.0,4250.1640699579275,-2.1622502974257785,0.8615461038031945
Station 2,21650.0,4228.731870633694,-2.1240811109730378,0.8727230795289909
Station 2,21660.0,4207.6846180503235,-2.0852607857112,0.8839335088136077
Station 2,21670.0,4187.028827115043,-2.0457887184307983,0.8951731411301427
Station 2,21680.0,4166.771015802097,-2.0056649070554853,0.9064373523742606
Station 2,21690.0,4146.917699005325,-1.9648899788574496,0.9177211173750599
Station 2,21700.0,4127.4753821107715,-1.9234652183592758,0.9290189802534342
Station 2,21710.0,4108.450554154494,-1.881392594815954,0.9403250224512973
Station 2,21720.0,4089.8496808732107,-1.8386747890146582,0.9516328282879174
Station 2,21730.0,4071.6791976362556,-1.7953152192792605,0.962935447865196
Station 2,21740.0,4053.9455018287185,-1.7513180666153056,0.9742253571256126
Station 2,21750.0,4036.6549451062124,-1.7066882986906458,0.9854944149422515
Station 2,21760.0,4019.8138254158885,-1.6614316925143264,0.9967338170983558
Station 2,21770.0,4003.4283787975464,-1.6155548556288037,1.007934047058761
Station 2,21780.0,3987.5047709806736,-1.5690652456275276,1.0190848234869767
Station 2,21790.0,3972.0490887951078,-1.5219711878084796,1.0301750445348625
Station 2,21800.0,3957.067331414956,-1.4742818907742676,1.0411927290329008
Station 2,21810.0,3942.5654014572524,-1.426007459791113,1.0521249548451737
Station 2,21820.0,3928.549095958745,-1.377158907722535,1.0629577948328084
Station 2,21830.0,3915.0240972559495,-1.3277481633588961,1.0736762511025992
Station 2,21840.0,3901.9959637954717,-1.2777880769714276,1.084264188514377
Station 2,21850.0,3889.470120903145,-1.2272924229285427,1.094704268793028
Station 2,21860.0,3877.451851542216,-1.1762758992239422,1.1049778870496494
Station 2,21870.0,3865.9462870921507,-1.1247541237793377,1.1150651130708538
Station 2,21880.0,3854.9583981810124,-1.0727436274003619,1.124944640391264
Station 2,21890.0,3844.4929856054387,-1.0202618432817967,1.1345937469206868
Station 2,21900.0,3834.5546713732115,-0.9673270929778395,1.1439882717424608
Station 2,21910.0,3825.1478899041376,-0.9139585687744478,1.153102613604743
Station 2,21920.0,3816.2768794255044,-0.8601763124239398,1.1619097575414434
Station 2,21930.0,3807.945673598606,-0.8060011902264972,1.1703813369042348
Station 2,21940.0,3800.158093412905,-0.7514548644689737,1.1784877387461419
Station 2,21950.0,3792.9177393841246,-0.696559761258375,1.1861982608160904
Station 2,21960.0,3786.2279840920746,-0.6413390348147652,1.1934813282106358
Station 2,21970.0,3780.091965093217,-0.5858165283164465,1.2003047767647357
Station 2,21980.0,3774.512578241912,-0.5300167314183488,1.2066362083252895
Station 2,21990.0,3769.4924714529257,-0.47396473459243127,1.2124434199516603
Station 2,22000.0,3765.0340389361577,-0.41768618046618045,1.2176949047289205
Station 2,22010.0,3761.1394159326733,-0.3612072123617246,1.2223604163200028
Station 2,22020.0,3757.810473978914,-0.30455442026307433,1.226411582900023
Station 2,22030.0,3755.0488167236363,-0.24775478446252408,1.229822549249882
Station 2,22040.0,3752.8557763194353,-0.19083561715869546,1.2325706193367216
Station 2,22050.0,3751.2324104079566,-0.1338245022979183,1.234636866663304
Station 2,22060.0,3750.1794997148054,-0.07674923396733024,1.2360066770533389
Station 2,22070.0,3749.6975462355294,-0.019637753655774248,1.2366701892070222
Station 2,22080.0,3749.786771881053,0.03748191332755024,1.236622602759791
Station 2,22090.0,3750.447118264927,0.09458172179212021,1.2358643316345665
Station 2,22100.0,3751.67824674249,0.1516336707588979,1.2344009912348537
Station 2,22110.0,3753.479539139482,0.2086098673232455,1.2322432204480012
Station 2,22120.0,3755.8500991524284,0.26548258993040963,1.2294063516270592
Station 2,22130.0,3758.788754376956,0.32222435073080113,1.2259099522113532
Station 2,22140.0,3762.2940589532504,0.37880795668580103,1.221777269153758
Station 2,22150.0,3766.364296814567,0.4352065691068977,1.2170346111610963
Station 2,22160.0,3770.997485521665,0.4913937613258347,1.2117107038895665
Station 2,22170.0,3776.1913806630555,0.5473435742111549,1.2058360501952725
Station 2,22180.0,3781.943480798211,0.6030305692665121,1.1994423222152983
Station 2,22190.0,3788.2510329184115,0.6584298790684235,1.1925618054803908
Station 2,22200.0,3795.1110383974997,0.7135172548252425,1.1852269084036455
Station 2,22210.0,3802.5202594028383,0.7682691108646094,1.1774697441145179
Station 2,22220.0,3810.475225734957,0.8226625658835014,1.1693217862139726
Station 2,22230.0,3818.972242062809,0.8766754808224592,1.160813595856049
Station 2,22240.0,3828.007395520388,0.9302864932535847,1.1519746146438403
Station 2,22250.0,3837.576563629418,0.9834750481999854,1.1428330160487137
Station 2,22260.0,3847.675422512201,1.0362214253322284,1.1334156072245498
Station 2,22270.0,3858.2994553582644,1.0885067625145632,1.1237477729693757
Station 2,22280.0,3869.4439611083226,1.140313075700289,1.113853453968896
Station 2,22290.0,3881.1040633191988,1.191623275200819,1.1037551521531206
Station 2,22300.0,3893.274719173684,1.242421178377076,1.0934739568599172
Station 2,22310.0,3905.9507285999507,1.2926915188243435,1.083029586418036
Station 2,22320.0,3919.1267434659258,1.342419952142212,1.0724404406618262
Station 2,22330.0,3932.7972768150403,1.3915930584003293,1.0617236607236298
Station 2,22340.0,3946.9567121109703,1.4401983414273833,1.0508951931922799
Station 2,22350.0,3961.5993124603388,1.4882242250656765,1.0399698563673108
Station 2,22360.0,3976.7192297838,1.5356600465462915,1.028961406878514
Station 2,22370.0,3992.3105139075956,1.5824960471507075,1.0178826053857974
Station 2,22380.0,4008.3671215492914,1.6287233603331608,1.0067452804348047
Station 2,22390.0,4024.882925173238,1.6743339974847848,0.9955603898304985
Station 2,22400.0,4041.851721693126,1.7193208315251725,0.9843380791153249
Station 2,22410.0,4059.2672410008354,1.7636775785098429,0.9730877369111945
Station 2,22420.0,4077.1231543027043,1.807398777443131,0.961818047014918
Station 2,22430.0,4095.4130822319557,1.850479768495172,0.9505370372315362
Station 2,22440.0,4114.1306025652975,1.892916669925162,0.9392521249816245
Station 2,22450.0,4133.269258120159,1.9347063534937625,0.9279701598557747
Station 2,22460.0,4152.822564131009,1.9758464189764213,0.9166974631773348
Station 2,22470.0,4172.784015353174,2.0163351678176378,0.905439864754142
Station 2,22480.0,4193.147092947366,2.0561715760395547,0.8942027369952966
Station 2,22490.0,4213.905271089845,2.0953552665948063,0.8829910265587328
Station 2,22500.0,4235.052023303494,2.1338864813151646,0.8718092836996106
Station 2,22510.0,4256.580828506495,2.171766052598837,0.8606616894850524
Station 2,22520.0,4278.48517677676,2.208995374970577,0.8495520810338859
Station 2,22530.0,4300.758574831476,2.2455763766394243,0.8384839749317771
Station 2,22540.0,4323.3945512224045,2.2815114911697725,0.8274605889629465
Station 2,22550.0,4346.386661248652,2.3168036293719614,0.81648486229018
Station 2,22560.0,4369.7284915896225,2.3514561515093853,0.8055594742052709
Station 2,22570.0,4393.413664661832,2.385472839909853,0.7946868615626913
Station 2,22580.0,4417.435842704057,2.4188578720599585,0.7838692350003019
Station 2,22590.0,4441.78873159606,2.4516157942524783,0.7731085940423909
Station 2,22600.0,4466.46608441676,2.4837514958483236,0.7624067411723475
Station 2,22610.0,4491.461704748337,2.515270184206486,0.7517652949548327
Station 2,22620.0,4516.769449733184,2.5461773603277056,0.741185702280448
Station 2,22630.0,4542.383232891117,2.5764787952502326,0.730669249799568
Station 2,22640.0,4568.297026704549,2.606180507229144,0.7202170746062411
Station 2,22650.0,4594.50486497961,2.635288739724298,0.7098301742277553
Station 2,22660.0,4621.00084499146,2.6638099402158453,0.6995094159706841
Station 2,22670.0,4647.779129422153,2.6917507398607836,0.689255545669843
Station 2,22680.0,4674.833948099546,2.7191179339988403,0.6790691958826452
Station 2,22690.0,4702.1595995457965,2.7459184635112823,0.6689508935677408
Station 2,22700.0,4729.750452343968,2.7721593970320066,0.6589010672835951
Station 2,22710.0,4757.600946331351,2.7978479140063937,0.6489200539397101
Station 2,22720.0,4785.705593627849,2.8229912885899777,0.6390081051305442
Station 2,22730.0,4814.0589795078895,2.8475968743759053,0.6291653930797717
Station 2,22740.0,4842.655763124045,2.8716720899374173,0.6193920162203557
Station 2,22750.0,4871.490678090463,2.895224405169314,0.6096880044339259
Station 2,22760.0,4900.558532934016,2.9182613284101957,0.6000533239711745
Station 2,22770.0,4929.854211420906,2.9407903943256324,0.5904878820733485
Station 2,22780.0,4959.372672766208,2.9628191525309577,0.5809915313134538
Station 2,22790.0,4989.108951732426,2.9843551569321014,0.571564073674258
Station 2,22800.0,5019.058158479462,3.005405955885784,0.5622052643570652
Station 2,22810.0,5049.2154785801,3.025979082819888,0.5529148153955107
Station 2,22820.0,5079.576172897917,3.0460820475179164,0.5436923990476314
Station 2,22830.0,5110.135577234797,3.0657223281543766,0.5345376509595543
Station 2,22840.0,5140.8891019799885,3.0849073638623787,0.5254501731471296
Station 2,22850.0,5171.832231687144,3.103644547870911,0.5164295367957101
Station 2,22860.0,5202.960524585023,3.121941221186606,0.5074752848886723
Station 2,22870.0,5234.269612027175,3.139804666794902,0.49858693467462645
Station 2,22880.0,5265.75519788572,3.1572421043559395,0.489763979982643
Station 2,22890.0,5297.413057894159,3.174260685370785,0.4810058933942396
Station 2,22900.0,5329.23903894376,3.1908674887941415,0.4723121282803691
Station 2,22910.0,5361.229058337968,3.2070695170701846,0.46368212071113796
Station 2,22920.0,5393.379103008991,3.222873692568739,0.45511529124554023
Station 2,22930.0,5425.685228700464,3.2382868543997114,0.4466110466080611
Station 2,22940.0,5458.143559119962,3.2533157555842434,0.4381687812586143
Station 2,22950.0,5490.750285064818,3.2679670605618854,0.42978787886189757
Station 2,22960.0,5523.501663524554,3.2822473430136867,0.4214677136619207
Station 2,22970.0,5556.394016763054,3.2961630839819147,0.41320765176710816
Station 2,22980.0,5589.423731383342,3.3097206702678115,0.4050070523511146
Station 2,22990.0,5622.587257377717,3.322926393089573,0.3968652687741579
Station 2,23000.0,5655.881107165801,3.335786446983466,0.388781649629451
Station 2,23010.0,5689.301854622851,3.348306928931742,0.3807555397190264
Station 2,23020.0,5722.8461341005905,3.360493837701765,0.3727862809630302
Station 2,23030.0,5756.510639442582,3.37235307338147,0.3648732132463313
Station 2,23040.0,5790.292122996108,3.3838904370970013,0.35701567520607547
Station 2,23050.0,5824.1873946222995,3.3951116308990477,0.34921300496362756
Station 2,23060.0,5858.193320706181,3.4060222578051476,0.3414645408041363
Station 2,23070.0,5892.306823168135,3.4166278219857804,0.33376962180680547
Station 2,23080.0,5926.524878478205,3.426933729082835,0.32612758842875883
Station 2,23090.0,5960.844516674499,3.43694528664957,0.3185377830452475
Station 2,23100.0,5995.262820386913,3.4466677047018273,0.31099955044878974
Station 2,23110.0,6029.776923867193,3.456106096370845,0.3035122383096934
Station 2,23120.0,6064.384012026397,3.4652654786485515,0.29607519760027234
Station 2,23130.0,6099.081319480569,3.474150773216768,0.28868778298494896
Station 2,23140.0,6133.866129605484,3.4827668073522746,0.2813493531783096
Station 2,23150.0,6168.735773601196,3.491118314900169,0.27405927127305807
Station 2,23160.0,6203.68762951031,3.49920993735494,0.26681690503136307
Station 2,23170.0,6238.719121210423,3.50704622503492,0.2596216271427572
Station 2,23180.0,6273.827717735957,3.514631638037808,0.2524728155052103
Station 2,23190.0,6309.010932276065,3.521970547506887,0.24536985343463397
Station 2,23200.0,6344.266321285626,3.5290672368599267,0.2383121298659513
Station 2,23210.0,6379.5914836166085,3.5359259030442107,0.2312990395347774
Station 2,23220.0,6414.984059661682,3.5425506578197465,0.22432998313981228
Station 2,23230.0,6450.441730510293,3.54894552906634,0.21740436748716385
Station 2,23240.0,6485.96221711757,3.5551144621104145,0.2105216056177747
Station 2,23250.0,6521.543279486176,3.561061321067905,0.20368111691904398
Station 2,23260.0,6557.182715861405,3.566789890199656,0.19688232722168114
Station 2,23270.0,6592.87836193957,3.572303875276172,0.19012466888277071
Station 2,23280.0,6628.628090089892,3.5776069049486923,0.1834075808559638
Station 2,23290.0,6664.429808589901,3.582702532123882,0.17673050874967403
Station 1,25750.0,6642.284919583959,-3.608533196914342,0.1809120268104551
Station 1,25760.0,6606.221632934934,-3.604091902197596,0.18767093517521716
Station 1,25770.0,6570.203731687882,-3.599455552907823,0.1944725887042776
Station 1,25780.0,6534.233183403817,-3.5946207351713246,0.20131763794338906
Station 1,25790.0,6498.311990156171,-3.5895839589460463,0.20820674385519855
Station 1,25800.0,6462.442189302196,-3.5843416564590203,0.2151405779270364
Station 1,25810.0,6426.62585426976,-3.5788901806342155,0.22211982227460195
Station 1,25820.0,6390.865095359602,-3.5732258035127384,0.22914516974110988
Station 1,25830.0,6355.162060563123,-3.5673447146675947,0.23621732399142129
Station 1,25840.0,6319.518936395804,-3.5612430196154174,0.24333699960064945
Station 1,25850.0,6283.937948746227,-3.5549167382277918,0.2505049221367077
Station 1,25860.0,6248.421363740797,-3.5483618031450685,0.25772182823622375
Station 1,25870.0,6212.97148862405,-3.541574058195829,0.26498846567321643
Station 1,25880.0,6177.590672654581,-3.5345492568254326,0.27230559341989174
Station 1,25890.0,6142.281308016431,-3.5272830605373877,0.27967398169887603
Station 1,25900.0,6107.045830745897,-3.5197710373516222,0.28709441202615893
Station 1,25910.0,6071.8867216734925,-3.51200866028403,0.29456767724399613
Station 1,25920.0,6036.80650738097,-3.5039913058521064,0.302094581542943
Station 1,25930.0,6001.807761173055,-3.495714252611772,0.30967594047218167
Station 1,25940.0,5966.893104063639,-3.487172679730983,0.3173125809372308
Station 1,25950.0,5932.065205776043,-3.478361665606107,0.32500534118408975
Station 1,25960.0,5897.326785756946,-3.4692761865275052,0.3327550707688059
Station 1,25970.0,5862.680614203448,-3.459911115401246,0.3405626305114256
Station 1,25980.0,5828.129513102776,-3.4502612205344025,0.348428892433192
Station 1,25990.0,5793.676357283921,-3.440321164491883,0.3563547396758392
Station 1,26000.0,5759.324075480553,-3.430085503033319,0.364341066401743
Station 1,26010.0,5725.075651404365,-3.4195486841391602,0.37238877767364204
Station 1,26020.0,5690.934124827976,-3.408705047135676,0.38049878931257225
Station 1,26030.0,5656.902592676386,-3.3975488219292584,0.38867202773260184
Station 1,26040.0,5622.984210125879,-3.3860741283611073,0.3969094297508771
Station 1,26050.0,5589.182191709167,-3.3742749756940165,0.4052119423714318
Station 1,26060.0,5555.499812425427,-3.362145262243796,0.4135805225411388
Station 1,26070.0,5521.940408853806,-3.3496787751685613,0.4220161368761098
Station 1,26080.0,5488.507380268709,-3.3368691904299537,0.43051976135679343
Station 1,26090.0,5455.204189755245,-3.3237100729411524,0.43909238098992437
Station 1,26100.0,5422.034365322834,-3.310194876917377,0.44773498943543216
Station 1,26110.0,5389.001501014979,-3.296316946445463,0.4564485885963274
Station 1,26120.0,5356.109257927339,-3.2820695163332885,0.46523418816026174
Station 1,26130.0,5323.361365227551,-3.26744571319905,0.4740928051028917
Station 1,26140.0,5290.761621466953,-3.2524385566900706,0.48302546317904055
Station 1,26150.0,5258.3138955254035,-3.237040961179508,0.49203319232912907
Station 1,26160.0,5226.022127652591,-3.221245737713626,0.5011170280513659
Station 1,26170.0,5193.890330491997,-3.2050455962948097,0.5102780107240298
Station 1,26180.0,5161.922590079943,-3.1884331485254767,0.5195171848749547
Station 1,26190.0,5130.123066815974,-3.1714009106368204,0.5288355983957468
Station 1,26200.0,5098.495996400672,-3.1539413069271953,0.5382343016982096
Station 1,26210.0,5067.045690736636,-3.1360466736358723,0.5477143468104243
Station 1,26220.0,5035.776538788214,-3.117709263278735,0.5572767864098834
Station 1,26230.0,5004.693007395218,-3.098921249473337,0.5669226727910675
Station 1,26240.0,4973.79964203562,-3.0796747322814944,0.5766530567648221
Station 1,26250.0,4943.101067531951,-3.0599617440982803,0.586468986486899
Station 1,26260.0,4912.601988695784,-3.039774256116894,0.5963715062130339
Station 1,26270.0,4882.307190904454,-3.0191041853994967,0.6063616549779355
Station 1,26280.0,4852.221540603835,-2.9979434025844083,0.6164404651956146
Station 1,26290.0,4822.349985730647,-2.976283740260451,0.6266089611785233
Station 1,26300.0,4792.697556047556,-2.954117002039304,0.6368681575730439
Station 1,26310.0,4763.269363383941,-2.9314349723568034,0.6472190577089443
Station 1,26320.0,4734.0706017749,-2.9082294270338314,0.657662651860551
Station 1,26330.0,4705.106547490842,-2.88449214462711,0.6681999154174821
Station 1,26340.0,4676.382558949613,-2.860214918599542,0.6788318069629675
Station 1,26350.0,4647.904076502869,-2.835389570338838,0.6895592662579503
Station 1,26360.0,4619.676622088128,-2.8100079630520325,0.7003832121293643
Station 1,26370.0,4591.705798737647,-2.7840620165619625,0.7113045402612239
Station 1,26380.0,4563.997289935024,-2.7575437230300133,0.7223241208874192
Station 1,26390.0,4536.5568588102105,-2.7304451636272096,0.7334427963854098
Station 1,26400.0,4509.390347163385,-2.7027585261731786,0.7446613787703185
Station 1,26410.0,4482.503674307969,-2.674476123759529,0.7559806470893075
Station 1,26420.0,4455.902835722966,-2.6455904143707523,0.7674013447164685
Station 1,26430.0,4429.59390150456,-2.616094021511784,0.77892417654893
Station 1,26440.0,4403.58301460703,-2.5859797558470783,0.7905498061052665
Station 1,26450.0,4377.876388862843,-2.5552406378510284,0.8022788525278253
Station 1,26460.0,4352.480306771909,-2.523869921464114,0.8141118874910634
Station 1,26470.0,4327.401117050045,-2.491861118743182,0.8260494320185091
Station 1,26480.0,4302.645231889301,-2.459208025504526,0.8380919532081095
Station 1,26490.0,4278.21912381624,-2.4259047479700233,0.8502398608622522
Station 1,26500.0,4254.129322737653,-2.391945730126614,0.862493504078675
Station 1,26510.0,4230.382412330645,-2.3573257821479734,0.8748531677288366
Station 1,26520.0,4206.9850262121,-2.3220401095990013,0.887319068874466
Station 1,26530.0,4183.943843837765,-2.2860843433934916,0.8998913531223195
Station 1,26540.0,4161.2655860978775,-2.249454570447632,0.9125700909208915
Station 1,26550.0,4138.957010602755,-2.212147364949177,0.9253552738056555
Station 1,26560.0,4117.024906652648,-2.174159820151244,0.9382468105996334
Station 1,26570.0,4095.4760898871605,-2.135489580588488,0.9512445235761546
Station 1,26580.0,4074.317396610558,-2.0961348746020336,0.9643481445904951
Station 1,26590.0,4053.5556777905535,-2.0560945470478473,0.9775573111866728
Station 1,26600.0,4033.1977927293856,-2.0153680920514403,0.9908715626849405
Station 1,26610.0,4013.2506024075637,-1.973955685660211,1.0042903362542333
Station 1,26620.0,3993.7209625020514,-1.9318582182330717,1.0178129629721049
Station 1,26630.0,3974.6157160824478,-1.8890773263957668,1.0314386638721378
Station 1,26640.0,3955.9416859904313,-1.8456154243794858,1.0451665459753472
Station 1,26650.0,3937.7056669096073,-1.8014757345501744,1.0589955982974388
Station 1,26660.0,3919.9144171349517,-1.7566623169265225,1.0729246878174978
Station 1,26670.0,3902.5746500529604,-1.711180097476139,1.0869525553854327
Station 1,26680.0,3885.6930253459377,-1.66503489497223,1.101077811534422
Station 1,26690.0,3869.276139935921,-1.6182334461870844,1.1152989321500832
Station 1,26700.0,3853.3305186860784,-1.5707834291943286,1.1296142539286884
Station 1,26710.0,3837.8626048796755,-1.5226934845492974,1.1440219695309386
Station 1,26720.0,3822.8787504990514,-1.4739732341161416,1.1585201223031532
Station 1,26730.0,3808.38520632931,-1.4246332973116922,1.1731066003909527
Station 1,26740.0,3794.388111913778,-1.3746853045397514,1.1877791300067277
Station 1,26750.0,3780.893485390432,-1.324141907595561,1.2025352675243912
Station 1,26760.0,3767.9072132407505,-1.2730167868287934,1.217372389952725
Station 1,26770.0,3755.4350399844297,-1.2213246548644978,1.2322876831664225
Station 1,26780.0,3743.482557855392,-1.1690812566955113,1.2472781270278412
Station 1,26790.0,3732.055196496279,-1.1163033659762012,1.262340476175681
Station 1,26800.0,3721.1582127102047,-1.0630087773667771,1.2774712347308574
Station 1,26810.0,3710.7966803099935,-1.0092162947992191,1.2926666223806569
Station 1,26820.0,3700.975480106257,-0.9549457155602702,1.3079225280949465
Station 1,26830.0,3691.6992900765667,-0.9002178101137035,1.3232344458413323
Station 1,26840.0,3682.97257575529,-0.8450542976131699,1.3385973836469582
Station 1,26850.0,3674.7995806973654,-0.7894778170946323,1.3540057323934198
Station 1,26860.0,3667.184317614787,-0.7335118943085648,1.369453072366282
Station 1,26870.0,3660.130559757533,-0.6771809043300657,1.3849318809073317
Station 1,26880.0,3653.6418325418053,-0.6205100299839738,1.4004330780189782
Station 1,26890.0,3647.7214057001465,-0.5635252161926385,1.4159452966583355
Station 1,26900.0,3642.372285907324,-0.506253120411371,1.431453665142385
Station 1,26910.0,3637.597209920236,-0.44872105933954676,1.446937681051131
Station 1,26920.0,3633.3986382680005,-0.39095695212945336,1.4623672910944903
Station 1,26930.0,3629.7787495260354,-0.33298926034770215,1.4776951704121635
Station 1,26940.0,3626.7394352052675,-0.27484692497509433,1.4928402394772737
Station 1,26950.0,3624.2822952844936,-0.21655930075939478,1.5076488207901024
Station 1,26960.0,3622.408634410795,-0.15815608826183003,1.5217917290168328
Station 1,26970.0,3621.119458789262,-0.09966726396091141,1.5344588191789543
Station 1,26980.0,3620.415473779593,-0.041123008796855376,1.5434887686259697
Station 1,26990.0,3620.297082213248,0.017446364444216877,1.54475818704372
Station 1,27000.0,3620.76438344072,0.07601048449528469,1.5373688988662624
Station 1,27010.0,3621.8171731143893,0.1345389953039846,1.5253703142490787
Station 1,27020.0,3623.4549437082055,0.19300162963649448,1.511505238402678
Station 1,27030.0,3625.6768857711995,0.2513682821686627,1.4968257140790155
Station 1,27040.0,3628.4818899076718,0.309609081648476,1.4817447822479346
Station 1,27050.0,3631.8685494727706,0.3676944617235487,1.4664483937647732
Station 1,27060.0,3635.8351639681555,0.4255952300409518,1.4510317200927578
Station 1,27070.0,3640.379743118678,0.48328263524424275,1.4355489392020637
Station 1,27080.0,3645.50001160722,0.5407284315136622,1.4200337439918262
Station 1,27090.0,3651.1934144415663,0.5979049403199137,1.4045087160246346
Station 1,27100.0,3657.457122923914,0.6547851090891699,1.3889899908822838
Station 1,27110.0,3664.288041190781,0.7113425665067794,1.373489747310891
Station 1,27120.0,3671.6828132884993,0.7675516742190085,1.3580176134749735
Station 1,27130.0,3679.637830747274,0.8233875747253876,1.3425815001546
Station 1,27140.0,3688.149240614787,0.8788262352888792,1.327188114566992
Station 1,27150.0,3697.2129539088914,0.9338444877261627,1.3118432881919915
Station 1,27160.0,3706.824654447648,0.9884200639755885,1.296552192124102
Station 1,27170.0,3716.9798080141227,1.0425316273753444,1.2813194821715255
Station 1,27180.0,3727.6736718129105,1.0961587996188498,1.2661493988285997
Station 1,27190.0,3738.9013041751064,1.1492821833873208,1.2510458375517612
Station 1,27200.0,3750.6575744683346,1.2018833806916314,1.236012399081162
Station 1,27210.0,3762.9371730107955,1.253945007069237,1.2210524260997835
Station 1,27220.0,3775.734621355439,1.3054507015371741,1.2061690304278645
Station 1,27230.0,3789.0442826788585,1.3563851324766865,1.191365113557262
Station 1,27240.0,3802.8603719900975,1.4067339997524106,1.176643382431183
Station 1,27250.0,3817.1769664432395,1.4564840330627247,1.1620063618386027
Station 1,27260.0,3831.9880156150684,1.5056229867430972,1.1474564043668896
Station 1,27270.0,3847.287351713322,1.5541396312154379,1.1329956985911944
Station 1,27280.0,3863.0686996830605,1.6020237412890692,1.1186262759899501
Station 1,27290.0,3879.3256871807907,1.6492660815290803,1.104350016941971
Station 1,27300.0,3896.0518543881376,1.6958583889150272,1.0901686560648667
Station 1,27310.0,3913.240663639201,1.7417933530180978,1.0760837870849587
Station 1,27320.0,3930.8855088379296,1.7870645939273997,1.0620968673781208
Station 1,27330.0,3948.979724644243,1.8316666381564537,1.0482092222833619
Station 1,27340.0,3967.516595409878,1.8755948927593913,1.034422049263028
Station 1,27350.0,3986.489363847235,1.9188456178829068,1.0207364219625514
Station 1,27360.0,4005.8912394167596,1.9614158979750158,1.007153294206885
Station 1,27370.0,4025.715406420521,2.003303611864916,0.9936735039589046
Station 1,27380.0,4045.9550317917965,2.0445074019206793,0.9802977772560273
Station 1,27390.0,4066.6032725724745,2.085026642482442,0.9670267321345379
Station 1,27400.0,4087.65328307203,2.1248614077590227,0.953860882546041
Station 1,27410.0,4109.09822170362,2.164012439365478,0.9408006422666576
Station 1,27420.0,4130.93125749461,2.2024811136679654,0.9278463287968397
Station 1,27430.0,4153.145576270413,2.2402694090909927,0.9149981672476879
Station 1,27440.0,4175.734386512033,2.2773798735304394,0.9022562942082867
Station 1,27450.0,4198.690924889033,2.313815592004011,0.8896207615877112
Station 1,27460.0,4222.008461471039,2.3495801546591846,0.8770915404248024
Station 1,27470.0,4245.680304621782,2.3846776252469515,0.8646685246586617
Station 1,27480.0,4269.69980558101,2.4191125101585835,0.8523515348527427
Station 1,27490.0,4294.060362740257,2.452889728111431,0.8401403218656611
Station 1,27500.0,4318.755425619406,2.4860145805592495,0.8280345704621167
Station 1,27510.0,4343.778498551648,2.5184927228923613,0.8160339028577439
Station 1,27520.0,4369.1231440850015,2.5503301364831397,0.8041378821921833
Station 1,27530.0,4394.782986109173,2.5815331016234015,0.7923460159251599
Station 1,27540.0,4420.751712716781,2.6121081713912884,0.7806577591509538
Station 1,27550.0,4447.023078808485,2.642062146477519,0.7690725178271558
Station 1,27560.0,4473.590908451706,2.671402050993198,0.7575896519141987
Station 1,27570.0,4500.449096888963,2.7001351093672312,0.7462084784071394
Station 1,27580.0,4527.591612445436,2.7282687241633403,0.7349282742870811
Station 1,27590.0,4555.012498373481,2.755810454763371,0.723748279400219
Station 1,27600.0,4582.7058742109875,2.782767997283537,0.7126676992011106
Station 1,27610.0,4610.6659370546495,2.8091491654093503,0.7016857074106994
Station 1,27620.0,4638.886962646402,2.834961872220622,0.6908014485748746
Station 1,27630.0,4667.363306282474,2.860214112992379,0.6800140405234197
Station 1,27640.0,4696.08940355478,2.884913948953852,0.6693225767296305
Station 1,27650.0,4725.059770934227,2.909069491984999,0.658726128571203
Station 1,27660.0,4754.269006205177,2.932688890227491,0.6482237474933594
Station 1,27670.0,4783.711788760181,2.9557803145851644,0.6378144670754067
Station 1,27680.0,4813.382879763773,2.9783519460871983,0.6274973050022115
Station 1,27690.0,4843.2771221938965,3.000411964085961,0.6172712649422731
Station 1,27700.0,4873.389440769131,3.02196853526038,0.6071353383343014
Station 1,27710.0,4903.714841769755,3.0430298033949263,0.5970885060843423
Station 1,27720.0,4934.248412760239,3.0636038799037886,0.5871297401756607
Station 1,27730.0,4964.985322220521,3.0836988350694012,0.5772580051937051
Station 1,27740.0,4995.920819093098,3.1033226899645103,0.567472259768571
Station 1,27750.0,5027.050232252652,3.12248340902688,0.557771457937471
Station 1,27760.0,5058.36896990461,3.1411888932560665,0.5481545504297667
Station 1,27770.0,5089.872518918754,3.159446974001947,0.538620485877175
Station 1,27780.0,5121.556444103676,3.1772654073152293,0.5291682119517762
Station 1,27790.0,5153.416387427578,3.194651868830684,0.5197966764344762
Station 1,27800.0,5185.448067190653,3.2116139491545623,0.510504828216566
Station 1,27810.0,5217.647277153925,3.2281591497282656,0.5012916182370303
Station 1,27820.0,5250.009885629281,3.2442948791413526,0.4921560003581999
Station 1,27830.0,5282.531834534998,3.2600284498674976,0.4830969321823676
Station 1,27840.0,5315.209138420947,3.2753670753981994,0.4741133758118968
Station 1,27850.0,5348.037883467308,3.2903178677496894,0.4652042985553499
Station 1,27860.0,5381.014226460481,3.304887835319619,0.45636867358207567
Station 1,27870.0,5414.134393749535,3.319083881070857,0.44760548052768484
Station 1,27880.0,5447.394680186404,3.3329128010208158,0.4389137060527433
Station 1,27890.0,5480.791448052806,3.346381283015573,0.43029234435697394
Station 1,27900.0,5514.3211259766085,3.3594959057690343,0.42174039765118726
Station 1,27910.0,5547.980207840235,3.372263138148292,0.41325687658908766
Station 1,27920.0,5581.765251683493,3.384689338687234,0.4048408006610468
Station 1,27930.0,5615.672878551075,3.396780755354229,0.3964911985442408
Station 1,27940.0,5649.699771280807,3.4085435255714938,0.38820710840858647
Station 1,27950.0,5683.842673639253,3.4199836761220874,0.3799875782423805
Station 1,27960.0,5718.098389110958,3.4311071235009654,0.3718316660980598
Station 1,27970.0,5752.463779789412,3.4419196743456837,0.3637384403219825
Station 1,27980.0,5786.935765283632,3.4524270259976033,0.35570697975863813
Station 1,27990.0,5821.51132163055,3.462634767190407,0.3477363739292703
Station 1,28000.0,5856.187480214352,3.472548378854471,0.3398257231864542
Station 1,28010.0,5890.961326694026,3.482173235026355,0.33197413884606375
Station 1,28020.0,5925.8299999401115,3.4915146038532954,0.3241807432980303
Station 1,28030.0,5960.790690981593,3.50057764868322,0.316444670097223
Station 1,28040.0,5995.840641963846,3.509367429231436,0.3087650640357034
Station 1,28050.0,6030.977145118342,3.5178889028156455,0.3011410811975825
Station 1,28060.0,6066.197541744834,3.526146925651573,0.29357188899761466
Station 1,28070.0,6101.499221206628,3.5341462542019326,0.2860566662046285
Station 1,28080.0,6136.879619939468,3.541891546572,0.2785946029508345
Station 1,28090.0,6172.336220474529,3.5493873639455122,0.27118490072799684
Station 1,28100.0,6207.866550475912,3.556638172055038,0.26382677237140295
Station 1,28110.0,6243.468181792994,3.56364834268142,0.25651944203252647
Station 1,28120.0,6279.138729527952,3.57042215517724,0.249262145141222
Station 1,28130.0,6314.875851118687,3.576963798009679,0.2420541283582441
Station 1,28140.0,6350.677245437359,3.583277370318447,0.23489464951885566
Station 1,28150.0,6386.540651904713,3.5893668834848316,0.22778297756822707
Station 1,28160.0,6422.4638496202815,3.5952362627082057,0.22071839248931002
Station 1,28170.0,6458.444656508597,3.600889348586619,0.21370018522380976
Station 1,28180.0,6494.480928481415,3.6063298986984016,0.20672765758686937
Station 1,28190.0,6530.570558615994,3.6115615891819357,0.19980012217601767
Station 1,28200.0,6566.711476349426,3.6165880163110193,0.1929169022749266
Station 1,28210.0,6602.90164668899,3.621412698063452,0.1860773317524621
Station 1,28220.0,6639.139069438435,3.6260390756807026,0.17928075495751758
Station 3,29150.0,6645.853932729645,-3.633830223626738,0.1774680880538232
Station 3,29160.0,6609.538267611356,-3.6292699268106006,0.18425432144914403
Station 3,29170.0,6573.269196928254,-3.6245107645253904,0.1910834758229461
Station 3,29180.0,6537.048726585448,-3.61954927517949,0.19795620542320713
Station 3,29190.0,6500.87889749096,-3.6143819197544707,0.20487317494134885
Station 3,29200.0,6464.76178633733,-3.6090050802182514,0.21183505961485952
Station 3,29210.0,6428.699506399108,-3.603415057928758,0.21884254532541136
Station 3,29220.0,6392.694208346276,-3.5976080720301473,0.22589632869199738
Station 3,29230.0,6356.748081073758,-3.5915802578439004,0.23299711715857802
Station 3,29240.0,6320.863352547063,-3.585327665257321,0.2401456290756861
Station 3,29250.0,6285.042290664096,-3.5788462571121933,0.24734259377542345
Station 3,29260.0,6249.287204133188,-3.572131907596651,0.25458875163922035
Station 3,29270.0,6213.600443367343,-3.5651804006435595,0.26188485415771123
Station 3,29280.0,6177.984401394626,-3.5579874283390156,0.2692316639820336
Station 3,29290.0,6142.441514784632,-3.550548589344906,0.27662995496580944
Station 3,29300.0,6106.974264590944,-3.542859387339767,0.2840805121970323
Station 3,29310.0,6071.585177309355,-3.5349152294825927,0.29158413201903177
Station 3,29320.0,6036.276825851748,-3.5267114249045624,0.2991416220396408
Station 3,29330.0,6001.051830535253,-3.5182431832341168,0.3067538011276392
Station 3,29340.0,5965.912860086477,-3.5095056131611893,0.3144214993954963
Station 3,29350.0,5930.862632660379,-3.500493721046899,0.3221455581673787
Station 3,29360.0,5895.903916873346,-3.4912024095854495,0.3299268299313316
Station 3,29370.0,5861.039532850039,-3.4816264765254856,0.33776617827448224
Station 3,29380.0,5826.2723532832915,-3.4717606134587364,0.3456644778000596
Station 3,29390.0,5791.605304506558,-3.461599404684262,0.3536226140249417
Station 3,29400.0,5757.041367578054,-3.451137326157259,0.36164148325639967
Station 3,29410.0,5722.58357936541,-3.4403687445373228,0.3697219924454713
Station 3,29420.0,5688.235033417806,-3.429287916449419,0.377865058993276
Station 3,29430.0,5653.9988813252585,-3.417888987610706,0.3860716105854026
Station 3,29440.0,5619.878333841476,-3.406165992226342,0.3943425849693612
Station 3,29450.0,5585.876661930541,-3.3941128525571838,0.40267892969616803
Station 3,29460.0,5551.997197890328,-3.3817233786007197,0.4110816018398252
Station 3,29470.0,5518.243336477941,-3.368991267938302,0.4195515676844763
Station 3,29480.0,5484.618536035463,-3.355910105763305,0.42808980237729544
Station 3,29490.0,5451.126319614125,-3.3424733651056404,0.4366972895450908
Station 3,29500.0,5417.770276094886,-3.3286744072689647,0.44537502087252046
Station 3,29510.0,5384.554061303239,-3.314506482497762,0.45412399563973027
Station 3,29520.0,5351.481399115834,-3.29996273089245,0.4629452202171335
Station 3,29530.0,5318.5560825564025,-3.2850361835915325,0.4718397075149804
Station 3,29540.0,5285.781974878264,-3.26971976424082,0.48080847638525087
Station 3,29550.0,5253.163010630348,-3.254006290770642,0.48985255097335456
Station 3,29560.0,5220.703196703751,-3.2378884775030112,0.4989729600169998
Station 3,29570.0,5188.406613355276,-3.2213589376115963,0.5081707360895271
Station 3,29580.0,5156.27741520446,-3.204410185958378,0.5174469147849161
Station 3,29590.0,5124.3198322001435,-3.1870346423317706,0.5268025338415996
Station 3,29600.0,5092.538170552571,-3.1692246351119704,0.5362386322021145
Station 3,29610.0,5060.936813626531,-3.150972405390183,0.5457562490055708
Station 3,29620.0,5029.520222791049,-3.132270111569232,0.5553564225098333
Station 3,29630.0,4998.292938220569,-3.113109834473909,0.5650401889402362
Station 3,29640.0,4967.259579642555,-3.0934835830001823,0.5748085812615987
Station 3,29650.0,4936.424847025912,-3.0733833003330586,0.5846626278702364
Station 3,29660.0,4905.793521204511,-3.0528008707635395,0.5946033512026172
Station 3,29670.0,4875.370464429678,-3.031728127135566,0.6046317662572609
Station 3,29680.0,4845.160620845254,-3.010156858954297,0.614748879026429
Station 3,29690.0,4815.169016878502,-2.9880788211872624,0.6249556848341337
Station 3,29700.0,4785.400761539824,-2.965485743790074,0.6352531665769389
Station 3,29710.0,4755.861046623945,-2.942369341988265,0.6456422928640277
Station 3,29720.0,4726.55514680487,-2.9187213273465455,0.6561240160529813
Station 3,29730.0,4697.488419616678,-2.894533419656317,0.6666992701776877
Station 3,29740.0,4668.666305311849,-2.8697973596714377,0.6773689687648141
Station 3,29750.0,4640.094326588539,-2.8445049227212937,0.6881340025352514
Station 3,29760.0,4611.778088177993,-2.818647933228883,0.6989952369869289
Station 3,29770.0,4583.723276282887,-2.792218280159889,0.7099535098554063
Station 3,29780.0,4555.9356578573115,-2.7652079334268613,0.7210096284485955
Station 3,29790.0,4528.4210795764,-2.7376089613342396,0.7321643668385995
Station 3,29800.0,4501.185466749993,-2.709413548946501,0.7434184629349382
Station 3,29810.0,4474.234822309724,-2.680614017365914,0.7547726154422936
Station 3,29820.0,4447.575225204029,-2.651202844214783,0.7662274806395852
Station 3,29830.0,4421.2128287280275,-2.621172685073379,0.7777836690292621
Station 3,29840.0,4395.153858634576,-2.590516395950274,0.7894417418373461
Station 3,29850.0,4369.4046110151085,-2.5592270567829956,0.8012022073594592
Station 3,29860.0,4343.971449939993,-2.5272979959604864,0.8130655171477362
Station 3,29870.0,4318.860804848287,-2.4947228158523878,0.8250320620329287
Station 3,29880.0,4294.079167676953,-2.461495419323196,0.8371021679752011
Station 3,29890.0,4269.6330897198,-2.4276100372015863,0.8492760917361495
Station 3,29900.0,4245.529178206896,-2.3930612566671274,0.8615540163631875
Station 3,29910.0,4221.774092595448,-2.357844050507666,0.8739360464758477
Station 3,29920.0,4198.374540563774,-2.3219538071913446,0.8864222033413792
Station 3,29930.0,4175.337273700611,-2.285386361687305,0.8990124197243287
Station 3,29940.0,4152.669082882596,-2.2481380269586317,0.911706534491462
Station 3,29950.0,4130.376793333746,-2.2102056260402865,0.9245042869490622
Station 3,29960.0,4108.467259361559,-2.171586524603466,0.9374053108843864
Station 3,29970.0,4086.9473587654625,-2.132278663896122,0.9504091282763483
Station 3,29980.0,4065.8239869145104,-2.092280593937618,0.9635151426321961
Station 3,29990.0,4045.104050492447,-2.0515915068334385,0.976722631896494
Station 3,30000.0,4024.7944609097576,-2.0102112700637633,0.9900307408656803
Station 3,30010.0,4004.902127383746,-1.9681404595878167,1.0034384730250898
Station 3,30020.0,3985.433949689403,-1.9253803925941417,1.016944681704739
Station 3,30030.0,3966.396810585531,-1.8819331597155564,1.0305480604242983
Station 3,30040.0,3947.797567922478,-1.8378016565167519,1.0442471322648934
Station 3,30050.0,3929.6430464398222,-1.7929896140524226,1.0580402380638778
Station 3,30060.0,3911.940029264398,-1.7475016282845528,1.0719255231758256
Station 3,30070.0,3894.695249121173,-1.701343188139449,1.0859009224753629
Station 3,30080.0,3877.915379271813,-1.6545207019782917,1.0999641431903378
Station 3,30090.0,3861.6070241979637,-1.6070415222497114,1.1141126450412686
Station 3,30100.0,3845.7767100486567,-1.5589139680891881,1.1283436170162686
Station 3,30110.0,3830.430874873586,-1.5101473456284755,1.1426539499183628
Station 3,30120.0,3815.575858666411,-1.4607519657785974,1.1570402035679777
Station 3,30130.0,3801.2178932445386,-1.4107391592525271,1.171498567205137
Station 3,30140.0,3787.3630919941706,-1.3601212885987444,1.1860248111815457
Station 3,30150.0,3774.0174395055255,-1.3089117570254243,1.2006142274168667
Station 3,30160.0,3761.186780922917,-1.257125013827169,1.215261555244688
Station 3,30170.0,3748.8768116898473,-1.2047765561092965,1.2299608881430748
Station 3,30180.0,3737.09306711859,-1.1518829267722395,1.2447055551595048
Station 3,30190.0,3725.8409118784616,-1.0984617085334203,1.2594879685846265
Station 3,30200.0,3715.1255296474346,-1.044531513822406,1.274299426140563
Station 3,30210.0,3704.95191288542,-0.9901119704477565,1.2891298511834328
Station 3,30220.0,3695.3248527719707,-0.9352237029430086,1.3039674474505252
Station 3,30230.0,3686.2489293520107,-0.8798883095279795,1.3187982345207445
Station 3,30240.0,3677.7285019336364,-0.8241283346523425,1.3336054145527296
Station 3,30250.0,3669.767699782233,-0.7679672371212396,1.348368497054434
Station 3,30260.0,3662.370413154973,-0.7114293538367376,1.3630620716554371
Station 3,30270.0,3655.5402847192713,-0.6545398592242408,1.3776540614403636
Station 3,30280.0,3649.2807013978622,-0.5973247204490426,1.3921031992119628
Station 3,30290.0,3643.5947866819824,-0.5398106485645233,1.4063553275493288
Station 3,30300.0,3638.4853934525227,-0.48202504576954563,1.4203379051432645
Station 3,30310.0,3633.9550973470414,-0.4239959489881884,1.4339517810623907
Station 3,30320.0,3630.00619070829,-0.3657519700191971,1.4470588865448568
Station 3,30330.0,3626.6406771471766,-0.30732223253533464,1.4594641723294306
Station 3,30340.0,3623.8602667502378,-0.24873630624329102,1.4708906446163188
Station 3,30350.0,3621.6663719583307,-0.19002413854294398,1.4809500190539526
Station 3,30360.0,3620.060104139855,-0.13121598404970003,1.4891233324743833
Station 3,30370.0,3619.042270877963,-0.07234233236532339,1.4947900308378317
Station 3,30380.0,3618.613373987351,-0.013433834500569786,1.4973612401787944
Station 3,30390.0,3618.773608272047,0.04547877163323233,1.4965123014343802
Station 3,30400.0,3619.5228610314543,0.10436473623671327,1.492355262563006
Station 3,30410.0,3620.8607123175543,0.16319337270717016,1.4853758871240952
Station 3,30420.0,3622.786435941871,0.22193413236239978,1.4762034300239533
Station 3,30430.0,3625.2990012264713,0.2805566783746367,1.465417460682151
Station 3,30440.0,3628.397075489027,0.3390309584935669,1.4534719850367575
Station 3,30450.0,3632.0790272478102,0.39732727614984364,1.4406968873226251
Station 3,30460.0,3636.3429301284596,0.4554163595472216,1.42732526915635
Station 3,30470.0,3641.186567450592,0.513269428371627,1.4135214305476964
Station 3,30480.0,3646.6074374686455,0.5708582577695336,1.3994024068387052
Station 3,30490.0,3652.6027592380738,0.6281552392750076,1.3850529866009034
Station 3,30500.0,3659.1694790748925,0.6851334383945449,1.3705358142843964
Station 3,30510.0,3666.3042775738572,0.74176664859089,1.3558981290095422
Station 3,30520.0,3674.0035770699046,0.7980294414776539,1.3411762803281535
Station 3,30530.0,3682.2635495318123,0.8538972130439427,1.3263987875677854
Station 3,30540.0,3691.080125325973,0.9093462254955257,1.3115884413837098
Station 3,30550.0,3700.4490019316404,0.9643536450004307,1.2967637690520886
Station 3,30560.0,3710.3656531433794,1.0188975750222569,1.2819400716680858
Station 3,30570.0,3720.8253385949793,1.0729570852356276,1.2671301692000865
Station 3,30580.0,3731.823113549869,1.1265122360172855,1.2523449432968108
Station 3,30590.0,3743.353838913932,1.1795440985351786,1.237593738095725
Station 3,30600.0,3755.412191426959,1.2320347704891033,1.2228846599750498
Station 3,30610.0,3767.992673989697,1.2839673875862225,1.2082248044577601
Station 3,30620.0,3781.0896260844215,1.3353261308617848,1.193620429964462
Station 3,30630.0,3794.697234248196,1.3860962299803452,1.1790770923461464
Station 3,30640.0,3808.8095425594047,1.4362639626746452,1.1645997501706575
Station 3,30650.0,3823.4204630998893,1.4858166504990242,1.1501928479860055
Station 3,30660.0,3838.523786356812,1.534742651090709,1.135860382848543
Station 3,30670.0,3854.1131915304027,1.5830313471463042,1.1216059580265025
Station 3,30680.0,3870.1822567158683,1.6306731323319,1.107432826798177
Station 3,30690.0,3886.724468929986,1.6776593943536557,1.0933439285431077
Station 3,30700.0,3903.733233955176,1.7239824954216032,1.0793419187952809
Station 3,30710.0,3921.2018859762065,1.7696357503428086,1.0654291945348286
Station 3,30720.0,3939.123696987064,1.8146134024810967,1.0516079157013043
Station 3,30730.0,3957.4918859478666,1.858910597819536,1.0378800236902754
Station 3,30740.0,3976.2996276740637,1.9025233573588385,1.0242472574268926
Station 3,30750.0,3995.5400614424375,1.9454485480800603,1.0107111674814144
Station 3,30760.0,4015.2062993007535,1.987683852693709,0.9972731285925405
Station 3,30770.0,4035.2914340699676,2.029227738389567,0.9839343508876398
Station 3,30780.0,4055.788547030112,2.070079424792752,0.9706958900290255
Station 3,30790.0,4076.690715282898,2.1102388513216472,0.957558656468592
Station 3,30800.0,4097.991018786056,2.1497066441328077,0.9445234239561573
Station 3,30810.0,4119.6825470561425,2.1884840828265775,0.9315908374177789
Station 3,30820.0,4141.75840553827,2.2265730670756527,0.918761420297127
Station 3,30830.0,4164.211721642783,2.263976083326816,0.9060355814346785
Station 3,30840.0,4187.035650450315,2.300696171714026,0.89341362154482
Station 3,30850.0,4210.223380087978,2.3367368933090047,0.8808957393392935
Station 3,30860.0,4233.76813678068,2.3721022978234867,0.8684820373360483
Station 3,30870.0,4257.663189582591,2.406796891865585,0.8561725273851309
Station 3,30880.0,4281.901854778396,2.440825607855153,0.8439671359350376
Station 3,30890.0,4306.477499809406,2.4741937738158293,0.8318657090381681
Station 3,30900.0,4331.383547326813,2.5069070836046032,0.8198680171940247
Station 3,30910.0,4356.613478664404,2.5389715682168474,0.8079737599519243
Station 3,30920.0,4382.160837028065,2.570393568009383,0.7961825703175421
Station 3,30930.0,4408.019230457023,2.601179705831924,0.7844940189812472
Station 3,30940.0,4434.182334520705,2.6313368611359165,0.7729076183706711
Station 3,30950.0,4460.643894761188,2.6608721450852784,0.761422826534568
Station 3,30960.0,4487.397728891369,2.689792876686245,0.7500390508641831
Station 3,30970.0,4514.437728759234,2.7181065599469116,0.7387556516575954
Station 3,30980.0,4541.757862088481,2.745820862070891,0.7275719455320436
Station 3,30990.0,4569.352174005981,2.7729435926841166,0.7164872086887709
Station 3,31000.0,4597.21478836639,2.799482684088803,0.7055006800346914
Station 3,31010.0,4625.339908884174,2.8254461725341327,0.6946115641649321
Station 3,31020.0,4653.721820083223,2.850842180489388,0.6838190342101699
Station 3,31030.0,4682.354888073984,2.875678899901771,0.6731222345525671
Station 3,31040.0,4711.233561167971,2.899964576418167,0.6625202834140463
Station 3,31050.0,4740.352370339146,2.923707494547603,0.6520122753205903
Station 3,31060.0,4769.70592954154,2.9469159637389475,0.6415972834462316
Station 3,31070.0,4799.288935892148,2.969598305346641,0.6312743618403708
Station 3,31080.0,4829.096169727887,2.9917628404557957,0.6210425475420458
Station 3,31090.0,4859.12249454506,3.013417878536853,0.6109008625847887
Station 3,31100.0,4889.362856829571,3.034571706899184,0.600848315895639
Station 3,31110.0,4919.812285785671,3.055232580912344,0.5908839050919474
Station 3,31120.0,4950.465892970847,3.075408714963427,0.58100661817951
Station 3,31130.0,4981.31887184405,3.095108274118755,0.5712154351555955
Station 3,31140.0,5012.366497234173,3.1143393664581693,0.5615093295203871
Station 3,31150.0,5043.604124735406,3.133110036050461,0.5518872697003098
Station 3,31160.0,5075.027190035676,3.151428256538714,0.5423482203867019
Station 3,31170.0,5106.631208184202,3.169301925304889,0.5328911437932146
Station 3,31180.0,5138.411772803789,3.186738858183523,0.5235150008352821
Station 3,31190.0,5170.364555253219,3.203746784695084,0.5142187522349447
Station 3,31200.0,5202.485303744822,3.220333343770241,0.5050013595542427
Station 3,31210.0,5234.769842421988,3.2365060799372123,0.49586178616032645
Station 3,31220.0,5267.214070401139,3.252272439945055,0.48679899812536365
Station 3,31230.0,5299.813960782382,3.267639769796845,0.47781196506423673
Station 3,31240.0,5332.56555963158,3.282615312168551,0.4688996609127628
Station 3,31250.0,5365.46498479782,3.2972062043183,0.4600610646269723
Station 3,31260.0,5398.508424964676,3.3114194761131803,0.45129516086648935
Station 3,31270.0,5431.692138635307,3.3252620483958975,0.4426009406227421
Station 3,31280.0,5465.012452963536,3.338740731778332,0.4339774017755728
Station 3,31290.0,5498.465762649006,3.351862225643987,0.425423549614932
Station 3,31300.0,5532.04852882315,3.3646331174048822,0.41693839731885707
Station 3,31310.0,5565.757277928417,3.3770598819943904,0.40852096639006996
Station 3,31320.0,5599.588600593155,3.389148881578461,0.4001702870534012
Station 3,31330.0,5633.53915050421,3.400906365468543,0.3918853986162032
Station 3,31340.0,5667.605643279277,3.412338470220429,0.383665349793802
Station 3,31350.0,5701.784855340822,3.4234512199040537,0.37550919900196134
Station 3,31360.0,5736.073622793257,3.434250526530139,0.36741601461825774
Station 3,31370.0,5770.468840304895,3.4447421906203486,0.3593848752141764
Station 3,31380.0,5804.9674599961245,3.454931901908395,0.3514148697596638
Station 3,31390.0,5839.5664903350835,3.464825240160261,0.34350509780179317
Station 3,31400.0,5874.262995041987,3.474427676102459,0.3356546696191254
Station 3,31410.0,5909.054092003212,3.4837445724478564,0.32786270635327613
Station 3,31420.0,5943.9369521960625,3.4927811850093087,0.32012834011912644
Station 3,31430.0,5978.90879862512,3.501542663891933,0.31245071409504616
Station 3,31440.0,6013.966905270892,3.5100340547554505,0.30482898259444013
Station 3,31450.0,6049.108596051556,3.5182603001386177,0.29726231111984097
Station 3,31460.0,6084.33124379829,3.52622624083823,0.28974987640074634
Station 3,31470.0,6119.632269244829,3.5339366173358133,0.28229086641630025
Station 3,31480.0,6155.009140031636,3.5413960712654537,0.27488448040389296
Station 3,31490.0,6190.459369725181,3.5486091469168204,0.26752992885466864
Station 3,31500.0,6225.980516852598,3.5555802927677327,0.26022643349690744
Station 3,31510.0,6261.570183952048,3.562313863041168,0.2529732272681732
Station 3,31520.0,6297.226016639029,3.5688141192818534,0.24576955427708272
Station 3,31530.0,6332.945702688821,3.575085231948076,0.2386146697554994
Station 3,31540.0,6368.726971135214,3.5811312820145886,0.23150784000191324
Station 3,31550.0,6404.567591385612,3.586956262582893,0.2244483423167246
Station 3,31560.0,6440.465372352628,3.5925640804954058,0.21743546493010726
Station 3,31570.0,6476.418161602152,3.597958557950359,0.2104685069230914
Station 3,31580.0,6512.423844517937,3.6031434341145365,0.20354677814246522
Station 3,31590.0,6548.480343482643,3.608122366731189,0.1966695991100608
Station 3,31600.0,6584.585617075331,3.6128989337206745,0.1898363009269579
Station 3,31610.0,6620.737659191765,3.6174766348495,0.1830462251594345
Station 3,31620.0,6656.934498276024,3.6218588933188443,0.17629872373290575
Station 2,31820.0,6654.917777578777,-2.703105575938374,0.1768989088940577
Station 2,31830.0,6627.963255818237,-2.687753277808427,0.18194171640457762
Station 2,31840.0,6601.163626814843,-2.672126630513024,0.18698375426443709
Station 2,31850.0,6574.521645975402,-2.6562232524904044,0.1920245054054778
Station 2,31860.0,6548.04009241721,-2.6400407830887995,0.1970634331883476
Station 2,31870.0,6521.721768746947,-2.6235768850946264,0.20209998092530448
Station 2,31880.0,6495.569500814118,-2.6068292473562398,0.207133571402306
Station 2,31890.0,6469.586137438138,-2.5897955875042205,0.21216360640126317
Station 2,31900.0,6443.774550108128,-2.5724736547690514,0.21718946622339919
Station 2,31910.0,6418.1376326544805,-2.5548612328968474,0.22221050921472404
Station 2,31920.0,6392.678300891253,-2.5369561431636116,0.2272260712947118
Station 2,31930.0,6367.399492228462,-2.5187562474883047,0.23223546548934126
Station 2,31940.0,6342.304165253304,-2.5002594516447836,0.23723798146973632
Station 2,31950.0,6317.395299279372,-2.4814637085724276,0.24223288509773394
Station 2,31960.0,6292.675893862934,-2.4623670217850364,0.2472194179797718
Station 2,31970.0,6268.148968270553,-2.442967448881588,0.2521967970289629
Station 2,31980.0,6243.81756074247,-2.423263105197366,0.25716421402034023
Station 2,31990.0,6219.6847281265655,-2.40325216742891,0.262120835204484
Station 2,32000.0,6195.75354521785,-2.382932877442001,0.2670658009057564
Station 2,32010.0,6172.027104044977,-2.3623035461672237,0.27199822513648647
Station 2,32020.0,6148.508513161796,-2.341362557570586,0.27691719523472375
Station 2,32030.0,6125.200896898407,-2.3201083727106497,0.28182177152251997
Station 2,32040.0,6102.107394570921,-2.298539533879007,0.28671098698686354
Station 2,32050.0,6079.231159649112,-2.2766546688204725,0.2915838469854944
Station 2,32060.0,6056.5753588811995,-2.254452495028985,0.29643932897991837
Station 2,32070.0,6034.143171375072,-2.23193182411471,0.3012763822980281
Station 2,32080.0,6011.937787635256,-2.20909156623742,0.30609392792882567
Station 2,32090.0,5989.962408555052,-2.185930734600729,0.3108908583518296
Station 2,32100.0,5968.220244363248,-2.162448450001263,0.31566603740383165
Station 2,32110.0,5946.714513524956,-2.138643945426374,0.3204183001857373
Station 2,32120.0,5925.448441596128,-2.1145165706934765,0.32514645301230655
Station 2,32130.0,5904.425260031422,-2.0900657971235668,0.32984927340766396
Station 2,32140.0,5883.648204945098,-2.0652912222409654,0.33452551014952636
Station 2,32150.0,5863.120515824837,-2.040192574490788,0.3391738833651101
Station 2,32160.0,5842.845434198301,-2.014769717965146,0.34379308468175795
Station 2,32170.0,5822.826202252511,-1.9890226571284784,0.34838177743532556
Station 2,32180.0,5803.066061406046,-1.9629515415319696,0.35293859693940594
Station 2,32190.0,5783.568250834337,-1.9365566705064283,0.35746215081845073
Station 2,32200.0,5764.336005948338,-1.9098384978225043,0.3619510194078573
Station 2,32210.0,5745.372556826989,-1.882797636306608,0.36640375622405524
Station 2,32220.0,5726.681126604008,-1.8554348624004273,0.37081888850757694
Station 2,32230.0,5708.264929809701,-1.8277511206514534,0.3751949178420422
Station 2,32240.0,5690.1271706685675,-1.7997475281214284,0.379530320851904
Station 2,32250.0,5672.271041353622,-1.771425378699361,0.3838235499816893
Station 2,32260.0,5654.699720198511,-1.7427861473051076,0.3880730343593573
Station 2,32270.0,5637.416369868608,-1.713831493969424,0.3922771807462353
Station 2,32280.0,5620.424135492456,-1.6845632677758835,0.3964343745758238
Station 2,32290.0,5603.726142755029,-1.654983510649852,0.40054298108356373
Station 2,32300.0,5587.325495954479,-1.625094460979466,0.4046013465294182
Station 2,32310.0,5571.225276024121,-1.5948985570533523,0.40860779951489523
Station 2,32320.0,5555.4285385216335,-1.5643984402997388,0.41256065239581474
Station 2,32330.0,5539.93831158195,-1.5335969583124351,0.41645820279116985
Station 2,32340.0,5524.757593678364,-1.5024971676692085,0.420298735170238
Station 2,32350.0,5509.889351692295,-1.471102336442052,0.4240805225778554
Station 2,32360.0,5495.336518808366,-1.4394159464911587,0.42780182843786263
Station 2,32370.0,5481.101992308775,-1.4074416954874773,0.431460908444806
Station 2,32380.0,5467.188631408509,-1.375183498632413,0.4350560125589726
Station 2,32390.0,5453.599255074484,-1.3426454900723042,0.4385853870959517
Station 2,32400.0,5440.336639831808,-1.3098320239934722,0.44204727690876155
Station 2,32410.0,5427.403517560403,-1.2767476753841316,0.4454399276600546
Station 2,32420.0,5414.802573285438,-1.24339724045003,0.44876158818135586
Station 2,32430.0,5402.536442965105,-1.209785736671353,0.4520105129157415
Station 2,32440.0,5390.607711279423,-1.1759184024891938,0.4551849644397626
Station 2,32450.0,5379.018909423846,-1.1418006966107284,0.4582832160598483
Station 2,32460.0,5367.772512911578,-1.1074382969231185,0.4613035544778123
Station 2,32470.0,5356.870939388571,-1.072837099007237,0.4642442825194911
Station 2,32480.0,5346.316546465314,-1.0380032142433113,0.46710372191994154
Station 2,32490.0,5336.111629569491,-1.0029429675017962,0.4698802161580449
Station 2,32500.0,5326.2584198238,-0.9676628944140209,0.47257213333276415
Station 2,32510.0,5316.759081953146,-0.9321697382183937,0.47517786907276616
Station 2,32520.0,5307.615712225511,-0.8964704461794111,0.47769584947056215
Station 2,32530.0,5298.830336430802,-0.860572165578014,0.48012453403183836
Station 2,32540.0,5290.404907902044,-0.824482239273463,0.48246241863014483
Station 2,32550.0,5282.341305583188,-0.7882082008382832,0.4847080384567115
Station 2,32560.0,5274.641332147855,-0.7517577692694799,0.4868599709547654
Station 2,32570.0,5267.3067121732465,-0.7151388432807557,0.4889168387273985
Station 2,32580.0,5260.339090373433,-0.6783594951821571,0.49087731240776566
Station 2,32590.0,5253.740029896142,-0.6414279643550593,0.4927401134801927
Station 2,32600.0,5247.511010687079,-0.6043526503321843,0.4945040170406368
Station 2,32610.0,5241.6534279257,-0.567142105493849,0.49616785448488254
Station 2,32620.0,5236.1685905362765,-0.5298050273932857,0.4977305161128721
Station 2,32630.0,5231.057719777886,-0.49235025072547023,0.4991909536376667
Station 2,32640.0,5226.321947916873,-0.454786738955392,0.5005481825877128
Station 2,32650.0,5221.962316985138,-0.41712357562323543,0.5018012845913478
Station 2,32660.0,5217.979777627372,-0.37936995534533235,0.502949409532839
Station 2,32670.0,5214.375188040277,-0.3415351745311499,0.503991777569659
Station 2,32680.0,5211.149313006482,-0.30362862183788564,0.504927681001233
Station 2,32690.0,5208.302823025704,-0.2656597683853746,0.5057564859799732
Station 2,32700.0,5205.836293414153,-0.22763815774102142,0.5064776340395654
Station 2,32710.0,5203.750203686423,-0.1895733957156242,0.5070906434721846
Station 2,32720.0,5202.044937118237,-0.15147514002195384,0.5075951105341484
Station 2,32730.0,5200.720780185019,-0.11335308976961317,0.5079907104357504
Station 2,32740.0,5199.777922203353,-0.07521697485119899,0.5082771981511421
Station 2,32750.0,5199.216455078617,-0.037076545244188686,0.508454409031634
Station 2,32760.0,5199.036373159503,0.0010584397433547332,0.5085222592192232
Station 2,32770.0,5199.237573199879,0.039178222254946216,0.5084807458581954
Station 2,32780.0,5199.819854428161,0.07727305666721046,0.5083299471036945
Station 2,32790.0,5200.782918724075,0.11533322034234317,0.5080700219272334
Station 2,32800.0,5202.126370902386,0.15334902432311348,0.507701209720172
Station 2,32810.0,5203.849719102947,0.1913108239423179,0.5072238296972498
Station 2,32820.0,5205.952375286094,0.22920902931899234,0.5066382801032987
Station 2,32830.0,5208.433655832116,0.2670341157142547,0.5059450372272776
Station 2,32840.0,5211.292782243366,0.3047766337201806,0.5051446542287238
Station 2,32850.0,5214.52888194719,0.34242721925604114,0.5042377597826673
Station 2,32860.0,5218.140989197692,0.3799766033470259,0.5032250565499109
Station 2,32870.0,5222.12804607407,0.4174156216615946,0.5021073194803995
Station 2,32880.0,5226.488903573012,0.45473522378473297,0.5008853939581538
Station 2,32890.0,5231.222322792468,0.4919264822055227,0.4995601937969038
Station 2,32900.0,5236.326976203855,0.5289806009987919,0.4981326990961764
Station 2,32910.0,5241.801449009587,0.5658889241819197,0.4966039539680963
Station 2,32920.0,5247.644240582615,0.6026429437293027,0.49497506414560155
Station 2,32930.0,5253.853765984524,0.639234307228501,0.4932471944831314
Station 2,32940.0,5260.428357558547,0.6756548251635707,0.491421566361108
Station 2,32950.0,5267.366266593754,0.711896477812719,0.4894994550057206
Station 2,32960.0,5274.665665056504,0.7479514217489416,0.4874821867356268
Station 2,32970.0,5282.324647385217,0.7838119959339852,0.4853711361472018
Station 2,32980.0,5290.341232344331,0.8194707273975594,0.4831677232499178
Station 2,32990.0,5298.71336493334,0.8549203364953455,0.4808734105632968
Station 2,33000.0,5307.438918346664,0.8901537417410171,0.4784897001866978
Station 2,33010.0,5316.515695980117,0.925164064208946,0.47601813085291156
Station 2,33020.0,5325.941433479712,0.9599446315059883,0.473460274976236
Station 2,33030.0,5335.713800828453,0.9944889813121662,0.4708177357053146
Station 2,33040.0,5345.830404466902,1.028790864491518,0.4680921439905895
Station 2,33050.0,5356.288789443186,1.0628442477759732,0.4652851556757741
Station 2,33060.0,5367.086441539451,1.0966433160444884,0.46239844861560275
Station 2,33070.0,5378.220789337597,1.1301824742266036,0.4594337198232227
Station 2,33080.0,5389.689206684894,1.1634563486472578,0.45639268271864075
Station 2,33090.0,5401.489014808974,1.1964597880915748,0.4532770643847851
Station 2,33100.0,5413.617484534386,1.229187864452153,0.4500886028984642
Station 2,33110.0,5426.071838517575,1.2616358729879955,0.4468290447319531
Station 2,33120.0,5438.849253482172,1.2937993322109138,0.4435001422287041
Station 2,33130.0,5451.946862450897,1.325673983411181,0.44010365115799666
Station 2,33140.0,5465.361756970612,1.3572557898349915,0.4366413283527518
Station 2,33150.0,5479.090989327129,1.3885409355269305,0.43311492943415897
Station 2,33160.0,5493.1315747465,1.4195258238512698,0.4295262066261927
Station 2,33170.0,5507.480493579742,1.4502070757063517,0.42587690666254296
Station 2,33180.0,5522.134693467983,1.4805815274468475,0.4221687687879648
Station 2,33190.0,5537.091091485245,1.5106462285288609,0.4184035228555269
Station 2,33200.0,5552.346576256208,1.5403984388932699,0.4145828875207794
Station 2,33210.0,5567.898010046455,1.5698356261027488,0.4107085685333807
Station 2,33220.0,5583.742230822819,1.5989554622481688,0.4067822571263199
Station 2,33230.0,5599.876054281686,1.6277558206399314,0.4028056285024418
Station 2,33240.0,5616.296275843183,1.6562347722999609,0.3987803404176376
Station 2,33250.0,5632.9996726094005,1.6843905822698726,0.39470803185970027
Station 2,33260.0,5649.983005284872,1.7122217057507285,0.39059032182154246
Station 2,33270.0,5667.243020057818,1.7397267840896098,0.3864288081671855
Station 2,33280.0,5684.776450440655,1.7669046406279796,0.3822250665886724
Station 2,33290.0,5702.5800190685095,1.7937542764264838,0.37798064965182676
Station 2,33300.0,5720.650439454674,1.8202748658805847,0.3736970859285863
Station 2,33310.0,5738.984417701881,1.8464657522409589,0.3693758792134508
Station 2,33320.0,5757.578654168693,1.8723264430522526,0.3650185078214487
Station 2,33330.0,5776.429845090141,1.8978566055233306,0.36062642396488775
Station 2,33340.0,5795.534684152134,1.9230560618416568,0.3562010532060588
Station 2,33350.0,5814.889864019088,1.9479247844440903,0.35174379398297634
Station 2,33360.0,5834.492077814447,1.9724628912556728,0.34725601720517224
Station 2,33370.0,5854.338020553877,1.9966706409076906,0.34273906591652736
Station 2,33380.0,5874.424390530954,2.020548427945598,0.33819425502208106
Station 2,33390.0,5894.74789065535,2.0440967780369803,0.3336228710757676
Station 2,33400.0,5915.30522974355,2.0673163431890926,0.32902617212601
Station 2,33410.0,5936.093123762303,2.090207896985034,0.32440538761614135
Station 2,33420.0,5957.108297024759,2.112772329847207,0.319761718336603
Station 2,33430.0,5978.347483202604,2.1350106444129713,0.3150963364066651
Station 2,33440.0,5999.807426508811,2.1569239508458393,0.31041038533124465
Station 2,33450.0,6021.4848828558,2.1785134621654185,0.3057049801054771
Station 2,33460.0,6043.376620773726,2.19978048974455,0.3009812073319584
Station 2,33470.0,6065.479422374201,2.2207264388235366,0.2962401253876201
Station 2,33480.0,6087.79008426904,2.2413528040922186,0.29148276462531303
Station 2,33490.0,6110.30541844472,2.261661165344841,0.28671012760751835
Station 2,33500.0,6133.022253093354,2.281653183212219,0.2819231893697015
Station 2,33510.0,6155.9374334010445,2.3013305949752345,0.2771228977109149
Station 2,33520.0,6179.047822294448,2.3206952104632843,0.2723101735093368
Station 2,33530.0,6202.3503011464645,2.3397489080408116,0.2674859110605316
Station 2,33540.0,6225.841770442008,2.3584936306847295,0.2626509784363105
Station 2,33550.0,6249.51915040479,2.376931382155075,0.25780621786216135
Station 2,33560.0,6273.379381586115,2.3950642232609294,0.25295244611131623
Station 2,33570.0,6297.419425416674,2.412894268223254,0.24809045491361015
Station 2,33580.0,6321.636264722354,2.430423681135942,0.24322101137738295
Station 2,33590.0,6346.026904205105,2.4476546725261112,0.23834485842276643
Station 2,33600.0,6370.58837088987,2.464589496014323,0.23346271522478676
Station 2,33610.0,6395.317714538618,2.4812304450751874,0.22857527766479901
Station 2,33620.0,6420.2120080325385,2.497579849898479,0.2236832187888584
Station 2,33630.0,6445.268347723428,2.5136400743507115,0.21878718927171947
Station 2,33640.0,6470.483853755293,2.5294135130368502,0.21388781788522676
Station 2,33650.0,6495.855670357203,2.5449025884616536,0.2089857119699444
Station 2,33660.0,6521.380966108432,2.5601097482899235,0.20408145790895416
Station 2,33670.0,6547.056934176883,2.5750374627047723,0.19917562160281052
Station 2,33680.0,6572.880792531808,2.589688221862853,0.19426874894472618
Station 2,33690.0,6598.849784131818,2.604064533445337,0.18936136629511896
Station 2,33700.0,6624.961177089134,2.618168920303323,0.18445398095472165
Station 2,33710.0,6651.212264811098,2.632003918196169,0.1795470816355192
Station 2,33720.0,6677.600366119803,2.645572073621216,0.17464113892882843
Station 1,36680.0,6651.09118637801,-3.1617079809216238,0.17839649068163385
Station 1,36690.0,6619.527574328404,-3.150971436408372,0.184290415503475
Station 1,36700.0,6588.072622702659,-3.139975303790002,0.19020271862250357
Station 1,36710.0,6556.728944878278,-3.128716081286607,0.1961332992134617
Station 1,36720.0,6525.499189446858,-3.1171902313090865,0.20208204238696267
Station 1,36730.0,6494.386040572383,-3.1053941813906762,0.2080488185115901
Station 1,36740.0,6463.392218322799,-3.093324325221734,0.2140334825086174
Station 1,36750.0,6432.520478835916,-3.080977023845091,0.2200358731042748
Station 1,36760.0,6401.773614867944,-3.068348606790929,0.22605581209867756
Station 1,36770.0,6371.154456061248,-3.055435373446402,0.23209310357609375
Station 1,36780.0,6340.665869203597,-3.042233594531135,0.23814753308892442
Station 1,36790.0,6310.310758508886,-3.0287395136773636,0.2442188668172158
Station 1,36800.0,6280.092065881155,-3.0149493491364017,0.2503068506989297
Station 1,36810.0,6250.012771160544,-3.0008592956168054,0.2564112095304557
Station 1,36820.0,6220.075892349948,-2.9864655262596984,0.262531646036846
Station 1,36830.0,6190.284485820925,-2.971764194756761,0.26866783991133614
Station 1,36840.0,6160.6416464974645,-2.9567514376164956,0.2748194468237254
Station 1,36850.0,6131.150508016079,-2.941423376584384,0.2809860973972796
Station 1,36860.0,6101.814242860729,-2.925776121222608,0.28716739615383574
Station 1,36870.0,6072.636062470949,-2.909805771655026,0.29336292042689344
Station 1,36880.0,6043.619217321511,-2.8935084214830837,0.2995722192425385
Station 1,36890.0,6014.766996971954,-2.8768801608782892,0.3057948121681232
Station 1,36900.0,5986.082730084166,-2.859917079856883,0.31203018812873895
Station 1,36910.0,5957.56978440624,-2.842615271742228,0.3182778041916033
Station 1,36920.0,5929.231566720706,-2.8249708368203414,0.3245370843186142
Station 1,36930.0,5901.071522755224,-2.8069798861938846,0.3308074180874455
Station 1,36940.0,5873.0931370537555,-2.788638545839726,0.33708815938170134
Station 1,36950.0,5845.299932806201,-2.7699429608750616,0.34337862505079514
Station 1,36960.0,5817.6954716344035,-2.7508893000367496,0.3496780935403998
Station 1,36970.0,5790.283353332461,-2.731473760378348,0.35598580349448056
Station 1,36980.0,5763.06721555908,-2.711692572188958,0.36230095233015197
Station 1,36990.0,5736.050733479898,-2.6915420041376343,0.3686226947867774
Station 1,37000.0,5709.237619357458,-2.671018368646761,0.3749501414510021
Station 1,37010.0,5682.631622086611,-2.6501180274972715,0.3812823572596376
Station 1,37020.0,5656.236526673016,-2.628837397668143,0.38761835998261696
Station 1,37030.0,5630.056153652488,-2.6071729574120193,0.3939571186884949
Station 1,37040.0,5604.094358448815,-2.5851212525681886,0.4002975521953236
Station 1,37050.0,5578.355030667744,-2.5626789031135093,0.40663852751004803
Station 1,37060.0,5552.842093324778,-2.5398426099510933,0.41297885825993375
Station 1,37070.0,5527.559502004465,-2.516609161935817,0.4193173031199219
Station 1,37080.0,5502.5112439488685,-2.4929754431348394,0.4256525642402214
Station 1,37090.0,5477.701337072905,-2.4689384403203896,0.4319832856788732
Station 1,37100.0,5453.133828898755,-2.444495250693268,0.43830805184382393
Station 1,37110.0,5428.812795247448,-2.4196430898881776,0.4446253859318908
Station 1,37120.0,5404.742339185528,-2.3943793000628473,0.4509337484300666
Station 1,37130.0,5380.926589742521,-2.3687013582715277,0.4572315356259852
Station 1,37140.0,5357.369700461149,-2.342606885063881,0.4635170781456765
Station 1,37150.0,5334.075847920705,-2.316093653251552,0.4697886395424973
Station 1,37160.0,5311.049230171563,-2.289159596856389,0.4760444149382785
Station 1,37170.0,5288.294065078997,-2.261802820227739,0.4822825297257823
Station 1,37180.0,5265.814588574763,-2.234021607314769,0.48850103834217146
Station 1,37190.0,5243.615052814928,-2.2058144310781587,0.49469792312386895
Station 1,37200.0,5221.699724242726,-2.177179963024026,0.5008710932538089
Station 1,37210.0,5200.072881555285,-2.148117082841181,0.507018383812783
Station 1,37220.0,5178.738813573337,-2.1186248881212646,0.51313755494723
Station 1,37230.0,5157.701817013214,-2.088702704139559,0.5192262911664819
Station 1,37240.0,5136.966194160668,-2.0583500936725887,0.5252822007831386
Station 1,37250.0,5116.5362504463,-2.02756686682689,0.5313028155108643
Station 1,37260.0,5096.416291922676,-1.9963530908516542,0.5372855902345123
Station 1,37270.0,5076.610622643418,-1.9647090999062324,0.5432279029680465
Station 1,37280.0,5057.123541944965,-1.9326355047518082,0.549127055016258
Station 1,37290.0,5037.95934163192,-1.9001332023349646,0.5549802713567183
Station 1,37300.0,5019.12230306727,-1.8672033852292376,0.5607847012588322
Station 1,37310.0,5000.616694169147,-1.8338475508993348,0.5665374191571174
Station 1,37320.0,4982.446766316066,-1.8000675107511552,0.5722354257960952
Station 1,37330.0,4964.616751163065,-1.7658653989295796,0.577875649664206
Station 1,37340.0,4947.130857371482,-1.7312436808246954,0.5834549487341716
Station 1,37350.0,4929.993267255519,-1.6962051612461033,0.5889701125270085
Station 1,37360.0,4913.208133349179,-1.6607529922240611,0.594417864516528
Station 1,37370.0,4896.779574897527,-1.624890680395426,0.5997948648906506
Station 1,37380.0,4880.711674276714,-1.588622093931921,0.6050977136850482
Station 1,37390.0,4865.00847334758,-1.5519514689677933,0.6103229543037207
Station 1,37400.0,4849.673969748096,-1.5148834154838777,0.6154670774398487
Station 1,37410.0,4834.712113130324,-1.4774229226052014,0.6205265254088247
Station 1,37420.0,4820.126801348048,-1.439575363269618,0.625497696903605
Station 1,37430.0,4805.921876601571,-1.4013464982256072,0.6303769521805117
Station 1,37440.0,4792.101121546655,-1.3627424793183025,0.6351606186812884
Station 1,37450.0,4778.668255374949,-1.3237698520240153,0.6398449970945957
Station 1,37460.0,4765.626929871729,-1.284435557195397,0.644426367856984
Station 1,37470.0,4752.980725300221,-1.2447469320048905,0.6489009980720702
Station 1,37480.0,4740.73314656879,-1.204711709963131,0.6532651488943332
Station 1,37490.0,4728.887619340381,-1.1643380200798823,0.6575150833238711
Station 1,37500.0,4717.447486010194,-1.1236343851205406,0.6616470743904888
Station 1,37510.0,4706.4160017832155,-1.0826097188966175,0.665657413734068
Station 1,37520.0,4695.7963307833015,-1.0412733225852921,0.6695424205487112
Station 1,37530.0,4685.591542203632,-0.9996348800587805,0.6732984508628985
Station 1,37540.0,4675.804606508512,-0.9577044522080901,0.6769219071231863
Station 1,37550.0,4666.438391696724,-0.9154924702499656,0.6804092480441233
Station 1,37560.0,4657.495659636598,-0.8730097280101377,0.6837569986823511
Station 1,37570.0,4648.979062483128,-0.830267373180632,0.6869617606881221
Station 1,37580.0,4640.891139187374,-0.7872768975536433,0.6900202226829839
Station 1,37590.0,4633.234312108423,-0.744050126239416,0.6929291707081052
Station 1,37600.0,4626.010883738001,-0.7005992058806396,0.6956854986837979
Station 1,37610.0,4619.223033547761,-0.6569365918809522,0.6982862188173048
Station 1,37620.0,4612.872814968996,-0.6130750346703651,0.7007284718929284
Station 1,37630.0,4606.9621525143475,-0.5690275650355751,0.703009537376206
Station 1,37640.0,4601.4928390506975,-0.5248074785482767,0.7051268432621267
Station 1,37650.0,4596.466533232136,-0.48042831912965844,0.7070779755964343
Station 1,37660.0,4591.884757101485,-0.43590386179421814,0.7088606875989132
Station 1,37670.0,4587.748893868343,-0.3912480946207416,0.7104729083182936
Station 1,37680.0,4584.060185871205,-0.34647520000297016,0.7119127507499964
Station 1,37690.0,4580.819732730605,-0.3015995352367261,0.7131785193505019
Station 1,37700.0,4578.028489699652,-0.2566356125042972,0.7142687168855605
Station 1,37710.0,4575.687266217681,-0.21159807832059765,0.7151820505538259
Station 1,37720.0,4573.7967246721655,-0.16650169250901115,0.7159174373326784
Station 1,37730.0,4572.357379373218,-0.12136130677766423,0.7164740084990527
Station 1,37740.0,4571.3695957443715,-0.0761918429695448,0.7168511132848124
Station 1,37750.0,4570.833589732565,-0.031008271061784193,0.7170483216335958
Station 1,37760.0,4570.749427439485,0.014174413008792963,0.7170654260339866
Station 1,37770.0,4571.117024975638,0.05934120961576056,0.7169024424121541
Station 1,37780.0,4571.936148537756,0.10447713773003423,0.716559610075731
Station 1,37790.0,4573.206414709325,0.1495672571447709,0.7160373907093986
Station 1,37800.0,4574.927290983262,0.19459669055973317,0.7153364664313884
Station 1,37810.0,4577.09809650495,0.23955064544743943,0.7144577369286684
Station 1,37820.0,4579.718003033114,0.28441443562488933,0.7134023156968847
Station 1,37830.0,4582.786036011124,0.32917350247760013,0.7121715254063282
Station 1,37840.0,4586.301075922126,0.3738134357464985,0.7107668924563764
Station 1,37850.0,4590.261860085269,0.4183199937400581,0.7091901407864192
Station 1,37860.0,4594.666984321205,0.4626791230311498,0.7074431849284699
Station 1,37870.0,4599.514904931567,0.5068769775016699,0.705528122414811
Station 1,37880.0,4604.80394086667,0.5508999366896399,0.7034472255895845
Station 1,37890.0,4610.532276072539,0.5947346233846164,0.7012029328907384
Station 1,37900.0,4616.697962009509,0.6383679204213412,0.6987978396713673
Station 1,37910.0,4623.298920334191,0.681786986626323,0.696234688631021
Station 1,37920.0,4630.3329457361615,0.7249792718768322,0.6935163599281763
Station 1,37930.0,4637.797708920337,0.7679325312368643,0.690645861044842
Station 1,37940.0,4645.690759725706,0.810634838139671,0.6876263164732221
Station 1,37950.0,4654.009530370774,0.8530745965916678,0.6844609572925837
Station 1,37960.0,4662.751338815873,0.895240552377659,0.6811531107020224
Station 1,37970.0,4671.9133922323235,0.9371218032525396,0.6777061895717774
Station 1,37980.0,4681.492790568271,0.9787078081096627,0.6741236820721902
Station 1,37990.0,4691.486530200997,1.0199883951210675,0.6704091414354397
Station 1,38000.0,4701.891507665461,1.0609537688496586,0.666566175900883
Station 1,38010.0,4712.70452344884,1.101594516338027,0.6625984388902849
Station 1,38020.0,4723.922285840902,1.1419016121832062,0.658509619454525
Station 1,38030.0,4735.541414830223,1.181866422610811,0.6543034330285625
Station 1,38040.0,4747.5584460362925,1.2214807085661152,0.6499836125266603
Station 1,38050.0,4759.969834667891,1.2607366278433143,0.6455538998050931
Station 1,38060.0,4772.771959498216,1.2996267362778007,0.6410180375149684
Station 1,38070.0,4785.961126847601,1.3381439880293264,0.6363797613632619
Station 1,38080.0,4799.533574564887,1.376281734986922,0.6316427927959397
Station 1,38090.0,4813.485475998899,1.4140337253289805,0.6268108321129756
Station 1,38100.0,4827.812943951748,1.451394101274178,0.6218875520213072
Station 1,38110.0,4842.512034606098,1.4883573960608523,0.6168765916282802
Station 1,38120.0,4857.578751418915,1.5249185301941353,0.6117815508749382
Station 1,38130.0,4873.009048974578,1.561072807001449,0.6066059854056162
Station 1,38140.0,4888.798836790687,1.5968159075380366,0.6013534018677065
Station 1,38150.0,4904.943983070284,1.6321438848849863,0.5960272536331873
Station 1,38160.0,4921.4403183946515,1.667053157882654,0.5906309369314923
Station 1,38170.0,4938.283639351274,1.7015405043426601,0.5851677873816014
Station 1,38180.0,4955.469712091987,1.735603053781589,0.5796410769097882
Station 1,38190.0,4972.9942757937515,1.769238279731027,0.5740540110351481
Station 1,38200.0,4990.853045887096,1.8024439917423074,0.5684097264885856
Station 1,38210.0,5009.04171763226,1.83521832682277,0.5627112892289255
Station 1,38220.0,5027.555969286077,1.8675597407073163,0.5569616927384595
Station 1,38230.0,5046.391465211781,1.8994669988563346,0.551163856626225
Station 1,38240.0,5065.543858932796,1.9309391672059122,0.5453206255229708
Station 1,38250.0,5085.008796092558,1.961975602724933,0.5394347682455573
Station 1,38260.0,5104.78191731863,1.9925759438152797,0.5335089772134182
Station 1,38270.0,5124.858860989757,2.0227401005898775,0.5275458680999294
Station 1,38280.0,5145.2352659048765,2.0524682450617764,0.5215479797018581
Station 1,38290.0,5165.906773853345,2.0817608012758386,0.5155177740104561
Station 1,38300.0,5186.8690320860505,2.110618435412923,0.5094576364682518
Station 1,38310.0,5208.117695687297,2.1390420458947634,0.5033698763961125
Station 1,38320.0,5229.648429847607,2.1670327535160143,0.4972567275757292
Station 1,38330.0,5251.456912037967,2.1945918916282072,0.49112034897329754
Station 1,38340.0,5273.538834086101,2.221720996398628,0.4849628255907951
Station 1,38350.0,5295.889904155721,2.248421797165409,0.4787861694319161
Station 1,38360.0,5318.505848629838,2.2746962069084953,0.47259232057039297
Station 1,38370.0,5341.382413899445,2.300546312854343,0.46638314830910205
Station 1,38380.0,5364.515368058974,2.3259743672307724,0.460160452419016
Station 1,38390.0,5387.9005025102115,2.350982778186631,0.45392596444773514
Station 1,38400.0,5411.5336334763715,2.375574100889574,0.4476813490879657
Station 1,38410.0,5435.410603428217,2.3997510288136215,0.441428205596965
Station 1,38420.0,5459.527282424209,2.4235163852268493,0.43516806925857854
Station 1,38430.0,5483.879569366807,2.4468731148881866,0.428902412880103
Station 1,38440.0,5508.463393176961,2.4698242759609625,0.42263264831676994
Station 1,38450.0,5533.274713889194,2.492373032149671,0.4163601280172297
Station 1,38460.0,5558.309523669402,2.514522645065206,0.41008614658390363
Station 1,38470.0,5583.563847757806,2.5362764668227733,0.4038119423426219
Station 1,38480.0,5609.033745339387,2.5576379328756174,0.39753869891640964
Station 1,38490.0,5634.715310344182,2.5786105550867613,0.39126754679876286
Station 1,38500.0,5660.604672179889,2.5991979150400546,0.384999564922178
Station 1,38510.0,5686.697996399134,2.619403657590992,0.3787357822181019
Station 1,38520.0,5712.991485303884,2.639231484656986,0.3724771791648619
Station 1,38530.0,5739.481378489362,2.658685149246123,0.36622468932048347
Station 1,38540.0,5766.163953329872,2.6777684497226812,0.3599792008376429
Station 1,38550.0,5793.035525408881,2.69648522430722,0.35374155795831563
Station 1,38560.0,5820.092448833414,2.7148393458494007,0.3475125624771005
Station 1,38570.0,5847.331116451494,2.732834716870065,0.34129297517234647
Station 1,38580.0,5874.7479603827605,2.7504752645829464,0.33508351726381547
Station 1,38590.0,5902.339452123806,2.7677649363765364,0.32888487179025355
Station 1,38600.0,5930.102102720941,2.784707695448665,0.32269768497308365
Station 1,38610.0,5958.032462909917,2.8013075166471286,0.31652256755183167
Station 1,38620.0,5986.127123214537,2.8175683825178446,0.3103600960890726
Station 1,38630.0,6014.382714006351,2.833494279555365,0.30421081424427493
Station 1,38640.0,6042.795905527402,2.8490891946504853,0.2980752340160512
Station 1,38650.0,6071.363407878056,2.8643571117294666,0.2919538369524737
Station 1,38660.0,6100.081970971816,2.8793020085793155,0.2858470753292412
Station 1,38670.0,6128.948384459023,2.893927853853443,0.2797553732955894
Station 1,38680.0,6157.959477621241,2.90823860425199,0.2736791279879492
Station 1,38690.0,6187.112119238091,2.922238201871046,0.2676187106114457
Station 1,38700.0,6216.403217428248,2.9359305717149735,0.2615744674894193
Station 1,38710.0,6245.829719466215,2.949319619366097,0.2555467210812106
Station 1,38720.0,6275.388611576484,2.9624092288059463,0.24953577096854557
Station 1,38730.0,6305.0769187066035,2.9752032603823992,0.24354189481088157
Station 1,38740.0,6334.891704280599,2.9877055489170123,0.23756534927015693
Station 1,38750.0,6364.8300699342,2.999919901947009,0.23160637090540873
Station 1,38760.0,6394.889155233174,3.0118500980963607,0.22566517703778088
Station 1,38770.0,6425.066137376113,3.0234998855705753,0.2197419665864664
Station 1,38780.0,6455.358230882876,3.034872980769874,0.21383692087615747
Station 1,38790.0,6485.762687269918,3.045973067015531,0.20795020441661033
Station 1,38800.0,6516.2767947135835,3.056803793384319,0.2020819656549356
Station 1,38810.0,6546.897877702514,3.0673687736460424,0.1962323377012596
Station 1,38820.0,6577.623296680168,3.077671585299343,0.19040143902839576
Station 1,38830.0,6608.4504476784205,3.087715768701066,0.18458937414618762
Station 1,38840.0,6639.376761943222,3.097504826284588,0.1787962342511851
Station 3,40100.0,6626.649429685534,-3.5669750829126294,0.18093472472713942
Station 3,40110.0,6591.003586225941,-3.5621611839657694,0.1876273199088606
Station 3,40120.0,6555.4068600816345,-3.557151062594364,0.19436112768575334
Station 3,40130.0,6519.861230297845,-3.551941341595078,0.2011367493608515
Station 3,40140.0,6484.3687100580855,-3.5465285704692855,0.20795479484859056
Station 3,40150.0,6448.931347424677,-3.5409092240145785,0.21481588270925697
Station 3,40160.0,6413.55122609316,-3.5350797009134025,0.22172064017612264
Station 3,40170.0,6378.230466160604,-3.529036322321032,0.22866970317466095
Station 3,40180.0,6342.971224907851,-3.522775330455295,0.23566371633320324
Station 3,40190.0,6307.7756975956645,-3.5162928871907235,0.2427033329843463
Station 3,40200.0,6272.646118274788,-3.5095850726599815,0.24978921515639135
Station 3,40210.0,6237.584760609811,-3.5026478838657287,0.2569220335540417
Station 3,40220.0,6202.593938716804,-3.495477233306296,0.2641024675275402
Station 3,40230.0,6167.676008014538,-3.488068947618857,0.27133120502938046
Station 3,40240.0,6132.833366089172,-3.4804187662440684,0.2786089425576773
Station 3,40250.0,6098.068453572219,-3.472522340116476,0.2859363850852098
Station 3,40260.0,6063.383755031465,-3.4643752303853086,0.2933142459731229
Station 3,40270.0,6028.781799874651,-3.4559729071706218,0.3007432468681767
Station 3,40280.0,5994.265163265521,-3.447310748360184,0.3082241175823982
Station 3,40290.0,5959.836467051861,-3.438384038452797,0.3157575959539025
Station 3,40300.0,5925.498380705037,-3.429187967454266,0.32334442768759714
Station 3,40310.0,5891.253622270575,-3.419717629832575,0.3309853661743883
Station 3,40320.0,5857.104959329173,-3.4099680235393346,0.3386811722874458
Station 3,40330.0,5823.055209967468,-3.399934049105059,0.346432614153996
Station 3,40340.0,5789.107243757862,-3.389610508816292,0.3542404669010186
Station 3,40350.0,5755.263982746585,-3.37899210598316,0.3621055123731443
Station 3,40360.0,5721.528402449071,-3.368073444306475,0.3700285388209406
Station 3,40370.0,5687.90353285169,-3.356849027354093,0.3780103405576867
Station 3,40380.0,5654.392459418718,-3.345313258156811,0.3860517175826177
Station 3,40390.0,5620.99832410334,-3.333460438934736,0.39415347516852145
Station 3,40400.0,5587.7243263614155,-3.3212847709657,0.4023164234114416
Station 3,40410.0,5554.573724166528,-3.308780354607922,0.4105413767401303
Station 3,40420.0,5521.549834949479,-3.2959411895259314,0.4188291533747608
Station 3,40430.0,5488.656036500751,-3.2827611751048846,0.4271805747382717
Station 3,40440.0,5455.895768238355,-3.2692341108903595,0.4355964648574415
Station 3,40450.0,5423.272532080932,-3.255353697431025,0.4440776496704482
Station 3,40460.0,5390.789893427355,-3.2411135372847597,0.45262495629390215
Station 3,40470.0,5358.451482132553,-3.2265071362639226,0.46123921223328024
Station 3,40480.0,5326.26099346923,-3.211527904940998,0.46992124453250833
Station 3,40490.0,5294.22218907287,-3.1961691604328077,0.4786718788590896
Station 3,40500.0,5262.338897867121,-3.180424128482111,0.48749193852100375
Station 3,40510.0,5230.615016966517,-3.164285945856371,0.49638224341138587
Station 3,40520.0,5199.0545125532835,-3.1477476630841146,0.5053436088767708
Station 3,40530.0,5167.661420724773,-3.130802247550144,0.5143768445044659
Station 3,40540.0,5136.43984830785,-3.113442586971568,0.5234827528243597
Station 3,40550.0,5105.393973636325,-3.0956614932773565,0.5326621279202093
Station 3,40560.0,5074.528047287343,-3.077451706914838,0.5419157539451678
Station 3,40570.0,5043.846392772311,-3.0588059016070774,0.5512444035360169
Station 3,40580.0,5013.353407177842,-3.039716689585852,0.5606488361202191
Station 3,40590.0,4983.053561751772,-3.020176627325257,0.5701297961095804
Station 3,40600.0,4952.951402429269,-3.000178221801619,0.5796880109739017
Station 3,40610.0,4923.051550293541,-2.9797139373055432,0.589324189187613
Station 3,40620.0,4893.358701965657,-2.9587762028324054,0.5990390180418911
Station 3,40630.0,4863.87762991751,-2.9373574200775514,0.6088331613142975
Station 3,40640.0,4834.613182701869,-2.9154499720625755,0.6187072567874073
Station 3,40650.0,4805.570285093014,-2.8930462324188637,0.6286619136073076
Station 3,40660.0,4776.753938131407,-2.8701385753543716,0.6386977094721512
Station 3,40670.0,4748.169219065408,-2.8467193863289255,0.6488151876402455
Station 3,40680.0,4719.821281182915,-2.8227810734628864,0.6590148537462835
Station 3,40690.0,4691.715353525494,-2.798316079702871,0.6692971724134282
Station 3,40700.0,4663.856740477379,-2.7733168957672083,0.6796625636478895
Station 3,40710.0,4636.250821221494,-2.747776073892292,0.6901113990014716
Station 3,40720.0,4608.903049054409,-2.7216862423992927,0.7006439974862196
Station 3,40730.0,4581.818950552022,-2.695040121098668,0.711260621223784
Station 3,40740.0,4555.004124577551,-2.6678305375474975,0.7219614708103999
Station 3,40750.0,4528.464241123271,-2.6400504441719788,0.7327466803763961
Station 3,40760.0,4502.205039977387,-2.611692936264291,0.7436163123169167
Station 3,40770.0,4476.232329207296,-2.5827512708595695,0.754570351667919
Station 3,40780.0,4450.551983431637,-2.5532188865026866,0.765608700096845
Station 3,40790.0,4425.169941706595,-2.5230894239641177,0.7767311694616685
Station 3,40800.0,4400.0922056595255,-2.4923567476299553,0.7879374749610373
Station 3,40810.0,4375.32483709973,-2.461014967899823,0.7992272277597473
Station 3,40820.0,4350.873955399439,-2.429058464414475,0.8105999270770616
Station 3,40830.0,4326.745734684226,-2.3964819100783936,0.8220549516883415
Station 3,40840.0,4302.946400778847,-2.3632802958669803,0.8335915507761853
Station 3,40850.0,4279.482227900911,-2.3294489563797915,0.8452088340635503
Station 3,40860.0,4256.359535095123,-2.2949835960936227,0.856905761151742
Station 3,40870.0,4233.584682401409,-2.2598803162612704,0.8686811299749713
Station 3,40880.0,4211.164066750789,-2.2241356423932825,0.8805335642701678
Station 3,40890.0,4189.104117583542,-2.187746552251273,0.8924614999455027
Station 3,40900.0,4167.411292184964,-2.1507105042721792,0.9044631702133274
Station 3,40910.0,4146.092070734887,-2.113025466333523,0.916536589332482
Station 3,40920.0,4125.15295106807,-2.0746899447599962,0.9286795347806193
Station 3,40930.0,4104.60044314361,-2.0357030134620735,0.9408895276488093
Station 3,40940.0,4084.44106322271,-1.996064343087472,0.9531638110173941
Station 3,40950.0,4064.6813277552737,-1.9557742300565057,0.9654993260331566
Station 3,40960.0,4045.327746977318,-1.9148336253428748,0.9778926853622059
Station 3,40970.0,4026.3868182224282,-1.8732441628519427,0.990340143639663
Station 3,40980.0,4007.8650189521486,-1.8310081872397135,1.002837564474709
Station 3,40990.0,3989.768799511758,-1.7881287810072277,1.0153803834966102
Station 3,41000.0,3972.10457561956,-1.744609790697258,1.0279635668421412
Station 3,41010.0,3954.878720599634,-1.7004558520133837,1.040581564385623
Station 3,41020.0,3938.0975573697765,-1.6556724136753391,1.0532282568977545
Station 3,41030.0,3921.767350198266,-1.6102657598197372,1.0658968961863755
Station 3,41040.0,3905.8942962450355,-1.564243030751625,1.078580037119613
Station 3,41050.0,3890.484516904744,-1.517612241850127,1.0912694602578359
Station 3,41060.0,3875.544048971261,-1.4703823004308316,1.1039560836249573
Station 3,41070.0,3861.078835645019,-1.4225630203686261,1.116629861932416
Station 3,41080.0,3847.0947174066455,-1.374165134287655,1.1292796713339137
Station 3,41090.0,3833.5974227821853,-1.325200303129941,1.141893177542697
Station 3,41100.0,3820.5925590270926,-1.275681122921171,1.1544566848991806
Station 3,41110.0,3808.0856027579275,-1.2256211285611733,1.166954963757818
Station 3,41120.0,3796.081890562362,-1.1750347944779593,1.17937105340545
Station 3,41130.0,3784.5866096196414,-1.1239375319974638,1.1916860376871523
Station 3,41140.0,3773.6047883634105,-1.0723456832972051,1.2038787906881556
Station 3,41150.0,3763.1412870392473,-1.0202765118392905,1.215925690326468
Station 3,41160.0,3753.2007886962665,-0.9677481891305227,1.2278002987834142
Station 3,41170.0,3743.7877902804603,-0.9147797778222178,1.2394730104935126
Station 3,41180.0,3734.9065937319288,-0.8613912110678091,1.250910671434631
Station 3,41190.0,3726.561297401554,-0.8076032680949552,1.2620761780951715
Station 3,41200.0,3718.755787730363,-0.7534375460092247,1.2729280713026794
Station 3,41210.0,3711.4937312291554,-0.6989164278600282,1.283420149749828
Station 3,41220.0,3704.778566795509,-0.6440630470282269,1.2935011410764916
Station 3,41230.0,3698.6134984045825,-0.5889012480240976,1.3031144849883212
Station 3,41240.0,3693.00148820904,-0.5334555438138542,1.3121983025582893
Station 3,41250.0,3687.945250082164,-0.4777510698222476,1.3206856465621228
Station 3,41260.0,3683.4472436365522,-0.4218135347876324,1.3285051451391976
Station 3,41270.0,3679.509668748918,-0.36566916867380367,1.3355821579062472
Station 3,41280.0,3676.1344606193343,-0.3093446678695779,1.341840549470727
Station 3,41290.0,3673.323285390818,-0.2528671379321584,1.3472051382862527
Station 3,41300.0,3671.0775363524936,-0.1962640341532177,1.351604790152152
Station 3,41310.0,3669.3983307466538,-0.13956310024754048,1.354975996766681
Station 3,41320.0,3668.2865071969773,-0.08279230548190705,1.3572666299014784
Station 3,41330.0,3667.74262377188,-0.025979780577188916,1.3584394310556296
Station 3,41340.0,3667.7669566936042,0.03084624727152635,1.35847473727836
Station 3,41350.0,3668.359499700141,0.0876575199030522,1.3573719993229445
Station 3,41360.0,3669.5199640635233,0.14442581386775227,1.3551498259390018
Station 3,41370.0,3671.247779264435,0.20112300591418858,1.3518445462848394
Station 3,41380.0,3673.5420943194604,0.2577211379261563,1.3475075431241286
Station 3,41390.0,3676.4017797537417,0.31419248095690216,1.3422017934646948
Station 3,41400.0,3679.825430208352,0.37050959801620786,1.3359981161870096
Station 3,41410.0,3683.8113676682397,0.4266454052781808,1.3289715727953175
Station 3,41420.0,3688.357645293427,0.48257323139290476,1.3211983394147409
Station 3,41430.0,3693.4620518329875,0.5382668746033492,1.3127532181254271
Station 3,41440.0,3699.122116598508,0.593700657389696,1.3037078248496061
Station 3,41450.0,3705.3351149710197,0.648849478386463,1.2941293998172823
Station 3,41460.0,3712.098074412995,0.7036888613428406,1.2840801373694812
Station 3,41470.0,3719.407780954827,0.7581950009235572,1.2736169160785213
Station 3,41480.0,3727.2607861232977,0.8123448051753637,1.2627913160868407
Station 3,41490.0,3735.6534142779788,0.8661159345133228,1.2516498276258476
Station 3,41500.0,3744.5817703201283,0.9194868371102989,1.2402341753409971
Station 3,41510.0,3754.0417476132275,0.9724367806655351,1.2285817028450414
Station 3,41520.0,3764.0290363231975,1.0249458803963094,1.2167257787769086
Station 3,41530.0,3774.539132225006,1.0769951231307493,1.2046961988766514
Station 3,41540.0,3785.567345398237,1.1285663877918348,1.1925195683614862
Station 3,41550.0,3797.108809236908,1.1796424620839399,1.1802196559390867
Station 3,41560.0,3809.1584896078825,1.2302070554837954,1.1678177154898397
Station 3,41570.0,3821.7111941204817,1.2802448086104703,1.1553327745368789
Station 3,41580.0,3834.761581471631,1.3297412990702648,1.1427818905188074
Station 3,41590.0,3848.304170831858,1.3786830438921869,1.1301803769611598
Station 3,41600.0,3862.333351238754,1.4270574986873021,1.1175420021805067
Station 3,41610.0,3876.843390965931,1.474853053680741,1.1048791633434034
Station 3,41620.0,3891.8284468370143,1.5220590267784524,1.092203038675356
Station 3,41630.0,3907.282573455942,1.568665653841827,1.079523720463349
Station 3,41640.0,3923.1997323266155,1.6146640763523712,1.0668503312788167
Station 3,41650.0,3939.573800836737,1.660046326655173,1.0541911256046181
Station 3,41660.0,3956.3985810826916,1.7048053109748817,1.0415535788027697
Station 3,41670.0,3973.6678085141707,1.7489347904005585,1.0289444651234898
Station 3,41680.0,3991.375160379297,1.7924293600367571,1.0163699262376746
Station 3,41690.0,4009.51426395293,1.8352844265175514,1.003835531577595
Station 3,41700.0,4028.0787045327747,1.8774961840777116,0.9913463315953785
Station 3,41710.0,4047.0620331898917,1.9190615893717344,0.9789069048947858
Station 3,41720.0,4066.457774262045,1.9599783352263178,0.9665214000577026
Station 3,41730.0,4086.2594325801606,2.000244823505857,0.9541935728706435
Station 3,41740.0,4106.460500419933,2.0398601372634593,0.9419268195564912
Station 3,41750.0,4127.054464172298,2.0788240123421873,0.9297242065307394
Station 3,41760.0,4148.034810728088,2.117136808582739,0.9175884971278219
Station 3,41770.0,4169.395033573716,2.154799480784779,0.9055221756800693
Station 3,41780.0,4191.128638596134,2.1918135495597704,0.8935274692779581
Station 3,41790.0,4213.229149596668,2.2281810722035473,0.8816063674942598
Station 3,41800.0,4235.690113514537,2.2639046137070755,0.8697606403154066
Station 3,41810.0,4258.505105362002,2.2989872180140543,0.8579918544898023
Station 3,41820.0,4281.667732874169,2.333432379624326,0.846301388474102
Station 3,41830.0,4305.171640877321,2.3672440156323535,0.8346904461340255
Station 3,41840.0,4329.010515380581,2.4004264382807445,0.8231600693352584
Station 3,41850.0,4353.178087396405,2.432984328099609,0.8117111495421019
Station 3,41860.0,4377.668136496131,2.464922707693842,0.8003444385261391
Station 3,41870.0,4402.4744940864175,2.496246916249156,0.7890605582712067
Station 3,41880.0,4427.591046273319,2.5269625849282855,0.7778600101314416
Station 3,41890.0,4453.011736919317,2.557075612693487,0.7667431833943454
Station 3,41900.0,4478.730570148004,2.5865921431865964,0.7557103632086862
Station 3,41910.0,4504.74161264254,2.6155185424455896,0.7447617379706734
Station 3,41920.0,4531.038995764265,2.6438613774494164,0.7338974062193518
Station 3,41930.0,4557.616917460603,2.671627395534723,0.7231173830771644
Station 3,41940.0,4584.46964397102,2.6988235046917093,0.7124216062722504
Station 3,41950.0,4611.59151133993,2.7254567547414785,0.7018099417750382
Station 3,41960.0,4638.97692674539,2.7515343193930026,0.6912821890782708
Station 3,41970.0,4666.620369652397,2.777063479173811,0.6808380861465794
Station 3,41980.0,4694.516392799517,2.8020516052250715,0.6704773140591351
Station 3,41990.0,4722.65962302753,2.8265061439486323,0.6601995013666055
Station 3,42000.0,4751.0447619584975,2.8504346024908385,0.6500042281816992
Station 3,42010.0,4779.666586533653,2.8738445350456043,0.6398910300207953
Station 3,42020.0,4808.519949418193,2.8967435299571593,0.6298594014126615
Station 3,42030.0,4837.599779280983,2.9191391976012464,0.6199087992888797
Station 3,42040.0,4866.901080956782,2.9410391590219893,0.6100386461694534
Station 3,42050.0,4896.418935498557,2.9624510353006017,0.6002483331559729
Station 3,42060.0,4926.148500127068,2.9833824376311626,0.5905372227438
Station 3,42070.0,4956.0850080847185,3.0038409580779524,0.580904651463885
Station 3,42080.0,4986.223768400392,3.0238341609884194,0.571349932364083
Station 3,42090.0,5016.560165571725,3.0433695750354994,0.5618723573391615
Station 3,42100.0,5047.089659171001,3.0624546858629196,0.5524711993180735
Station 3,42110.0,5077.80778338063,3.081096929307063,0.5431457143165309
Station 3,42120.0,5108.710146463817,3.0993036851692164,0.5338951433624006
Station 3,42130.0,5139.792430175859,3.117082271512191,0.5247187143009896
Station 3,42140.0,5171.050389121191,3.1344399394557216,0.51561564348687
Station 3,42150.0,5202.479850061072,3.15138386844549,0.5065851373685029
Station 3,42160.0,5234.076711176545,3.1679211619711443,0.4976263939715576
Station 3,42170.0,5265.836941291032,3.1840588437092707,0.48873860428651705
Station 3,42180.0,5297.75657905675,3.1998038540679197,0.47992095356581776
Station 3,42190.0,5329.831732108829,3.2151630471099795,0.4711726225355181
Station 3,42200.0,5362.058576190827,3.230143187833394,0.4624927885262089
Station 3,42210.0,5394.433354255159,3.2447509497870106,0.4538806265276154
Station 3,42220.0,5426.952375541614,3.2589929130015314,0.4453353101711464
Station 3,42230.0,5459.6120146288995,3.2728755622229473,0.4368560126431362
Station 3,42240.0,5492.408710322205,3.28640528555499,0.42844190751043504
Station 3,42250.0,5525.338964865613,3.299588373073161,0.4200921695358968
Station 3,42260.0,5558.399342948689,3.312431015830828,0.4118059754100745
Station 3,42270.0,5591.586470666295,3.324939305132009,0.4035825044214274
Station 3,42280.0,5624.897034520719,3.3371192319729417,0.3954209390826433
Station 3,42290.0,5658.327780418693,3.3489766866781396,0.3873204657088129
Station 3,42300.0,5691.87551266521,3.360517458716707,0.37928027495022254
Station 3,42310.0,5725.537092955955,3.371747236685323,0.3712995622823819
Station 3,42320.0,5759.30943936994,3.382671608445018,0.36337752845579235
Station 3,42330.0,5793.18952536396,3.393296061399604,0.35551337990779236
Station 3,42340.0,5827.174378770152,3.4036259829042015,0.34770632913874777
Station 3,42350.0,5861.261080798053,3.4136666607929804,0.33995559505468925
Station 3,42360.0,5895.446765042272,3.4234232840158736,0.3322604032784215
Station 3,42370.0,5929.728616496883,3.4329009433745474,0.32461998643101436
Station 3,42380.0,5964.103870577544,3.442104632348561,0.3170335843854723
Station 3,42390.0,5998.569812152187,3.4510392480031085,0.3095004444943141
Station 3,42400.0,6033.12377458115,3.4597095919703436,0.302019821792671
Station 3,42410.0,6067.7631387674355,3.4681203714967284,0.2945909791784485
Station 3,42420.0,6102.485332217784,3.476276200549343,0.2872131875710047
Station 3,42430.0,6137.287828115144,3.484181600974545,0.2798857260497207
Station 3,42440.0,6172.168144403069,3.491841003702826,0.27260788197376595
Station 3,42450.0,6207.123842882468,3.499258749994068,0.2653789510842954
Station 3,42460.0,6242.152528321172,3.506439092717858,0.2581982375902336
Station 3,42470.0,6277.251847576636,3.513386197663828,0.2510650542387566
Station 3,42480.0,6312.4194887320555,3.520104144877411,0.24397872237150262
Station 3,42490.0,6347.653180246223,3.5265969300166407,0.2369385719675019
Station 3,42500.0,6382.950690117244,3.532868465726037,0.22994394167374818
Station 3,42510.0,6418.309825060384,3.5389225830238464,0.22299417882428527
Station 3,42520.0,6453.728429700104,3.544763032699207,0.2160886394486389
Station 3,42530.0,6489.204385776426,3.550393486716082,0.20922668827037236
Station 3,42540.0,6524.735611365669,3.555817539621035,0.2024076986964982
Station 3,42550.0,6560.320060115651,3.561038709952179,0.19563105279843235
Station 3,42560.0,6595.955720495296,3.566060441646805,0.18889614128515655
Station 3,42570.0,6631.6406150586745,3.570886105445462,0.18220236346918867
Station 3,42580.0,6667.372799723447,3.57551900029041,0.1755491272259457
Station 3,51020.0,6654.34041277685,-3.5800719675728816,0.17629329794594992
Station 3,51030.0,6618.566596865003,-3.574656428467169,0.18298146245426478
Station 3,51040.0,6582.847984891923,-3.5690306076754292,0.18970934088963756
Station 3,51050.0,6547.186697547794,-3.563190909346789,0.19647747490822998
Station 3,51060.0,6511.584891835329,-3.5571336619320535,0.20328641215955118
Station 3,51070.0,6476.044761933037,-3.550855116825803,0.21013670620652092
Station 3,51080.0,6440.568539889933,-3.5443514470940323,0.21702891641429833
Station 3,51090.0,6405.158496417332,-3.5376187461718316,0.22396360783375904
Station 3,51100.0,6369.816941693284,-3.5306530265751626,0.230941351069517
Station 3,51110.0,6334.546226179512,-3.5234502186301,0.2379627221314603
Station 3,51120.0,6299.348741450652,-3.5160061692232927,0.2450283022686792
Station 3,51130.0,6264.226921035596,-3.5083166405775903,0.2521386777846169
Station 3,51140.0,6229.183241270715,-3.500377309057147,0.25929443983218897
Station 3,51150.0,6194.2202221645675,-3.49218376400662,0.2664961841875672
Station 3,51160.0,6159.340428273879,-3.4837315066293906,0.27374451100120706
Station 3,51170.0,6124.546469590299,-3.475015948910137,0.2810400245246631
Station 3,51180.0,6089.841002437558,-3.466032412587453,0.2883833328116003
Station 3,51190.0,6055.226730378442,-3.45677612818254,0.2957750473913706
Station 3,51200.0,6020.706405131112,-3.4472422340905506,0.30321578291337264
Station 3,51210.0,5986.282827494071,-3.437425775741428,0.31070615676034957
Station 3,51220.0,5951.95884827911,-3.427321704837679,0.3182467886286653
Station 3,51230.0,5917.737369251436,-3.4169248786769346,0.32583830007345854
Station 3,51240.0,5883.621344076149,-3.4062300595676374,0.3334813140164963
Station 3,51250.0,5849.613779270119,-3.395231914346742,0.3411764542143871
Station 3,51260.0,5815.71773515822,-3.383925014008861,0.34892434468468925
Station 3,51270.0,5781.936326832835,-3.3723038334567943,0.35672560908731943
Station 3,51280.0,5748.272725115345,-3.3603627513840366,0.36458087005850043
Station 3,51290.0,5714.730157518337,-3.3480960503003874,0.37249074849433494
Station 3,51300.0,5681.311909207025,-3.335497916712466,0.38045586278093024
Station 3,51310.0,5648.021323958366,-3.322562441471515,0.3884768279678047
Station 3,51320.0,5614.861805116125,-3.3092836203015805,0.39655425488115115
Station 3,51330.0,5581.836816540118,-3.295655354521806,0.4046887491732856
Station 3,51340.0,5548.949883547635,-3.2816714519772527,0.4128809103044518
Station 3,51350.0,5516.204593844943,-3.267325628193367,0.4211313304528856
Station 3,51360.0,5483.604598446573,-3.2526115077699247,0.4294405933488472
Station 3,51370.0,5451.153612580025,-3.2375226260309784,0.4378092730280343
Station 3,51380.0,5418.855416573237,-3.222052430948071,0.4462379324995649
Station 3,51390.0,5386.713856722072,-3.206194285354663,0.4547271223234128
Station 3,51400.0,5354.7328461348725,-3.1899414694704515,0.4632773790918843
Station 3,51410.0,5322.9163654477,-3.173287183803972,0.47188922379841214
Station 3,51420.0,5291.268463577461,-3.156224552361293,0.48056316010776523
Station 3,51430.0,5259.793258678137,-3.1387466261238637,0.48929967253522666
Station 3,51440.0,5228.494938736802,-3.120846387074332,0.4980992244697645
Station 3,51450.0,5197.377762242718,-3.102516752574178,0.5069622560824076
Station 3,51460.0,5166.446058811731,-3.0837505801764893,0.5158891820988275
Station 3,51470.0,5135.704229759943,-3.0645406728974787,0.524880389427822
Station 3,51480.0,5105.15674862198,-3.044879784970112,0.5339362346370586
Station 3,51490.0,5074.808161608888,-3.024760628103428,0.5430570412669136
Station 3,51500.0,5044.66308800057,-3.0041758782714876,0.5522430969726256
Station 3,51510.0,5014.726220467295,-2.9831181830560216,0.5614946504843753
Station 3,51520.0,4985.002325314713,-2.96158016956686,0.5708119083742155
Station 3,51530.0,4955.496242646445,-2.939554452964227,0.5801950316180368
Station 3,51540.0,4926.212886438157,-2.917033645606656,0.589644131939972
Station 3,51550.0,4897.157244516782,-2.894010366848031,0.5991592679257522
Station 3,51560.0,4868.334378438321,-2.870477253506569,0.6087404408906191
Station 3,51570.0,4839.749423257379,-2.846426971027927,0.6183875904863739
Station 3,51580.0,4811.40758718147,-2.821852225363585,0.6281005900310206
Station 3,51590.0,4783.31415110286,-2.7967457755844913,0.637879241543278
Station 3,51600.0,4755.474468000517,-2.7711004472485317,0.6477232704629047
Station 3,51610.0,4727.893962204612,-2.7449091465386446,0.6576323200363535
Station 3,51620.0,4700.578128515802,-2.7181648751864635,0.6676059453457016
Station 3,51630.0,4673.53253117145,-2.6908607461939926,0.6776436069570928
Station 3,51640.0,4646.762802650753,-2.6629900003632576,0.6877446641630585
Station 3,51650.0,4620.274642310731,-2.634546023640884,0.6979083677910363
Station 3,51660.0,4594.073814844964,-2.6055223652812094,0.7081338525481626
Station 3,51670.0,4568.166148556883,-2.5759127568277993,0.7184201288700105
Station 3,51680.0,4542.557533439562,-2.545711131909236,0.7287660742382199
Station 3,51690.0,4517.253919053903,-2.5149116468404156,0.7391704239291332
Station 3,51700.0,4492.261312197316,-2.4835087020157687,0.7496317611523436
Station 3,51710.0,4467.5857743550605,-2.4514969640754263,0.7601485065346806
Station 3,51720.0,4443.233418926733,-2.4188713888196567,0.7707189069014166
Station 3,51730.0,4419.210408220596,-2.385627244840676,0.7813410233025289
Station 3,51740.0,4395.522950208811,-2.3517601378344066,0.7920127182275407
Station 3,51750.0,4372.17729503702,-2.317266035547738,0.8027316419479422
Station 3,51760.0,4349.1797312822455,-2.282141293309517,0.8134952179213552
Station 3,51770.0,4326.536581924801,-2.2463826800966085,0.8243006271839518
Station 3,51780.0,4304.254199889858,-2.209987405109135,0.8351447916440883
Station 3,51790.0,4282.338963796652,-2.1729531445471837,0.846024356252297
Station 3,51800.0,4260.797273080055,-2.1352780688377258,0.8569356698826875
Station 3,51810.0,4239.635542879106,-2.096960870036895,0.8678747648749234
Station 3,51820.0,4218.860198685541,-2.0580007893190593,0.8788373351381124
Station 3,51830.0,4198.477670717021,-2.0183976444561504,0.8898187127129691
Station 3,51840.0,4178.494388015731,-1.978151857167475,0.9008138426891605
Station 3,51850.0,4158.916772274334,-1.9372644802117513,0.9118172563735154
Station 3,51860.0,4139.751231392549,-1.895737224084546,0.9228230426059507
Station 3,51870.0,4121.004152769031,-1.8535724831763474,0.933824817124208
Station 3,51880.0,4102.681896334708,-1.8107733612388852,0.9448156898869883
Station 3,51890.0,4084.7907873353674,-1.7673436960004527,0.9557882302790849
Station 3,51900.0,4067.337108872794,-1.7232880827646375,0.9667344301434242
Station 3,51910.0,4050.3270942155496,-1.6786118968216162,0.9776456646154438
Station 3,51920.0,4033.7669188921554,-1.6333213144967422,0.9885126507775757
Station 3,51930.0,4017.6626925812384,-1.5874233326580223,0.9993254042087276
Station 3,51940.0,4002.020450814987,-1.5409257865020378,1.0100731935791003
Station 3,51950.0,3986.8461465140845,-1.4938373654374604,1.0207444935386907
Station 3,51960.0,3972.1456413740757,-1.4461676268861494,1.031326936273035
Station 3,51970.0,3957.924697124932,-1.3979270078246135,1.0418072622575856
Station 3,51980.0,3944.188966687317,-1.349126833892865,1.052171270938109
Station 3,51990.0,3930.9439852507667,-1.2997793259039518,1.0624037723045827
Station 3,52000.0,3918.1951613006245,-1.2498976035955738,1.0724885406155062
Station 3,52010.0,3905.9477676220936,-1.1994956864750976,1.0824082718729113
Station 3,52020.0,3894.2069323112364,-1.1485884916214535,1.0921445470475732
Station 3,52030.0,3882.9776298239935,-1.0971918283212214,1.1016778035080086
Station 3,52040.0,3872.2646720955063,-1.0453223894321075,1.1109873176086693
Station 3,52050.0,3862.072699762931,-0.9929977393847552,1.1200512019279
Station 3,52060.0,3852.406173525803,-0.9402362987533587,1.1288464211891711
Station 3,52070.0,3843.269365678556,-0.8870573253466707,1.1373488314111218
Station 3,52080.0,3834.6663518501555,-0.8334808917935825,1.145533247257434
Station 3,52090.0,3826.6010029860036,-0.7795278596214448,1.153373542822709
Station 3,52100.0,3819.0769776070933,-0.7252198498502052,1.1608427911030734
Station 3,52110.0,3812.0977143810887,-0.6705792101513385,1.1679134470523465
Station 3,52120.0,3805.66642503933,-0.6156289786468638,1.1745575783009004
Station 3,52130.0,3799.786087659054,-0.5603928444500209,1.1807471462047046
Station 3,52140.0,3794.4594401669406,-0.504895105059948,1.1864543378066572
Station 3,52150.0,3789.6889747287005,-0.44916062078334085,1.1916519465624726
Station 3,52160.0,3785.4769323373853,-0.39321476638520025,1.19631379618731
Station 3,52170.0,3781.8252978699315,-0.3370833801319829,1.200415198138326
Station 3,52180.0,3778.735795719509,-0.28079271047017074,1.2039334291459203
Station 3,52190.0,3776.209885971418,-0.22436936059078072,1.2068482113337975
Station 3,52200.0,3774.2487611423635,-0.16784023114812718,1.2091421743350914
Station 3,52210.0,3772.8533435001864,-0.11123246141850507,1.2108012769372118
Station 3,52220.0,3772.02428297818,-0.05457336919902123,1.2118151656420475
Station 3,52230.0,3771.761955695083,0.0021096102412684337,1.21217744940936
Station 3,52240.0,3772.066463088648,0.05878898583654857,1.2118858738004044
Station 3,52250.0,3772.937631667474,0.11543727269859638,1.210942383489672
Station 3,52260.0,3774.3750133824556,0.1720270540600881,1.2093530691044956
Station 3,52270.0,3776.3778866159564,0.22853104285699932,1.207128001809562
Station 3,52280.0,3778.9452577834822,0.28492214262367266,1.2042809661176561
Station 3,52290.0,3782.0758635394277,0.3411735073806944,1.2008291072908661
Station 3,52300.0,3785.768173575307,0.39725860020524983,1.1967925138145976
Station 3,52310.0,3790.0203939958246,0.45315125018615343,1.192193757487025
Station 3,52320.0,3794.8304712552754,0.5088257074808208,1.187057413684453
Station 3,52330.0,3800.196096633959,0.5642566962090411,1.1814095826182405
Station 3,52340.0,3806.114711231805,0.6194194649382898,1.175277429348118
Station 3,52350.0,3812.583511454024,0.6742898345369799,1.1686887564904749
Station 3,52360.0,3819.5994549614707,0.7288442431954937,1.1616716194695282
Station 3,52370.0,3827.1592670565387,0.783059788439434,1.1542539902280846
Station 3,52380.0,3835.25944747381,0.8369142659852484,1.1464634718448234
Station 3,52390.0,3843.8962775432124,0.890386205314631,1.1383270636707483
Station 3,52400.0,3853.0658276924732,0.943454901870801,1.1298709744603483
Station 3,52410.0,3862.763965254686,0.9961004458062153,1.1211204795093745
Station 3,52420.0,3872.986362546331,1.0483037472377303,1.1120998169415184
Station 3,52430.0,3883.7285051807057,1.100046557990754,1.1028321179026475
Station 3,52440.0,3894.985700581718,1.1513114898389087,1.0933393654079333
Station 3,52450.0,3906.753086663135,1.2020820292692587,1.0836423768354055
Station 3,52460.0,3919.0256406387957,1.2523425488256057,1.0737608054751795
Station 3,52470.0,3931.7981879299614,1.3020783151032347,1.0637131570513934
Station 3,52480.0,3945.0654111367385,1.351275493487564,1.0535168176767336
Station 3,52490.0,3958.8218590391507,1.3999211497480526,1.0431880902367616
Station 3,52500.0,3973.0619554261934,1.4480032487151533,1.0327422366894525
Station 3,52510.0,3987.780008220235,1.4955106499092767,1.0221935242914406
Station 3,52520.0,4002.970218455348,1.5424331004577134,1.0115552740819806
Station 3,52530.0,4018.6266890278043,1.5887612255347932,1.0008399103290337
Station 3,52540.0,4034.743433421362,1.6344865163582276,0.9900590099708659
Station 3,52550.0,4051.3143843007006,1.6796013159577545,0.9792233512991181
Station 3,52560.0,4068.333401951635,1.7240988028941564,0.9683429613368884
Station 3,52570.0,4085.794282548588,1.7679729731090752,0.9574271615263533
Station 3,52580.0,4103.690766231548,1.8112186200866343,0.9464846114683424
Station 3,52590.0,4122.016544976581,1.8538313135071958,0.9355233505564652
Station 3,52600.0,4140.7652702457735,1.8958073765712684,0.9245508374256672
Station 3,52610.0,4159.930560404215,1.9371438621681796,0.9135739871936304
Station 3,52620.0,4179.506007893356,1.977838528059594,0.9025992065169499
Station 3,52630.0,4199.485186151799,2.0178898112423043,0.8916324265154574
Station 3,52640.0,4219.86165627612,2.0572968016485182,0.880679133640044
Station 3,52650.0,4240.628973415905,2.0960592153345807,0.8697443985739343
Station 3,52660.0,4261.780692898682,2.1341773673015583,0.8588329032662272
Station 3,52670.0,4283.310376081759,2.1716521440828744,0.8479489662011185
Station 3,52680.0,4305.211595929329,2.2084849762258196,0.8370965660075427
Station 3,52690.0,4327.477942314417,2.2446778107849266,0.8262793635129481
Station 3,52700.0,4350.103027046411,2.280233083936583,0.8155007223422204
Station 3,52710.0,4373.08048862586,2.315153693815133,0.8047637281588972
Station 3,52720.0,4396.403996729345,2.349442973662142,0.7940712066411947
Station 3,52730.0,4420.0672564279175,2.3831046653716266,0.7834257402803156
Station 3,52740.0,4444.064012143564,2.4161428935056812,0.772829684083206
Station 3,52750.0,4468.3880513486865,2.4485621398465054,0.7622851802566342
Station 3,52760.0,4493.033208014335,2.4803672185429875,0.7517941719442148
Station 3,52770.0,4517.993365813404,2.511563251902257,0.741358416082907
Station 3,52780.0,4543.262461085489,2.5421556468693742,0.7309794954406865
Station 3,52790.0,4568.834485570474,2.5721500722313264,0.720658829892493
Station 3,52800.0,4594.703488918305,2.6015524365750897,0.7103976869872177
Station 3,52810.0,4620.863580982586,2.6303688670233134,0.7001971918544994
Station 3,52820.0,4647.308933905895,2.6586056887655425,0.690058336496341
Station 3,52830.0,4674.033784004857,2.6862694053976455,0.6799819885051014
Station 3,52840.0,4701.032433463118,2.7133666800772094,0.6699688992462225
Station 3,52850.0,4728.299251840377,2.739904317498275,0.6600197115411339
Station 3,52860.0,4755.828677323285,2.765889246753012,0.6501349668710056
Station 3,52870.0,4783.615217830166,2.791328505003702,0.640315112144514
Station 3,52880.0,4811.6534522387965,2.8162292217151057,0.6305605061001279
Station 3,52890.0,4839.938031116579,2.8405986039627606,0.6208714252760202
Station 3,52900.0,4868.4636774249875,2.8644439224370597,0.611248069636665
Station 3,52910.0,4897.225187091375,2.887772498212777,0.6016905678633029
Station 3,52920.0,4926.2174294517945,2.910591690270113,0.5921989823283821
Station 3,52930.0,4955.435347572201,2.9329088837483193,0.5827733137732503
Station 3,52940.0,4984.8739584553705,2.954731478911643,0.5734135057070059
Station 3,52950.0,5014.5283531405885,2.9760668808061874,0.564119448543212
Station 3,52960.0,5044.393696702941,2.9969224895852715,0.5548909834900516
Station 3,52970.0,5074.4652281588305,3.017305691480269,0.5457279062084711
Station 3,52980.0,5104.738260284098,3.037223850393277,0.5366299702519144
Station 3,52990.0,5135.20817935091,3.0566843000877086,0.5275968903003677
Station 3,53000.0,5165.87044478926,3.0756943369526115,0.5186283452006433
Station 3,53010.0,5196.7205887788205,3.0942612133165572,0.5097239808240653
Station 3,53020.0,5227.754215776491,3.112392131286915,0.5008834127520553
Station 3,53030.0,5258.96700198484,3.13009423709061,0.492106228799453
Station 3,53040.0,5290.354694766393,3.1473746158926277,0.4833919913848359
Station 3,53050.0,5321.913112008429,3.1642402870690214,0.4747402397565322
Station 3,53060.0,5353.638141442786,3.180698199911472,0.46615049208252307
Station 3,53070.0,5385.525739924859,3.1967552297410835,0.45762224741194896
Station 3,53080.0,5417.57193267587,3.212418174409528,0.44915498751548183
Station 3,53090.0,5449.77281249215,3.2276937511663846,0.44074817861141513
Station 3,53100.0,5482.124538925051,3.242588593871987,0.4324012729839383
Station 3,53110.0,5514.623337434865,3.2571092505359007,0.42411371049968527
Station 3,53120.0,5547.265498521907,3.2712621811617426,0.4158849200283156
Station 3,53130.0,5580.0473768378015,3.2850537558797877,0.40771432077255715
Station 3,53140.0,5612.965390279729,3.2984902533494873,0.3996013235128483
Station 3,53150.0,5646.016019070314,3.31157785941478,0.391545331771417
Station 3,53160.0,5679.195804825568,3.324322665995715,0.3835457429003862
Station 3,53170.0,5712.50134961324,3.3367306702007022,0.37560194909823014
Station 3,53180.0,5745.929315003651,3.3488077736443227,0.36771333835867126
Station 3,53190.0,5779.476421115099,3.3605597819563866,0.35987929535588986
Station 3,53200.0,5813.139445655587,3.3719924044685587,0.35209920226969843
Station 3,53210.0,5846.915222962663,3.3831112540655903,0.34437243955414343
Station 3,53220.0,5880.800643034123,3.39392184719605,0.33669838665148555
Station 3,53230.0,5914.79265040526,3.4044296041560234,0.3290764226321178
Station 3,53240.0,5948.888243385417,3.4146398492123398,0.32150592683950086
Station 3,53250.0,5983.0844730886765,3.4245578110006862,0.31398627946234986
Station 3,53260.0,6017.378442432104,3.434188623072772,0.30651686205771467
Station 3,53270.0,6051.767305190546,3.4435373245032923,0.2990970580418184
Station 3,53280.0,6086.248265057442,3.4526088605886214,0.2917262531436245
Station 3,53290.0,6120.818574712574,3.4614080836289176,0.284403835823343
Station 3,53300.0,6155.475534897613,3.469939753785855,0.2771291976579585
Station 3,53310.0,6190.216493500191,3.478208540008629,0.269901733695752
Station 3,53320.0,6225.038844647221,3.486219021021373,0.2627208427816761
Station 3,53330.0,6259.940027808101,3.4939756863655003,0.2555859278553509
Station 3,53340.0,6294.917526908305,3.5014829374909615,0.24849639622333614
Station 3,53350.0,6329.9688694539345,3.508745088890726,0.24145165980726044
Station 3,53360.0,6365.091625667647,3.5157663692732166,0.2344511353692883
Station 3,53370.0,6400.283407636328,3.5225509227677665,0.2274942447163291
Station 3,53380.0,6435.541868470902,3.5291028101584856,0.22058041488432065
Station 3,53390.0,6470.86470147856,3.5354260101422734,0.21370907830382602
Station 3,53400.0,6506.249639347635,3.5415244206069847,0.20687967294814155
Station 3,53410.0,6541.694453345398,3.547401859926042,0.2000916424650228
Station 3,53420.0,6577.196952528903,3.5530620682660894,0.1933444362930858
Station 3,53430.0,6612.7549829690415,3.558508708904494,0.18663750976387908
Station 3,53440.0,6648.366426987967,3.56374536955377,0.17997032419055933
Station 3,62100.0,6669.081706623516,-2.275261671806271,0.17478418424052297
Station 3,62110.0,6646.421134135572,-2.2568103051819612,0.1790139950534255
Station 3,62120.0,6623.946352480516,-2.238103346781382,0.1832288325208924
Station 3,62130.0,6601.6599221713695,-2.2191398869987213,0.18742801444763338
Station 3,62140.0,6579.564412521013,-2.199919076241127,0.19161084309840062
Station 3,62150.0,6557.662401029308,-2.180440127494379,0.1957766051324357
Station 3,62160.0,6535.9564727442075,-2.1607023189224543,0.19992457155433824
Station 3,62170.0,6514.449219596586,-2.1407049964983904,0.20405399768235227
Station 3,62180.0,6493.143239708452,-2.1204475766635635,0.2081641231351126
Station 3,62190.0,6472.041136674381,-2.099929549012363,0.2122541718378796
Station 3,62200.0,6451.145518815924,-2.079150478998931,0.21632335204933661
Station 3,62210.0,6430.458998408809,-2.0581100106625305,0.22037085641001894
Station 3,62220.0,6409.9841908828175,-2.036807869367773,0.22439586201346245
Station 3,62230.0,6389.723713994253,-2.015243864555785,0.2283975305011588
Station 3,62240.0,6369.680186970924,-1.993417892502146,0.23237500818241874
Station 3,62250.0,6349.856229629639,-1.9713299390771866,0.23632742618023797
Station 3,62260.0,6330.254461466259,-1.9489800825040384,0.24025390060425314
Station 3,62270.0,6310.877500718367,-1.9263684961095757,0.24415353275188667
Station 3,62280.0,6291.727963400721,-1.903495451063207,0.2480254093387348
Station 3,62290.0,6272.808462313651,-1.8803613190981883,0.2518686027592675
Station 3,62300.0,6254.12160602464,-1.856966575210001,0.2556821713788698
Station 3,62310.0,6235.669997823411,-1.833311800326055,0.2594651598582254
Station 3,62320.0,6217.456234650831,-1.809397683940832,0.26321659951102017
Station 3,62330.0,6199.482906002088,-1.785225026710332,0.2669355086958945
Station 3,62340.0,6181.7525928045825,-1.7607947429995676,0.2706208932435343
Station 3,62350.0,6164.267866271123,-1.7361078633766458,0.27427174691972206
Station 3,62360.0,6147.031286728936,-1.711165537046785,0.27788705192514995
Station 3,62370.0,6130.045402425278,-1.6859690342195226,0.2814657794326727
Station 3,62380.0,6113.312748310289,-1.6605197484022214,0.2850068901626582
Station 3,62390.0,6096.835844795813,-1.6348191986132163,0.28850933499672965
Station 3,62400.0,6080.617196339691,-1.6088690315303569,0.29197205561291234
Station 3,62410.0,6064.659290288963,-1.5826710234872836,0.29539398519344084
Station 3,62420.0,6048.964595633635,-1.5562270823970483,0.298774049162726
Station 3,62430.0,6033.535561612608,-1.5295392495815054,0.3021111659506354
Station 3,62440.0,6018.374616373123,-1.502609701468316,0.30540424780418113
Station 3,62450.0,6003.484165613542,-1.4754407511633265,0.3086522016389385
Station 3,62460.0,5988.866591210693,-1.4480348498909685,0.3118539299299878
Station 3,62470.0,5974.524249833178,-1.4203945882953437,0.3150083316420256
Station 3,62480.0,5960.459471542119,-1.3925226975947271,0.31811430319814493
Station 3,62490.0,5946.674558380827,-1.3644220505824118,0.32117073948663455
Station 3,62500.0,5933.171782955037,-1.336095662466856,0.324176534904987
Station 3,62510.0,5919.953387005316,-1.307546691544377,0.3271305844401455
Station 3,62520.0,5907.021579973478,-1.2787784396977802,0.33003178478383877
Station 3,62530.0,5894.3785375646685,-1.2497943527145652,0.33287903548171227
Station 3,62540.0,5882.026400307129,-1.2205980204186475,0.3356712401147419
Station 3,62550.0,5869.967272111465,-1.1911931766098176,0.33840730751128195
Station 3,62560.0,5858.2032188314515,-1.1615836988055106,0.3410861529878931
Station 3,62570.0,5846.736266828387,-1.131773607779811,0.34370669961693073
Station 3,62580.0,5835.568401541093,-1.1017670668950759,0.34626787951868265
Station 3,62590.0,5824.701566063697,-1.0715683812219088,0.34876863517567486
Station 3,62600.0,5814.137659733348,-1.0411819964437674,0.3512079207665905
Station 3,62610.0,5803.878536730094,-1.0106124975429525,0.3535847035170593
Station 3,62620.0,5793.926004691138,-0.9798646072652049,0.35589796506444193
Station 3,62630.0,5784.281823341736,-0.9489431843607822,0.3581467028335292
Station 3,62640.0,5774.947703145064,-0.9178532216003888,0.36032993141996134
Station 3,62650.0,5765.925303973251,-0.8865998435649565,0.3624466839780102
Station 3,62660.0,5757.216233801985,-0.8551883042089089,0.3644960136092392
Station 3,62670.0,5748.822047430905,-0.8236239841971833,0.36647699474843337
Station 3,62680.0,5740.744245232122,-0.7919123880168905,0.36838872454308613
Station 3,62690.0,5732.984271929163,-0.7600591408652881,0.3702303242226244
Station 3,62700.0,5725.543515408508,-0.7280699853162551,0.37200094045350107
Station 3,62710.0,5718.423305566082,-0.6959507777683192,0.3736997466761796
Station 3,62720.0,5711.624913190791,-0.6637074846778774,0.3753259444200313
Station 3,62730.0,5705.149548887322,-0.6313461785819685,0.3768787645921152
Station 3,62740.0,5698.998362040292,-0.5988730339157017,0.3783574687358084
Station 3,62750.0,5693.172439821794,-0.5662943226300837,0.3797613502552704
Station 3,62760.0,5687.672806158123,-0.5336164096137614,0.3810897355910423
Station 3,62770.0,5682.5004207736365,-0.5008457479166016,0.38234198535757535
Station 3,62780.0,5677.656178550847,-0.4679888738147264,0.38351749546755776
Station 3,62790.0,5673.140908610023,-0.43505240170057546,0.38461569816526775
Station 3,62800.0,5668.955373553615,-0.4020430188068309,0.3856360630207577
Station 3,62810.0,5665.10026876689,-0.36896747977861966,0.38657809786741765
Station 3,62820.0,5661.576221773215,-0.33583260110404534,0.38744134967917626
Station 3,62830.0,5658.383791645327,-0.30264525541364007,0.3882254053841804
Station 3,62840.0,5655.523468473887,-0.2694123656598493,0.38892989261197597
Station 3,62850.0,5652.995672894491,-0.23614089918804748,0.38955448037145574
Station 3,62860.0,5650.800755674211,-0.2028378617111024,0.3900988796570369
Station 3,62870.0,5648.9389973585385,-0.16951029119977323,0.3905628439808265
Station 3,62880.0,5647.410607979604,-0.13616525170166383,0.3909461698287516
Station 3,62890.0,5646.2157268263445,-0.10280982710162623,0.3912486970389435
Station 3,62900.0,5645.354422277132,-0.06945111483685429,0.3914703091009326
Station 3,62910.0,5644.8266916953235,-0.03609621957997866,0.39161093337452196
Station 3,62920.0,5644.632461388014,-0.002752246903727218,0.39167054122750217
Station 3,62930.0,5644.771586628113,0.030573703059337376,0.39164914809168866
Station 3,62940.0,5645.243851739808,0.06387454194832887,0.39154681343707726
Station 3,62950.0,5646.048970247267,0.09714319948325478,0.39136364066421675
Station 3,62960.0,5647.186585086309,0.13037262973843344,0.3910997769152405
Station 3,62970.0,5648.656268878706,0.16355581736671554,0.39075541280427695
Station 3,62980.0,5650.457524268537,0.1966857837613225,0.39033078206829036
Station 3,62990.0,5652.589784319966,0.22975559314235428,0.3898261611397004
Station 3,63000.0,5655.052412975678,0.26275835855527174,0.3892418686424121
Station 3,63010.0,5657.844705575024,0.2956872477690138,0.38857826481317775
Station 3,63020.0,5660.965889430878,0.3285354890617527,0.38783575085048183
Station 3,63030.0,5664.415124464038,0.3612963768827522,0.3870147681933853
Station 3,63040.0,5668.1915038939305,0.3939632773791921,0.38611579773301463
Station 3,63050.0,5672.294054984196,0.4265296337774038,0.385139358959612
Station 3,63060.0,5676.721739841736,0.4589889716083724,0.38408600904823637
Station 3,63070.0,5681.473456267605,0.491334903768045,0.3829563418864313
Station 3,63080.0,5686.548038658087,0.5235611354035088,0.3817509870473119
Station 3,63090.0,5691.944258954212,0.5556614686167212,0.3804706087116859
Station 3,63100.0,5697.660827637821,0.5876298069781363,0.379115904542931
Station 3,63110.0,5703.696394772342,0.6194601598432425,0.37768760451848304
Station 3,63120.0,5710.04955107326,0.6511466464689641,0.376186469720129
Station 3,63130.0,5716.718828856352,0.6826834999701217,0.37461329106724306
Station 3,63140.0,5723.702703416664,0.7140650709650311,0.37296888806989176
Station 3,63150.0,5730.999594194338,0.7452858310485275,0.37125410752212423
Station 3,63160.0,5738.607865957213,0.7763403760583585,0.3694698221693348
Station 3,63170.0,5746.525830061,0.8072234291071907,0.3676169293621507
Station 3,63180.0,5754.751745738209,0.8379298433884046,0.36569634969471887
Station 3,63190.0,5763.283821413629,0.8684546047543551,0.36370902563133367
Station 3,63200.0,5772.120216044038,0.8987928340663516,0.3616559201252275
Station 3,63210.0,5781.259040479971,0.9289397893162772,0.3595380152332884
Station 3,63220.0,5790.698358847215,0.9588908675204815,0.3573563107303608
Station 3,63230.0,5800.436189945878,0.9886416063870602,0.3551118227266475
Station 3,63240.0,5810.470508664746,1.0181876857583343,0.3528055822916288
Station 3,63250.0,5820.799247408753,1.0475249288308808,0.35043863408775333
Station 3,63260.0,5831.420297537401,1.0766493031560027,0.3480120350170195
Station 3,63270.0,5842.33151081193,1.1055569214240268,0.34552685288339635
Station 3,63280.0,5853.530700849223,1.1342440420363578,0.34298416507388146
Station 3,63290.0,5865.015644580291,1.1627070694696136,0.3403850572608122
Station 3,63300.0,5876.784083711392,1.1909425544366314,0.3377306221278765
Station 3,63310.0,5888.833726185727,1.218947193849535,0.335021958122095
Station 3,63320.0,5901.162247643902,1.2467178305903701,0.33226016823386445
Station 3,63330.0,5913.767292881223,1.2742514530952116,0.32944635880696915
Station 3,63340.0,5926.646477300019,1.3015451947578744,0.32658163838029347
Station 3,63350.0,5939.797388355311,1.3285963331597015,0.32366711656279146
Station 3,63360.0,5953.217586992106,1.3554022891320603,0.3207039029430819
Station 3,63370.0,5966.904609072707,1.3819606256584414,0.3176931060348782
Station 3,63380.0,5980.855966792538,1.4082690466231669,0.3146358322592849
Station 3,63390.0,5995.069150082977,1.4343253954139314,0.31153318496483035
Station 3,63400.0,6009.541627999831,1.4601276533854206,0.3083862634859496
Station 3,63410.0,6024.270850096083,1.4856739381913844,0.3051961622404622
Station 3,63420.0,6039.254247777728,1.510962501992596,0.3019639698664671
Station 3,63430.0,6054.489235641429,1.5359917295481291,0.2986907683989112
Station 3,63440.0,6069.973212792973,1.560760136197401,0.29537763248596965
Station 3,63450.0,6085.703564145428,1.5852663657404018,0.29202562864524206
Station 3,63460.0,6101.6776616960715,1.6095091882234662,0.2886358145596452
Station 3,63470.0,6117.8928657811975,1.633487497637902,0.28520923841278334
Station 3,63480.0,6134.346526307963,1.6572003095387031,0.281746938263459
Station 3,63490.0,6151.03598392498,1.6806467586072606,0.27824994145382836
Station 3,63500.0,6167.958571054047,1.703826096208702,0.27471926403970953
Station 3,63510.0,6185.111613309944,1.7267376877024057,0.2711559103143178
Station 3,63520.0,6202.492430532289,1.7493810098493132,0.2675608723209722
Station 3,63530.0,6220.098337867405,1.7717556481497905,0.263935129411487
Station 3,63540.0,6237.926646844675,1.793861294133499,0.2602796478426665
Station 3,63550.0,6255.974666425154,1.8156977426165886,0.256595380407129
Station 3,63560.0,6274.239704022234,1.8372648889321899,0.25288326609756406
Station 3,63570.0,6292.719066494054,1.8585627261400612,0.24914422980346063
Station 3,63580.0,6311.410061107617,1.879591342220853,0.24537918203932663
Station 3,63590.0,6330.309996474461,1.9003509172603974,0.24158901870338387
Station 3,63600.0,6349.416183457874,1.9208417206290926,0.2377746208657027
Station 3,63610.0,6368.725936051654,1.94106410816126,0.2339368545847144
Station 3,63620.0,6388.236572230478,1.961018519339102,0.23007657075103818
Station 3,63630.0,6407.945414771997,1.980705474485667,0.22619460495753943
Station 3,63640.0,6427.8497920507825,2.000125571970946,0.22229177739453324
Station 3,63650.0,6447.947038804329,2.0192794854350975,0.21836889276905613
Station 3,63660.0,6468.234496871333,2.038167961032406,0.21442674024711644
Station 3,63670.0,6488.70951590252,2.0567918146994826,0.21046609341785696
Station 3,63680.0,6509.36945404429,2.075151929450932,0.20648771027855561
Station 3,63690.0,6530.211678595535,2.0932492527054762,0.202492333239422
Station 3,63700.0,6551.233566637947,2.111084793645341,0.19848068914714134
Station 3,63710.0,6572.432505640234,2.1286596206114528,0.19445348932615653
Station 3,63720.0,6593.80589403661,2.145974858536831,0.19041142963667665
Station 3,63730.0,6615.351141780006,2.163031686420296,0.18635519054844357
Station 3,63740.0,6637.065670870451,2.179831334842505,0.18228543722929175
Station 3,63750.0,6658.946915859025,2.196375083526026,0.17820281964757326
Station 2,78430.0,6652.528338922414,-2.8574829146093372,0.17646308792767057
Station 2,78440.0,6624.013725897994,-2.845395341420389,0.18177815660299054
Station 2,78450.0,6595.621324836571,-2.8330399978634224,0.18710180587961858
Station 2,78460.0,6567.353828844035,-2.820413799217005,0.1924337020845933
Station 2,78470.0,6539.213961934091,-2.807513650044666,0.19777349394153976
Station 2,78480.0,6511.204479129838,-2.7943364459268376,0.2031208119609652
Station 2,78490.0,6483.3281665480945,-2.7808790752951196,0.2084752678169794
Station 2,78500.0,6455.587841465464,-2.767138421372156,0.21383645371064217
Station 2,78510.0,6427.986352365115,-2.753111364220388,0.21920394172018437
Station 2,78520.0,6400.526578963212,-2.7387947829029904,0.22457728313841702
Station 2,78530.0,6373.211432079631,-2.724185557802599,0.22995600778265637
Station 2,78540.0,6346.043853641095,-2.709280572997069,0.2353396233113947
Station 2,78550.0,6319.026816813275,-2.6940767187229477,0.24072761454477518
Station 2,78560.0,6292.163325809612,-2.6785708940586783,0.2461194427407185
Station 2,78570.0,6265.456415791431,-2.662760009691654,0.2515145448747131
Station 2,78580.0,6238.90915273958,-2.64664099081574,0.25691233290997595
Station 2,78590.0,6212.5246332960705,-2.6302107801619683,0.26231219305880343
Station 2,78600.0,6186.305984574351,-2.613466341164872,0.2677134850360488
Station 2,78610.0,6160.256363936976,-2.5964046612667864,0.273115541305775
Station 2,78620.0,6134.378958739172,-2.5790227553622302,0.2785176663222309
Station 2,78630.0,6108.676986037019,-2.5613176693842816,0.2839191357664255
Station 2,78640.0,6083.153692258775,-2.5432864840346068,0.28931919577968623
Station 2,78650.0,6057.812352837962,-2.5249263186585624,0.2947170621957256
Station 2,78660.0,6032.656271806769,-2.5062343352664733,0.3001119197728727
Station 2,78670.0,6007.688781348347,-2.4872077427019126,0.30550292142826563
Station 2,78680.0,5982.913241306543,-2.4678438009574046,0.31088918747595395
Station 2,78690.0,5958.333038651633,-2.4481398256376825,0.31626980487101025
Station 2,78700.0,5933.951586900618,-2.428093192570161,0.3216438264619183
Station 2,78710.0,5909.772325490638,-2.4077013425618827,0.32701027025366514
Station 2,78720.0,5885.798719104119,-2.3869617863017147,0.3323681186841464
Station 2,78730.0,5862.03425694415,-2.365872109406148,0.33771631791666096
Station 2,78740.0,5838.482451958847,-2.344429977606387,0.3430537771514727
Station 2,78750.0,5815.146840013196,-2.3226331420740243,0.3483793679595903
Station 2,78760.0,5792.030979007173,-2.300479444881881,0.353691923642119
Station 2,78770.0,5769.138447938725,-2.277966824596022,0.3589902386187262
Station 2,78780.0,5746.472845910485,-2.255093321994325,0.3642730678489783
Station 2,78790.0,5724.037791078944,-2.2318570859062388,0.3695391262904847
Station 2,78800.0,5701.836919544947,-2.208256379167722,0.3747870883980053
Station 2,78810.0,5679.873884184476,-2.184289584684559,0.3800155876678688
Station 2,78820.0,5658.152353418702,-2.1599552115964977,0.38522321623225625
Station 2,78830.0,5636.676009922317,-2.1352519015338993,0.39040852450808505
Station 2,78840.0,5615.448549269427,-2.110178434957694,0.3955700209054387
Station 2,78850.0,5594.473678516153,-2.084733737572691,0.40070617160065636
Station 2,78860.0,5573.755114719373,-2.05891688680333,0.4058154003793767
Station 2,78870.0,5553.296583391052,-2.0327271183202194,0.410896088554991
Station 2,78880.0,5533.101816887725,-2.0061638326048055,0.41594657496811355
Station 2,78890.0,5513.1745527349485,-1.9792266015386801,0.4209651560728109
Station 2,78900.0,5493.518531883777,-1.951915175003718,0.4259500861151119
Station 2,78910.0,5474.137496695278,-1.9242294875141606,0.4308995773856427
Station 2,78920.0,5455.035189237013,-1.896169664739051,0.43581180062280456
Station 2,78930.0,5436.215349424946,-1.8677360300286758,0.4406848855138684
Station 2,78940.0,5417.6817129181045,-1.8389291109122483,0.44551692129161313
Station 2,78950.0,5399.438009047238,-1.809749645496463,0.45030595746567326
Station 2,78960.0,5381.487958679591,-1.780198588768999,0.4550500046824053
Station 2,78970.0,5363.835272020761,-1.7502771187865447,0.4597470357191215
Station 2,78980.0,5346.483646355023,-1.7199866427261177,0.4643949866184036
Station 2,78990.0,5329.436763725562,-1.6893288027778064,0.4689917579679849
Station 2,79000.0,5312.698288556367,-1.6583054818564396,0.47353521633144824
Station 2,79010.0,5296.2718652176945,-1.6269188091091444,0.47802319583464675
Station 2,79020.0,5280.161115537343,-1.5951711651952643,0.482453499912414
Station 2,79030.0,5264.36963626012,-1.5630651873147015,0.48682390321964636
Station 2,79040.0,5248.9009964582065,-1.5306037739605198,0.4911321537103805
Station 2,79050.0,5233.758734895278,-1.497790089371345,0.4953759748878782
Station 2,79060.0,5218.946357347612,-1.4646275676590623,0.4995530682281122
Station 2,79070.0,5204.46733388553,-1.4311199165873176,0.5036611157783177
Station 2,79080.0,5190.325096118823,-1.3972711209764481,0.5076977829314933
Station 2,79090.0,5176.523034410131,-1.3630854457107502,0.5116607213768773
Station 2,79100.0,5163.06449506029,-1.328567438324368,0.5155475722254931
Station 2,79110.0,5149.9527774701155,-1.2937219311426633,0.5193559693088625
Station 2,79120.0,5137.191131283195,-1.2585540429564854,0.5230835426479247
Station 2,79130.0,5124.782753514463,-1.2230691802077707,0.5267279220880634
Station 2,79140.0,5112.730785669653,-1.1872730376656633,0.5302867410949821
Station 2,79150.0,5101.038310860829,-1.1511715985736148,0.5337576407049182
Station 2,79160.0,5089.708350923413,-1.1147711342491162,0.5371382736214226
Station 2,79170.0,5078.743863540339,-1.0780782031191407,0.5404263084496272
Station 2,79180.0,5068.147739379055,-1.0410996491759716,0.5436194340575871
Station 2,79190.0,5057.922799247299,-1.0038425998397764,0.5467153640529497
Station 2,79200.0,5048.071791273699,-0.9663144632160902,0.5497118413618561
Station 2,79210.0,5038.597388119274,-0.9285229247384865,0.5526066428956664
Station 2,79220.0,5029.502184226146,-0.8904759431886794,0.555397584289793
Station 2,79230.0,5020.788693109663,-0.8521817460886046,0.5580825246976873
Station 2,79240.0,5012.45934470033,-0.8136488244613785,0.5606593716218262
Station 2,79250.0,5004.516482741854,-0.7748859269603973,0.5631260857624412
Station 2,79260.0,4996.962362251691,-0.7359020533684614,0.5654806858637227
Station 2,79270.0,4989.799147050332,-0.6967064474712745,0.5677212535363064
Station 2,79280.0,4983.028907310108,-0.6573085893080403,0.5698459380271839
Station 2,79290.0,4976.653617059991,-0.6177181867889749,0.571852960905897
Station 2,79300.0,4970.675152283777,-0.5779451667600716,0.5737406207222554
Station 2,79310.0,4965.095288653798,-0.5379996654687312,0.5755072974921412
Station 2,79320.0,4959.91569946811,-0.4978920184597482,0.5771514570584072
Station 2,79330.0,4955.137953712703,-0.4576327499285955,0.5786716552927524
Station 2,79340.0,4950.763514232436,-0.4172325615540338,0.5800665421127349
Station 2,79350.0,4946.7937360156575,-0.37670232083556365,0.58133486529129
Station 2,79360.0,4943.229864597519,-0.33605304896373733,0.5824754740368447
Station 2,79370.0,4940.073034586379,-0.29529590825356733,0.583487322322991
Station 2,79380.0,4937.32426831766,-0.25444218917372463,0.5843694719478546
Station 2,79390.0,4934.984474638971,-0.21350329700605258,0.5851210953045681
Station 2,79400.0,4933.054447830113,-0.1724907381720165,0.5857414778458004
Station 2,79410.0,4931.534866661092,-0.13141610626438788,0.5862300202269801
Station 2,79420.0,4930.426293590968,-0.09029106782403673,0.5865862401147149
Station 2,79430.0,4929.729174109877,-0.0491273479030489,0.5868097736489081
Station 2,79440.0,4929.443836226238,-0.007936715456574955,0.5869003765492175
Station 2,79450.0,4929.570490100633,0.033269031393332316,0.5868579248587373
Station 2,79460.0,4930.109227827506,0.07447808017791427,0.5866824153200899
Station 2,79470.0,4931.0600233653,0.11567861894143558,0.5863739653815132
Station 2,79480.0,4932.422732615255,0.15685885109588651,0.585932812832903
Station 2,79490.0,4934.197093648647,0.1980070102259775,0.58535931507418
Station 2,79500.0,4936.382727081772,0.23911137480009806,0.5846539480207353
Station 2,79510.0,4938.979136597546,0.2801602827434069,0.5838173046530032
Station 2,79520.0,4941.985709612186,0.32114214582997025,0.582850093219478
Station 2,79530.0,4945.40171808497,0.3620454638518193,0.5817531351046045
Station 2,79540.0,4949.22631946866,0.40285883852399706,0.5805273623750036
Station 2,79550.0,4953.458557797836,0.4435709870861503,0.5791738150193273
Station 2,79560.0,4958.097364911878,0.4841707555626803,0.577693637898777
Station 2,79570.0,4963.141561809071,0.524647131645377,0.5760880774267999
Station 2,79580.0,4968.589860127926,0.5649892571643838,0.5743584779978257
Station 2,79590.0,4974.4408637514025,0.6051864401154787,0.5725062781860227
Station 2,79600.0,4980.693070529559,0.6452281662138253,0.5705330067359763
Station 2,79610.0,4987.344874115698,0.6851041099468733,0.5684402783678864
Station 2,79620.0,4994.394565910917,0.7248041451014174,0.5662297894203987
Station 2,79630.0,5001.84033711176,0.764318354742492,0.5639033133544338
Station 2,79640.0,5009.680280855311,0.803637040624329,0.5614626961415141
Station 2,79650.0,5017.91239440936,0.8427507320360502,0.5589098515535473
Station 2,79660.0,5026.534581330324,0.881650194110882,0.5562467563666377
Station 2,79670.0,5035.544654157443,0.9203264353283703,0.5534754455809302
Station 2,79680.0,5044.940336772814,0.9587707145511792,0.5505980075611517
Station 2,79690.0,5054.71926691943,0.9969745474109983,0.547616579185466
Station 2,79700.0,5064.87899880058,1.0349297120571201,0.5445333410139706
Station 2,79710.0,5075.417005733113,1.072628254274793,0.5413505124932729
Station 2,79720.0,5086.330682848336,1.1100624919748479,0.5380703472153117
Station 2,79730.0,5097.617349834271,1.1472250190584163,0.5346951282474414
Station 2,79740.0,5109.274253713097,1.1841087086628752,0.5312271635495229
Station 2,79750.0,5121.29857164769,1.2207067157973353,0.5276687814924788
Station 2,79760.0,5133.687413771225,1.257012479378012,0.5240223264914583
Station 2,79770.0,5146.437826033935,1.293019723675803,0.5202901547654143
Station 2,79780.0,5159.546793061275,1.3287224591901037,0.5164746302335533
Station 2,79790.0,5173.011241017851,1.3641149829646244,0.5125781205578019
Station 2,79800.0,5186.828040471657,1.3991918783624364,0.5086029933391235
Station 2,79810.0,5200.994009253382,1.4339480143188146,0.504551612474237
Station 2,79820.0,5215.50591530564,1.4683785440916963,0.5004263346780882
Station 2,79830.0,5230.360479517293,1.5024789035306043,0.49622950617621286
Station 2,79840.0,5245.554378538163,1.5362448088858005,0.4919634595700221
Station 2,79850.0,5261.084247569711,1.569672254180221,0.4876305108769769
Station 2,79860.0,5276.946683127432,1.6027575081673173,0.48323295674661626
Station 2,79870.0,5293.138245771015,1.6354971108984717,0.4787730718524783
Station 2,79880.0,5309.655462798459,1.6678878699239605,0.47425310645909124
Station 2,79890.0,5326.494830900717,1.699926856151678,0.4696752841624149
Station 2,79900.0,5343.652818773512,1.7316113993879234,0.4650417998014201
Station 2,79910.0,5361.125869683342,1.7629390835845204,0.4603548175378235
Station 2,79920.0,5378.910403984884,1.7939077418164477,0.4556164691004265
Station 2,79930.0,5397.002821587234,1.8245154510138866,0.4508288521900097
Station 2,79940.0,5415.399504366672,1.8547605264722737,0.44599402904027674
Station 2,79950.0,5434.096818523875,1.884641516163536,0.4411140251299739
Station 2,79960.0,5453.091116883737,1.9141571948712288,0.43619082804098464
Station 2,79970.0,5472.378741136099,1.9433065581716227,0.431226386456951
Station 2,79980.0,5491.956024016094,1.9720888162823074,0.4262226092967335
Station 2,79990.0,5511.819291422765,2.0005033877990552,0.42118136497690895
Station 2,80000.0,5531.964864475044,2.028549893341034,0.416104480797351
Station 2,80010.0,5552.389061504249,2.0562281491236587,0.41099374244388875
Station 2,80020.0,5573.088199861612,2.083538160557857,0.40585089358408905
Station 2,80030.0,5594.058597812397,2.110480115728248,0.40067763558879627
Station 2,80040.0,5615.296576483031,2.137054378755951,0.3954756273720216
Station 2,80050.0,5636.798461486537,2.163261483327515,0.3902464852859035
Station 2,80060.0,5658.560584588169,2.189102126173203,0.38499178311763593
Station 2,80070.0,5680.57928530556,2.214577160571645,0.3797130521677107
Station 2,80080.0,5702.850912443631,2.2396875898941255,0.37441178140388226
Station 2,80090.0,5725.371825564786,2.264434561200967,0.36908941768537834
Station 2,80100.0,5748.138396395003,2.288819358901495,0.36374736605207264
Station 2,80110.0,5771.147010166556,2.3128433984882153,0.35838699007348884
Station 2,80120.0,5794.394066898201,2.3365082203550056,0.3530096122527053
Station 2,80130.0,5817.875982613739,2.3598154837082492,0.3476165144804027
Station 2,80140.0,5841.589190499989,2.3827669605790547,0.34220893853450746
Station 2,80150.0,5865.530142005244,2.4053645299439093,0.3367880866210596
Station 2,80160.0,5889.695307879373,2.427610171960304,0.33135512195217015
Station 2,80170.0,5914.0811791567685,2.449505962323242,0.325911169357095
Station 2,80180.0,5938.6842680834525,2.471054066747693,0.3204573159226806
Station 2,80190.0,5963.501108989611,2.4922567355814973,0.31499461165962467
Station 2,80200.0,5988.528259108959,2.5131162985525175,0.3095240701911937
Station 2,80210.0,6013.762299346298,2.533635159653248,0.30404666946123454
Station 2,80220.0,6039.199834994713,2.5538157921654805,0.29856335245850096
Station 2,80230.0,6064.83749640381,2.5736607338271202,0.29307502795451446
Station 2,80240.0,6090.671939600539,2.5931725821426896,0.287582571252331
Station 2,80250.0,6116.6998468639595,2.612353989838574,0.2820868249437992
Station 2,80260.0,6142.91792725553,2.631207660463665,0.2765885996730215
Station 2,80270.0,6169.322917106335,2.6497363441355244,0.27108867490392513
Station 2,80280.0,6195.911580462765,2.667942833431929,0.26558779968998286
Station 2,80290.0,6222.680709492123,2.6858299594271715,0.26008669344428725
Station 2,80300.0,6249.627124849592,2.7034005878722547,0.2545860467083155
Station 2,80310.0,6276.747676008055,2.720657615517753,0.24908652191786237
Station 2,80320.0,6304.03924155218,2.7376039665778165,0.2435887541647517
Station 2,80330.0,6331.498729438207,2.7542425893336366,0.23809335195304243
Station 2,80340.0,6359.123077220825,2.7705764528743186,0.23260089794859307
Station 2,80350.0,6386.909252248512,2.78660854397303,0.22711194972092555
Station 2,80360.0,6414.854251828709,2.8023418640960247,0.2216270404764551
Station 2,80370.0,6442.955103364148,2.8177794265420113,0.21614667978224225
Station 2,80380.0,6471.208864429431,2.8329242537324024,0.21067135427490727
Station 2,80390.0,6499.612622713658,2.8477793747116396,0.20520152834221536
Station 2,80400.0,6528.163496312873,2.862347822497,0.19973764484724768
Station 2,80410.0,6556.858633675428,2.8766326317688193,0.19428012579578757
Station 2,80420.0,6585.695213589328,2.890636836639065,0.1888293729993265
Station 2,80430.0,6614.670445168145,2.9043634685189876,0.18338576872804307
Station 2,80440.0,6643.781567815672,2.9178155540971464,0.1779496763505394
Station 1,83180.0,6657.531512649271,-2.812691128564727,0.1781825918022168
Station 1,83190.0,6629.464470255833,-2.8006738978744616,0.1834361440489159
Station 1,83200.0,6601.518909510506,-2.788394299706926,0.1886975390788947
Station 1,83210.0,6573.697468844627,-2.77584937833352,0.19396643543009404
Station 1,83220.0,6546.002816293123,-2.7630361696199754,0.1992424743506283
Station 1,83230.0,6518.43764957248,-2.749951702731983,0.20452527921780334
Station 1,83240.0,6491.004696141694,-2.7365930019375604,0.20981445494496423
Station 1,83250.0,6463.706713245247,-2.7229570885091507,0.21510958737640906
Station 1,83260.0,6436.546487937147,-2.7090409827283075,0.22041024267066675
Station 1,83270.0,6409.526837085031,-2.6948417059960095,0.2257159666724667
Station 1,83280.0,6382.650607353274,-2.680356283051389,0.23102628427381458
Station 1,83290.0,6355.920675041358,-2.6655817443364564,0.23634069875117789
Station 1,83300.0,6329.339946029955,-2.650515128426352,0.24165869110835358
Station 1,83310.0,6302.911355866971,-2.6351534845423448,0.24697971942650954
Station 1,83320.0,6276.637869536446,-2.619493875267839,0.25230321817355966
Station 1,83330.0,6250.522481313045,-2.6035333793480318,0.25762859751869255
Station 1,83340.0,6224.56821458788,-2.587269094613486,0.26295524263981324
Station 1,83350.0,6198.778121664114,-2.570698141029805,0.268282513024811
Station 1,83360.0,6173.155283521117,-2.5538176638753716,0.2736097417676923
Station 1,83370.0,6147.702809545892,-2.536624837048879,0.2789362348607343
Station 1,83380.0,6122.423837230473,-2.5191168665082033,0.28426127048390676
Station 1,83390.0,6097.321531834023,-2.5012909938419234,0.2895840982929425
Station 1,83400.0,6072.399086008308,-2.4831444999745362,0.2949039387075405
Station 1,83410.0,6047.659719385242,-2.464674709006165,0.3002199822013234
Station 1,83420.0,6023.106678125166,-2.4458789921872164,0.30553138859529605
Station 1,83430.0,5998.743234424567,-2.4267547720281533,0.310837286356694
Station 1,83440.0,5974.572685981893,-2.4072995265441786,0.3161367719052478
Station 1,83450.0,5950.598355420154,-2.387510793634256,0.32142890892904324
Station 1,83460.0,5926.823589665017,-2.367386175593473,0.32671272771230914
Station 1,83470.0,5903.251759277077,-2.3469233437573536,0.33198722447761647
Station 1,83480.0,5879.8862577370655,-2.3261200432762164,0.33725136074515155
Station 1,83490.0,5856.730500682699,-2.304974098017235,0.34250406271187106
Station 1,83500.0,5833.78792509596,-2.283483415591321,0.34774422065353566
Station 1,83510.0,5811.0619884396565,-2.2616459925014087,0.3529706883527896
Station 1,83520.0,5788.556167742023,-2.2394599194080915,0.35818228255661627
Station 1,83530.0,5766.273958628315,-2.2169233865081277,0.363377782466696
Station 1,83540.0,5744.218874298332,-2.1940346890204836,0.36855592926636477
Station 1,83550.0,5722.394444448803,-2.170792232774122,0.3737154256880389
Station 1,83560.0,5700.804214139761,-2.1471945398909544,0.37885493562516576
Station 1,83570.0,5679.451742603999,-2.1232402545567126,0.38397308379292683
Station 1,83580.0,5658.340601998797,-2.098928148871819,0.3890684554420832
Station 1,83590.0,5637.474376099214,-2.074257128773504,0.3941395961305244
Station 1,83600.0,5616.856658932345,-2.049226240019777,0.39918501155724734
Station 1,83610.0,5596.491053351957,-2.0238346742249385,0.40420316746361235
Station 1,83620.0,5576.381169553139,-1.9980817749357414,0.40919248960689253
Station 1,83630.0,5556.530623526626,-1.9719670437363173,0.41415136381123235
Station 1,83640.0,5536.943035452603,-1.9454901463693284,0.4190781361012441
Station 1,83650.0,5517.622028033962,-1.918650918859925,0.42397111292357054
Station 1,83660.0,5498.571224679312,-1.89144937364361,0.428828561451198
Station 1,83670.0,5479.794247622175,-1.8638857056542746,0.43364870998711524
Station 1,83680.0,5461.294716343072,-1.8359602983190069,0.43842974851404143
Station 1,83690.0,5443.0762455177555,-1.8076737295734726,0.4431698293043229
Station 1,83700.0,5425.142443038992,-1.7790267777679487,0.4478670676613196
Station 1,83710.0,5407.496907985553,-1.7500204274779374,0.4525195427817577
Station 1,83720.0,5390.143228533336,-1.720655875201846,0.45712529874349506
Station 1,83730.0,5373.084979809686,-1.6909345349264053,0.4616823456237293
Station 1,83740.0,5356.32572169255,-1.6608580435398186,0.46618866075248777
Station 1,83750.0,5339.868996555948,-1.6304282660721814,0.4706421901059652
Station 1,83760.0,5323.718326963753,-1.5996473007422003,0.47504084984398837
Station 1,83770.0,5307.877213313733,-1.568517483788868,0.4793825279955108
Station 1,83780.0,5292.349131434254,-1.5370413940663936,0.4836650862956446
Station 1,83790.0,5277.137530136045,-1.5052218573804939,0.4878863621772401
Station 1,83800.0,5262.24582872185,-1.4730619505439368,0.4920441709195123
Station 1,83810.0,5247.677414456831,-1.4405650051292216,0.49613630795560376
Station 1,83820.0,5233.435640002979,-1.4077346108962985,0.5001605513403169
Station 1,83830.0,5219.523820820852,-1.3745746188733743,0.5041146643785386
Station 1,83840.0,5205.945232542312,-1.3410891440691182,0.5079963984140851
Station 1,83850.0,5192.703108318057,-1.30728256779497,0.5118034957778581
Station 1,83860.0,5179.800636144004,-1.2731595395767668,0.5155336928933059
Station 1,83870.0,5167.2409561707755,-1.2387249786354098,0.5191847235362052
Station 1,83880.0,5155.027158000712,-1.2039840749172785,0.5227543222448002
Station 1,83890.0,5143.162277977087,-1.1689422896557529,0.5262402278752488
Station 1,83900.0,5131.649296470279,-1.1336053554463408,0.5296401872962383
Station 1,83910.0,5120.491135165969,-1.0979792758190308,0.532951959215502
Station 1,83920.0,5109.6906543604255,-1.0620703242927596,0.5361733181297976
Station 1,83930.0,5099.250650268223,-1.0258850428982986,0.5393020583887402
Station 1,83940.0,5089.173852347778,-0.9894302401574355,0.5423359983616887
Station 1,83950.0,5079.462920650257,-0.9527129885078343,0.5452729846956968
Station 1,83960.0,5070.120443197439,-0.9157406211649979,0.5481108966513905
Station 1,83970.0,5061.14893339431,-0.8785207284143759,0.5508476505024797
Station 1,83980.0,5052.550827482017,-0.8410611533287973,0.5534812039835065
Station 1,83990.0,5044.328482037149,-0.803369986908469,0.5560095607694171
Station 1,84000.0,5036.484171522997,-0.7654555626429125,0.5584307749695396
Station 1,84010.0,5029.020085898687,-0.7273264504965046,0.5607429556176866
Station 1,84020.0,5021.938328291935,-0.6889914503215372,0.5629442711392999
Station 1,84030.0,5015.240912741137,-0.6504595847051244,0.5650329537758744
Station 1,84040.0,5008.9297618959745,-0.6117400912460007,0.5670073039318994
Station 1,84050.0,5003.006704847082,-0.5728424142702722,0.5688656944442054
Station 1,84060.0,4997.473475391953,-0.5337761960681443,0.5706065747897009
Station 1,84070.0,4992.331709948508,-0.49455126757509105,0.5722284751122098
Station 1,84080.0,4987.582945716205,-0.45517763855722393,0.5737300101213876
Station 1,84090.0,4983.228618941269,-0.4156654873180129,0.5751098828243316
Station 1,84100.0,4979.270063286669,-0.37602514994876624,0.576366888069041
Station 1,84110.0,4975.708508311391,-0.3362671091478233,0.5774999158799947
Station 1,84120.0,4972.545078063187,-0.29640198263549666,0.5785079545669103
Station 1,84130.0,4969.780789788715,-0.25644051119378475,0.5793900935887085
Station 1,84140.0,4967.416552764712,-0.21639354636177777,0.5801455261558788
Station 1,84150.0,4965.453167253522,-0.17627203781941858,0.5807735515557407
Station 1,84160.0,4963.891323585958,-0.13608702049384813,0.5812735771865892
Station 1,84170.0,4962.731601374108,-0.09584960142400434,0.5816451202883244
Station 1,84180.0,4961.974468856388,-0.05557094642038951,0.5818878093589266
Station 1,84190.0,4961.620282376717,-0.015262266557991233,0.582001385248005
Station 1,84200.0,4961.669285999312,0.025065195458765288,0.5819857019206113
Station 1,84210.0,4962.121611260292,0.06540017901960915,0.5818407268865244
Station 1,84220.0,4962.977277056735,0.1057314193804238,0.581566541292352
Station 1,84230.0,4964.236189673526,0.1460476614435633,0.581163339675848
Station 1,84240.0,4965.8981429479745,0.18633767350609343,0.5806314293840232
Station 1,84250.0,4967.962818571651,0.22659026093593565,0.5799712296586906
Station 1,84260.0,4970.429786528586,0.2667942797361334,0.579183270395189
Station 1,84270.0,4973.298505668567,0.30693864995813147,0.5782681905820044
Station 1,84280.0,4976.56832441385,0.3470123689257394,0.577226736430945
Station 1,84290.0,4980.238481597211,0.38700452423237586,0.5760597592093444
Station 1,84300.0,4984.308107429046,0.42690430647552285,0.5747682127874303
Station 1,84310.0,4988.776224590551,0.4667010216934824,0.573353150915611
Station 1,84320.0,4993.641749450053,0.5063841034711892,0.5718157242477809
Station 1,84330.0,4998.9034933989515,0.5459431246834907,0.5701571771280147
Station 1,84340.0,5004.560164303553,0.5853678088460572,0.5683788441590937
Station 1,84350.0,5010.610368068744,0.6246480410461848,0.5664821465721745
Station 1,84360.0,5017.052610309237,0.663773878427603,0.5644685884176518
Station 1,84370.0,5023.8852981237815,0.7027355602057792,0.5623397525977578
Station 1,84380.0,5031.106741967575,0.7415235171923257,0.5600972967618084
Station 1,84390.0,5038.715157617897,0.7801283808094377,0.557742949085154
Station 1,84400.0,5046.708668227787,0.8185409915776731,0.5552785039528927
Station 1,84410.0,5055.085306461827,0.856752407063044,0.5527058175691361
Station 1,84420.0,5063.843016530759,0.8947539093525797,0.5500268034878195
Station 1,84430.0,5072.979656590072,0.9325370118574331,0.5472434281487197
Station 1,84440.0,5082.493001208665,0.9700934655170235,0.5443577064012848
Station 1,84450.0,5092.380743668608,1.0074152645363552,0.5413716970011161
Station 1,84460.0,5102.6404984265755,1.0444946515062945,0.53828749814304
Station 1,84470.0,5113.269803623123,1.0813241219478493,0.5351072430332732
Station 1,84480.0,5124.266123634085,1.1178964282825459,0.5318330955166487
Station 1,84490.0,5135.626851658437,1.1542045832330807,0.5284672457737842
Station 1,84500.0,5147.34931233694,1.1902418626604363,0.5250119061019779
Station 1,84510.0,5159.430764396065,1.2260018078455266,0.5214693067924527
Station 1,84520.0,5171.868403311682,1.2614782272253124,0.5178416921153987
Station 1,84530.0,5184.6593639871735,1.296665197594841,0.5141313164230863
Station 1,84540.0,5197.800723440746,1.3315570647884587,0.5103404403801304
Station 1,84550.0,5211.289503496785,1.366148443854586,0.5064713273288387
Station 1,84560.0,5225.1226734764105,1.400434218740075,0.5025262397963803
Station 1,84570.0,5239.297152882346,1.4344095415010243,0.4985074361494751
Station 1,84580.0,5253.809814073537,1.4680698310582259,0.49441716740114133
Station 1,84590.0,5268.657484925104,1.5014107715161813,0.49025767417305943
Station 1,84600.0,5283.836951469409,1.534428310065455,0.48603118381610255
Station 1,84610.0,5299.344960514156,1.5671186544888238,0.4817399076906564
Station 1,84620.0,5315.1782222337715,1.5994782702921437,0.4773860386074795
Station 1,84630.0,5331.33341273038,1.6315038774812924,0.4729717484290476
Station 1,84640.0,5347.807176561078,1.6631924470069248,0.4684991858305336
Station 1,84650.0,5364.596129228201,1.6945411968987625,0.4639704742189602
Station 1,84660.0,5381.696859629708,1.7255475881114364,0.4593877098083489
Station 1,84670.0,5399.10593246692,1.7562093201036841,0.4547529598481805
Station 1,84680.0,5416.819890607053,1.7865243261727526,0.45006826100194625
Station 1,84690.0,5434.835257398267,1.8164907685654417,0.4453356178721407
Station 1,84700.0,5453.148538935115,1.846107033387145,0.4405570016676378
Station 1,84710.0,5471.756226272484,1.8753717253296833,0.43573434900907687
Station 1,84720.0,5490.654797586363,1.9042836622384272,0.4308695608675847
Station 1,84730.0,5509.840720279946,1.9328418695385932,0.4259645016319381
Station 1,84740.0,5529.310453033746,1.9610455745401163,0.42102099829908485
Station 1,84750.0,5549.06044779867,1.988894200639836,0.41604083978278655
Station 1,84760.0,5569.087151731072,2.0163873614391292,0.4110257763350592
Station 1,84770.0,5589.387009069091,2.0435248547943656,0.40597751907501417
Station 1,84780.0,5609.956462945214,2.070306656819752,0.4008977396190294
Station 1,84790.0,5630.79195697486,2.096732915966042,0.395788069783063
Station 1,84800.0,5651.889937119894,2.122803946873601,0.39065010142386636
Station 1,84810.0,5673.246853351286,2.1485202242894683,0.38548538634784874
Station 1,84820.0,5694.8591611557285,2.1738823770643583,0.38029543628547013
Station 1,84830.0,5716.723323049107,2.1988911821313906,0.3750817229503494
Station 1,84840.0,5738.83581002944,2.2235475585192344,0.369845678168494
Station 1,84850.0,5761.193102969713,2.247852561410933,0.36458869407272576
Station 1,84860.0,5783.7916939512015,2.271807376258963,0.359312123357497
Station 1,84870.0,5806.628087537887,2.295413312966237,0.3540172795894616
Station 1,84880.0,5829.698801992742,2.318671800142045,0.34870543756930844
Station 1,84890.0,5853.0003704366645,2.3415843794411257,0.3433778337405573
Station 1,84900.0,5876.529341951094,2.3641526999934124,0.338035666641134
Station 1,84910.0,5900.282282625114,2.386378512931181,0.3326800973938002
Station 1,84920.0,5924.255776548241,2.4082636660197663,0.32731225023160604
Station 1,84930.0,5948.446426749889,2.4298100983972346,0.3219332130547678
Station 1,84940.0,5972.85085608675,2.451019835427846,0.31654403801552666
Station 1,84950.0,5997.465708079216,2.471894983673499,0.31114574212773005
Station 1,84960.0,6022.287647698119,2.4924377259867674,0.30573930789804526
Station 1,84970.0,6047.313362103055,2.512650316728587,0.3003256839758976
Station 1,84980.0,6072.539561333508,2.532535077113135,0.29490578581939286
Station 1,84990.0,6097.962978954262,2.552094390681922,0.28948049637462314
Station 1,85000.0,6123.580372656231,2.571330698908681,0.28405066676597124
Station 1,85010.0,6149.388524814176,2.590246496936156,0.27861711699512726
Station 1,85020.0,6175.384243002636,2.608844329445506,0.2731806366467207
Station 1,85030.0,6201.564360471404,2.62712678665865,0.26774198559859547
Station 1,85040.0,6227.92573658194,2.645096500473497,0.26230189473491333
Station 1,85050.0,6254.465257206028,2.6627561407317137,0.25686106666039116
Station 1,85060.0,6281.17983508807,2.6801084116183054,0.2514201764141161
Station 1,85070.0,6308.066410172309,2.697156048192075,0.24597987218150547
Station 1,85080.0,6335.121949896345,2.713901813045723,0.2405407760030879
Station 1,85090.0,6362.3434494522035,2.730348493094103,0.23510348447891047
Station 1,85100.0,6389.727932016301,2.746498896488976,0.22966856946746242
Station 1,85110.0,6417.272448949526,2.7623558496583547,0.22423657877812808
Station 1,85120.0,6444.974079968723,2.777922194468421,0.21880803685626005
Station 1,85130.0,6472.82993329079,2.7932007855057734,0.2133834454600662
Station 1,85140.0,6500.8371457505855,2.8081944874776736,0.20796328432858013
Station 1,85150.0,6528.992882850729,2.8229061727583433,0.20254801183397522
Station 1,85160.0,6557.294338708773,2.8373387191121466,0.1971380656115286
Station 1,85170.0,6585.7387363386315,2.8514950072703926,0.1917338632299885
Station 1,85180.0,6614.3233275733,2.865377918844311,0.18633580280453868
Station 1,85190.0,6643.04539305188,2.8789903342915446,0.18094426360910823
Station 1,85200.0,6671.902242200522,2.89233513097561,0.1755596066787467
Station 2,88930.0,6648.504819274757,-3.6110685524423616,0.1769377863158782
Station 2,88940.0,6612.41862740946,-3.6061358163234054,0.18367740110480932
Station 2,88950.0,6576.382788444014,-3.600997386399416,0.19045848877859464
Station 2,88960.0,6540.39937704742,-3.595649705192864,0.1972816496741218
Station 2,88970.0,6504.470503850253,-3.5900891376750454,0.2041474923878297
Station 2,88980.0,6468.598316226958,-3.5843119697813974,0.21105663377995712
Station 2,88990.0,6432.784999092958,-3.5783144069251795,0.2180096989694638
Station 2,89000.0,6397.032775716677,-3.5720925725120773,0.2250073213188883
Station 2,89010.0,6361.343908546405,-3.5656425064584694,0.2320501424083518
Station 2,89020.0,6325.720700052085,-3.558960163716389,0.23913881199787976
Station 2,89030.0,6290.165493581885,-3.552041412808445,0.2462739879771466
Station 2,89040.0,6254.68067423359,-3.544882034376286,0.2534563363017015
Station 2,89050.0,6219.2686697405625,-3.5374777197464184,0.2606865309146898
Station 2,89060.0,6183.931951372244,-3.52982406951762,0.26796525365297896
Station 2,89070.0,6148.673034848949,-3.521916592174402,0.2752931941365897
Station 2,89080.0,6113.494481270704,-3.5137507027314303,0.28267104964021655
Station 2,89090.0,6078.398898059876,-3.5053217214141124,0.29009952494558333
Station 2,89100.0,6043.388939917216,-3.496624872381045,0.29757933217327714
Station 2,89110.0,6008.467309790939,-3.4876552824943348,0.30511119059264186
Station 2,89120.0,5973.636759858379,-3.4784079801443255,0.3126958264082208
Station 2,89130.0,5938.900092519698,-3.4688778941357303,0.3203339725211332
Station 2,89140.0,5904.260161402992,-3.4590598526425755,0.3280263682637181
Station 2,89150.0,5869.719872380225,-3.4489485822400003,0.33577375910561447
Station 2,89160.0,5835.282184593153,-3.4385387070214017,0.34357689632939903
Station 2,89170.0,5800.950111488393,-3.427824747810031,0.35143653667376046
Station 2,89180.0,5766.726721722006,-3.416801121541831,0.35935344192719737
Station 2,89190.0,5732.6151401990655,-3.4054621406890346,0.3673283785007581
Station 2,89200.0,5698.618549352482,-3.3938020127092092,0.37536211698419486
Station 2,89210.0,5664.7401900598725,-3.3818148398105223,0.38345543162067863
Station 2,89220.0,5630.983362698481,-3.3694946187941337,0.3916090997528301
Station 2,89230.0,5597.351428201335,-3.3568352410587377,0.3998239012215078
Station 2,89240.0,5563.847809112164,-3.343830492781369,0.40810061771429734
Station 2,89250.0,5530.4759906372365,-3.3304740552888874,0.4164400320605544
Station 2,89260.0,5497.239521692163,-3.316759505635383,0.42484292746968616
Station 2,89270.0,5464.142015941552,-3.302680317401485,0.43331008670914817
Station 2,89280.0,5431.1871528292295,-3.2882298617324253,0.44184229121844804
Station 2,89290.0,5398.37867859656,-3.2734014086324885,0.45044032015522195
Station 2,89300.0,5365.720407286264,-3.2581881285343535,0.4591049493692239
Station 2,89310.0,5333.216221728868,-3.242583094162666,0.46783695029983186
Station 2,89320.0,5300.870074508847,-3.226579282712012,0.4766370887924064
Station 2,89330.0,5268.685988907131,-3.210169578360347,0.4855061238285799
Station 2,89340.0,5236.668059816676,-3.193346775139731,0.49444480616524056
Station 2,89350.0,5204.820454627313,-3.176103580187084,0.5034538768766844
Station 2,89360.0,5173.147414076111,-3.1584326173984514,0.5125340657940594
Station 2,89370.0,5141.653253059048,-3.1403264315110775,0.5216860898358743
Station 2,89380.0,5110.34236139966,-3.121777492638274,0.5309106512229593
Station 2,89390.0,5079.219204570088,-3.1027782012828506,0.5402084355708342
Station 2,89400.0,5048.28832435955,-3.0833208938553667,0.5495801098520369
Station 2,89410.0,5017.554339485211,-3.0633978487242146,0.5590263202204128
Station 2,89420.0,4987.02194613997,-3.043001292824867,0.5685476896888961
Station 2,89430.0,4956.695918471498,-3.0221234088560975,0.5781448156517168
Station 2,89440.0,4926.581108986563,-3.000756343091231,0.5878182672413373
Station 2,89450.0,4896.6824488744105,-2.9788922138326477,0.597568582509754
Station 2,89460.0,4867.004948242649,-2.9565231205377476,0.6073962654230369
Station 2,89470.0,4837.553696258892,-2.93364115364449,0.6173017826571437
Station 2,89480.0,4808.3338611909685,-2.9102384051241406,0.6272855601821774
Station 2,89490.0,4779.35069033846,-2.8863069797885474,0.6373479796211724
Station 2,89500.0,4750.609509847881,-2.86183900737828,0.6474893743684434
Station 2,89510.0,4722.115724403617,-2.83682665545709,0.657710025451244
Station 2,89520.0,4693.874816786488,-2.8112621431368416,0.6680101571170933
Station 2,89530.0,4665.892347291602,-2.7851377556554775,0.6783899321275854
Station 2,89540.0,4638.173952996866,-2.7584458598287083,0.6888494467377229
Station 2,89550.0,4610.725346769744,-2.7311789204392283,0.6993887253277506
Station 2,89560.0,4583.55231611689,-2.7033295175147116,0.7100077146760025
Station 2,89570.0,4556.660722234972,-2.6748903643726827,0.7207062778765223
Station 2,89580.0,4530.056498438553,-2.645854326795228,0.731484187791993
Station 2,89590.0,4503.74564853319,-2.616214443067298,0.7423411200679498
Station 2,89600.0,4477.734244988467,-2.5859639449494978,0.7532766456559634
Station 2,89610.0,4452.028426896261,-2.555096279584217,0.764290222803817
Station 2,89620.0,4426.634397704963,-2.5236051323262463,0.7753811884665585
Station 2,89630.0,4401.5584227205045,-2.491484450483186,0.7865487490869284
Station 2,89640.0,4376.806826365202,-2.4587284679447285,0.7977919706875617
Station 2,89650.0,4352.385989185679,-2.4253317306730513,0.8091097682103847
Station 2,89660.0,4328.302344601483,-2.3912891230193134,0.8205008940306507
Station 2,89670.0,4304.562375386307,-2.356595894823373,0.831963925563987
Station 2,89680.0,4281.172609874343,-2.3212476892456313,0.8434972518743977
Station 2,89690.0,4258.139617884688,-2.2852405712710566,0.8550990591793469
Station 2,89700.0,4235.470006357517,-2.248571056816335,0.8667673151344593
Station 2,89710.0,4213.170414696372,-2.211236142361463,0.8784997517649337
Station 2,89720.0,4191.247509811812,-2.173233335017181,0.8902938468931518
Station 2,89730.0,4169.7079808625995,-2.134560682929494,0.9021468038918584
Station 2,89740.0,4148.5585336915865,-2.095216805911939,0.9140555295695412
Station 2,89750.0,4127.80588495472,-2.055200926186014,0.9260166099686906
Station 2,89760.0,4107.456755942726,-2.0145128990992944,0.9380262838284196
Station 2,89770.0,4087.5178660964493,-1.9731532436804957,0.9500804134299051
Station 2,89780.0,4067.9959262182724,-1.9311231728803195,0.9621744525061372
Station 2,89790.0,4048.897631383605,-1.8884246233369706,0.9743034108561889
Station 2,89800.0,4030.229653558085,-1.8450602844957524,0.9864618152585505
Station 2,89810.0,4011.998633927885,-1.8010336269031455,0.9986436662280161
Station 2,89820.0,3994.21117495238,-1.7563489294878,1.010842390106438
Station 2,89830.0,3976.8738321502847,-1.7110113056333467,1.0230507859201174
Station 2,89840.0,3959.9931056324363,-1.66502672784228,1.0352609663768197
Station 2,89850.0,3943.57543139635,-1.618402050784852,1.0474642923157162
Station 2,89860.0,3927.6271723998025,-1.5711450325238157,1.0596512998670735
Station 2,89870.0,3912.1546094327796,-1.5232643537039352,1.0718116195303833
Station 2,89880.0,3897.1639318092293,-1.4747696344951118,1.0839338863471708
Station 2,89890.0,3882.6612279021924,-1.4256714490799527,1.0960056403383767
Station 2,89900.0,3868.6524755479127,-1.3759813374803878,1.108013216410909
Station 2,89910.0,3855.1435323428996,-1.3257118145247404,1.1199416230337904
Station 2,89920.0,3842.140125662712,-1.2748763757861967,1.1317744091595014
Station 2,89930.0,3829.6478430234165,-1.223489500215377,1.1434935192219036
Station 2,89940.0,3817.6721223150757,-1.1715666494257193,1.155079136459898
Station 2,89950.0,3806.21824190634,-1.1191242634376246,1.1665095155775629
Station 2,89960.0,3795.291310899776,-1.0661797527193853,1.177760806796474
Station 2,89970.0,3784.8962594852464,-1.0127514864292695,1.188806874779291
Station 2,89980.0,3775.0378294298216,-0.9588587767672503,1.199619117858255
Station 2,89990.0,3765.7205647435153,-0.9045218593692566,1.2101662955629457
Station 2,90000.0,3756.9488025606715,-0.8497618697031574,1.2204143757023207
Station 2,90010.0,3748.7266642770915,-0.7946008154537503,1.2303264162568248
Station 2,90020.0,3741.0580469829965,-0.7390615449133824,1.2398625020193743
Station 2,90030.0,3733.946615231588,-0.6831677114254775,1.2489797610621918
Station 2,90040.0,3727.395793182342,-0.6269437339594573,1.2576324912115815
Station 2,90050.0,3721.4087571572463,-0.5704147539274161,1.2657724309358456
Station 2,90060.0,3715.9884286469114,-0.5136065883846705,1.2733492111044837
Station 2,90070.0,3711.1374678019215,-0.4565456797877355,1.280311022230123
Station 2,90080.0,3706.8582674428885,-0.39925904251409616,1.2866055240418388
Station 2,90090.0,3703.1529476205023,-0.34177420637737776,1.2921810086553478
Station 2,90100.0,3700.0233507543794,-0.2841191573998384,1.2969878041049565
Station 2,90110.0,3697.4710373767593,-0.22632227612965572,1.3009798722223116
Station 2,90120.0,3695.497282504108,-0.1684122738142224,1.3041165170634468
Station 2,90130.0,3694.1030726564823,-0.1104181267614901,1.3063640836122938
Station 2,90140.0,3693.289103541068,-0.052369009239120135,1.30769750002045
Station 2,90150.0,3693.055778412751,0.00570577472424838,1.3081015092165431
Station 2,90160.0,3693.4032071208867,0.06377686026030449,1.307571453613857
Station 2,90170.0,3694.3312058476095,0.12181489092266484,1.3061135203399286
Station 2,90180.0,3695.8392975391976,0.17979058790259128,1.3037444171571548
Station 2,90190.0,3697.9267130281637,0.2376748188135216,1.3004905183650273
Station 2,90200.0,3700.592392839844,0.29543866566324983,1.2963865807249713
Station 2,90210.0,3703.8349896735663,0.3530534916406386,1.291474169793346
Station 2,90220.0,3707.65287154471,0.4104910063556543,1.285799951231743
Station 2,90230.0,3712.0441255705086,0.46772332918673065,1.2794139911096498
Station 2,90240.0,3717.0065623790083,0.5247230504079393,1.2723681807860159
Station 2,90250.0,3722.537721117482,0.5814632897900157,1.2647148648136926
Station 2,90260.0,3728.6348750335746,0.6379177523933711,1.2565057129085093
Station 2,90270.0,3735.2950375998703,0.694060781297668,1.2477908452650075
Station 2,90280.0,3742.514969074978,0.7498674070749356,1.238618197245296
Station 2,90290.0,3750.291183487827,0.805313393821091,1.229033095069647
Station 2,90300.0,3758.619956490207,0.8603752813285076,1.219078007361461
Station 2,90310.0,3767.4973331737733,0.9150304236506733,1.2087924361117413
Station 2,90320.0,3776.9191363811524,0.9692570237346462,1.1982129131797727
Station 2,90330.0,3786.8809753541805,1.023034164086702,1.1873730728164142
Station 2,90340.0,3797.3782546683037,1.0763418334358001,1.1763037758555532
Station 2,90350.0,3808.4061834130657,1.1291609493852306,1.165033266318538
Station 2,90360.0,3819.959784578687,1.1814733770719061,1.1535873457744843
Station 2,90370.0,3832.033904609065,1.2332619438804877,1.141989554698547
Station 2,90380.0,3844.62322308214,1.2845104502853109,1.130261353230203
Station 2,90390.0,3857.722262479391,1.3352036769171325,1.1184222962036494
Station 2,90400.0,3871.325398007362,1.38532738797355,1.1064901991945952
Station 2,90410.0,3885.426867435358,1.4348683311115367,1.094481293707118
Station 2,90420.0,3900.020780914934,1.483814233977779,1.082410370612068
Station 2,90430.0,3915.101130748487,1.5321537975475694,1.0702909116343222
Station 2,90440.0,3930.661801075925,1.5798766864552087,1.0581352091447909
Station 2,90450.0,3946.696577450383,1.6269735165092816,1.045954474804271
Station 2,90460.0,3963.1991562758476,1.6734358395938091,1.0337589377770795
Station 2,90470.0,3980.163154081638,1.7192561261618646,1.021557933318368
Station 2,90480.0,3997.582116610741,1.7644277455317046,1.0093599825668502
Station 2,90490.0,4015.44952770114,1.808944944196729,0.9971728643639183
Station 2,90500.0,4033.7588179413574,1.8528028223602835,0.9850036798848509
Station 2,90510.0,4052.5033730835153,1.895997308903878,0.9728589108181596
Station 2,90520.0,4071.6765421993987,1.938525134993918,0.9607444717718402
Station 2,90530.0,4091.271645566809,1.9803838065264687,0.948665757525489
Station 2,90540.0,4111.281982275709,2.021571575603577,0.9366276856875507
Station 2,90550.0,4131.700837545362,2.062087411226948,0.9246347352598853
Station 2,90560.0,4152.521489745599,2.1019309693865194,0.9126909815581495
Station 2,90570.0,4173.737217117012,2.1411025627124043,0.9008001278870366
Station 2,90580.0,4195.341304186532,2.1796031298489873,0.8889655343243453
Station 2,90590.0,4217.327047876401,2.21743420469992,0.8771902439271835
Station 2,90600.0,4239.68776330592,2.254597885682344,0.8654770066371749
Station 2,90610.0,4262.416789286776,2.2910968051181984,0.853828301129098
Station 2,90620.0,4285.507493513882,2.3269340988798346,0.8422463548185919
Station 2,90630.0,4308.953277454825,2.3621133763966733,0.8307331622191428
Station 2,90640.0,4332.747580923911,2.3966386911342354,0.8192905018136489
Station 2,90650.0,4356.883886200415,2.4305145117615945,0.8079199515671487
Station 2,90660.0,4381.355722287008,2.4637456935887974,0.7966229032932305
Station 2,90670.0,4406.156668588823,2.496337450916361,0.7854005758946968
Station 2,90680.0,4431.280358329265,2.5282953301351596,0.7742540276169674
Station 2,90690.0,4456.720481742268,2.5596251835875243,0.7631841674111745
Station 2,90700.0,4482.470789006753,2.590333144263789,0.752191765481839
Station 2,90710.0,4508.525092931895,2.6204256013675558,0.7412774630905972
Station 2,90720.0,4534.87727140205,2.649909176775797,0.7304417816796068
Station 2,90730.0,4561.52126959045,2.6787907024131266,0.7196851313714262
Station 2,90740.0,4588.451101950929,2.707077198553527,0.7090078188961415
Station 2,90750.0,4615.66085399703,2.734775853057049,0.6984100549912433
Station 2,90760.0,4643.144683877924,2.7618940015439275,0.6878919613151424
Station 2,90770.0,4670.896823760512,2.788439108503773,0.6774535769111412
Station 2,90780.0,4698.911581027178,2.8144187493334742,0.6670948642550659
Station 2,90790.0,4727.183339298321,2.839840593293466,0.6568157149166886
Station 2,90800.0,4755.706559288963,2.864712387368902,0.6466159548621926
Station 2,90810.0,4784.47577950837,2.8890419410192325,0.6364953494225395
Station 2,90820.0,4813.485616811537,2.912837111797234,0.6264536079503805
Station 2,90830.0,4842.7307668111625,2.936105791816339,0.6164903881862309
Station 2,90840.0,4872.206004158532,2.9588558950433046,0.6066053003529026
Station 2,90850.0,4901.90618270141,2.98109534539172,0.5967979109956639
Station 2,90860.0,4931.826235527001,3.002832065590706,0.5870677465841759
Station 2,90870.0,4961.961174897436,3.0240739668020873,0.5774142968911063
Station 2,90880.0,4992.306092085314,3.044828938958703,0.5678370181611341
Station 2,90890.0,5022.856157116334,3.065104841795968,0.5583353360831063
Station 2,90900.0,5053.606618425823,3.084909496548529,0.5489086485771971
Station 2,90910.0,5084.5528024357445,3.104250678283715,0.5395563284080995
Station 2,90920.0,5115.690113058367,3.1231361088435405,0.5302777256345401
Station 2,90930.0,5147.014031132619,3.1415734503671984,0.5210721699047313
Station 2,90940.0,5178.520113798769,3.1595702993662558,0.5119389726067555
Station 2,90950.0,5210.203993816855,3.177134181325226,0.5028774288823069
Station 2,90960.0,5242.061378834005,3.1942725458006267,0.4938868195117013
Station 2,90970.0,5274.088050605472,3.210992761992296,0.48496641267757506
Station 2,90980.0,5306.279864174047,3.227302114761315,0.47611546561425483
Station 2,90990.0,5338.632747012142,3.24320780106963,0.4673332261493711
Station 2,91000.0,5371.142698128126,3.258716926819456,0.4586189341435075
Station 2,91010.0,5403.805786997324,3.2738365041999296,0.44997182281085746
Station 2,91020.0,5436.618152750211,3.2885734491424947,0.44139111999196806
Station 2,91030.0,5469.5760032434555,3.302934579171078,0.43287604933018026
Station 2,91040.0,5502.675614002218,3.3169266116666067,0.4244258313494743
Station 2,91050.0,5535.913327213629,3.3305561623637896,0.41603968446665984
Station 2,91060.0,5569.285550706071,3.343829744118483,0.4077168259322467
Station 2,91070.0,5602.788756916951,3.3567537659273285,0.39945647270413065
Station 2,91080.0,5636.419481851425,3.3693345321821475,0.391257842257992
Station 2,91090.0,5670.174324034418,3.3815782421424174,0.38312015333809807
Station 2,91100.0,5704.0499434580315,3.3934909896099708,0.3750426266519943
Station 2,91110.0,5738.043060526373,3.4050787627908092,0.36702448551239536
Station 2,91120.0,5772.15045499967,3.416347444329771,0.35906495642936953
Station 2,91130.0,5806.368964939293,3.4273028115044344,0.3511632696558063
Station 2,91140.0,5840.695485655321,3.4379505365654928,0.3433186596889267
Station 2,91150.0,5875.126968658089,3.448296187211409,0.33553036573049394
Station 2,91160.0,5909.660420615004,3.4583452271859776,0.32779763210821394
Station 2,91170.0,5944.2929023138795,3.4681030169879574,0.3201197086606907
Station 2,91180.0,5979.02152763387,3.477574814682648,0.3124958510881659
Station 2,91190.0,6013.843462525034,3.4867657768058526,0.3049253212711544
Station 2,91200.0,6048.75592399738,3.4956809593512497,0.2974073875589789
Station 2,91210.0,6083.756179120341,3.504325318832817,0.2899413250300615
Station 2,91220.0,6118.841544033252,3.512703713414341,0.2825264157257925
Station 2,91230.0,6154.009382967638,3.520820904098713,0.2751619488596297
Station 2,91240.0,6189.257107281807,3.5286815559700915,0.2678472210030266
Station 2,91250.0,6224.582174508336,3.536290239482491,0.2605815362496947
Station 2,91260.0,6259.982087414846,3.5436514317888177,0.25336420635960866
Station 2,91270.0,6295.454393078534,3.5507695181047465,0.24619455088409797
Station 2,91280.0,6330.996681974728,3.5576487931022833,0.23907189727328299
Station 2,91290.0,6366.606587079821,3.564293462328133,0.2319955809670488
Station 2,91300.0,6402.281782988797,3.570707643642457,0.22496494547067708
Station 2,91310.0,6438.019985047548,3.576895368673844,0.21797934241619385
Station 2,91320.0,6473.818948500148,3.582860584286677,0.21103813161043558
Station 2,91330.0,6509.676467651191,3.5886071540573576,0.20414068107076513
Station 2,91340.0,6545.590375043305,3.59413885975612,0.19728636704933444
Station 2,91350.0,6581.558540649844,3.5994594028314584,0.19047457404671722
Station 2,91360.0,6617.578871082825,3.604572405894386,0.18370469481570167
Station 2,91370.0,6653.649308711941,3.609481414285973,0.1769761303408165
Station 1,93700.0,6647.799201348431,-3.614428131731488,0.18032235797493315
Station 1,93710.0,6611.678153018569,-3.609748475983692,0.18709847723799955
Station 1,93720.0,6575.604898250404,-3.6048688513215046,0.1939170424123121
Station 1,93730.0,6539.5814539888215,-3.599785795620753,0.20077868930045112
Station 1,93740.0,6503.609872180607,-3.594495770253061,0.20768406343705606
Station 1,93750.0,6467.692240546418,-3.588995158562772,0.2146338201619144
Station 1,93760.0,6431.830683368045,-3.5832802643375206,0.22162862468724787
Station 1,93770.0,6396.027362291047,-3.5773473102746705,0.22866915215864897
Station 1,93780.0,6360.284477142853,-3.5711924364460517,0.23575608770908935
Station 1,93790.0,6324.604266766315,-3.564811698763658,0.24289012650538155
Station 1,93800.0,6288.989009868823,-3.558201067449218,0.25007197378644275
Station 1,93810.0,6253.441025886849,-3.5513564255108125,0.2573023448926631
Station 1,93820.0,6217.962675866017,-3.5442735672299763,0.26458196528563666
Station 1,93830.0,6182.556363356463,-3.536948196663081,0.27191157055747295
Station 1,93840.0,6147.224535323539,-3.529375926160997,0.2792919064288603
Station 1,93850.0,6111.969683073536,-3.521552274911516,0.28672372873499163
Station 1,93860.0,6076.794343194342,-3.5134726675092436,0.2942078033984238
Station 1,93870.0,6041.701098510746,-3.5051324325581215,0.3017449063878815
Station 1,93880.0,6006.692579054096,-3.4965268013121227,0.3093358236619464
Station 1,93890.0,5971.771463045862,-3.4876509063600825,0.31698135109654973
Station 1,93900.0,5936.940477894873,-3.4784997803610618,0.3246822943950646
Station 1,93910.0,5902.202401207536,-3.469068354837165,0.3324394689797823
Station 1,93920.0,5867.560061810621,-3.4593514590311485,0.34025369986345655
Station 1,93930.0,5833.016340785921,-3.4493438188367382,0.34812582149953786
Station 1,93940.0,5798.574172363795,-3.439040055882309,0.35605667759369497
Station 1,93950.0,5764.236544979047,-3.428434686619952,0.3640471209093527
Station 1,93960.0,5730.006502567428,-3.417522121419174,0.37209801306882273
Station 1,93970.0,5695.887145486555,-3.40629666395428,0.38021022428631
Station 1,93980.0,5661.881631587561,-3.394752510637374,0.3883846330878905
Station 1,93990.0,5627.993177292096,-3.382883750183857,0.39662212600019336
Station 1,94000.0,5594.22505867253,-3.370684363323018,0.40492359720573057
Station 1,94010.0,5560.580612534024,-3.358148222666628,0.41328994816281694
Station 1,94020.0,5527.06323749671,-3.3452690927492563,0.42172208718790005
Station 1,94030.0,5493.67639507629,-3.332040630254812,0.4302209289980257
Station 1,94040.0,5460.423610761092,-3.318456384444585,0.4387873942110424
Station 1,94050.0,5427.308475083548,-3.304509797802911,0.4474224088010399
Station 1,94060.0,5394.334644683774,-3.2901942069174424,0.4561269035063872
Station 1,94070.0,5361.505843362982,-3.27550284361181,0.46490181318762136
Station 1,94080.0,5328.825863123984,-3.260428836349427,0.47374807613229836
Station 1,94090.0,5296.298565196124,-3.2449652119279917,0.482666633303786
Station 1,94100.0,5263.927881041591,-3.2291048974851773,0.49165842753084243
Station 1,94110.0,5231.717813339953,-3.2128407228368987,0.5007244026346691
Station 1,94120.0,5199.672436947513,-3.1961654231704277,0.509865502489984
Station 1,94130.0,5167.795899827865,-3.179071642115478,0.5190826700165002
Station 1,94140.0,5136.0924239497535,-3.1615519352173314,0.528376846097026
Station 1,94150.0,5104.566306148161,-3.1435987738368296,0.5377489684182367
Station 1,94160.0,5073.221918944285,-3.12520454950291,0.5471999702299838
Station 1,94170.0,5042.063711319735,-3.106361578744132,0.5567307790188205
Station 1,94180.0,5011.096209440144,-3.0870621084263306,0.5663423150912201
Station 1,94190.0,4980.324017322936,-3.0672983216242242,0.5760354900617513
Station 1,94200.0,4949.751817443941,-3.047062344055308,0.5858112052412563
Station 1,94210.0,4919.384371277023,-3.02634625110492,0.5956703499198334
Station 1,94220.0,4889.2265197608185,-3.005142075471701,0.6056137995391501
Station 1,94230.0,4859.283183686155,-2.9834418154628684,0.6156424137483897
Station 1,94240.0,4829.559363997691,-2.9612374439689875,0.6257570343377469
Station 1,94250.0,4800.060142002814,-2.9385209181476615,0.6359584830431322
Station 1,94260.0,4770.790679480583,-2.9152841898455297,0.6462475592153414
Station 1,94270.0,4741.756218683351,-2.891519216787376,0.6566250373465464
Station 1,94280.0,4712.962082223166,-2.8672179745606057,0.667091664446512
Station 1,94290.0,4684.413672835025,-2.8423724694223926,0.6776481572604407
Station 1,94300.0,4656.116473008626,-2.8169747519555886,0.688295199319756
Station 1,94310.0,4628.076044477924,-2.7910169315991586,0.6990334378162733
Station 1,94320.0,4600.298027345972,-2.764491192167714,0.7098634802698374
Station 1,94330.0,4572.78813942899,-2.7373898081047767,0.7207858910373751
Station 1,94340.0,4545.552175370797,-2.7097051617241874,0.7318011876020888
Station 1,94350.0,4518.596005369398,-2.681429761488015,0.7429098366213652
Station 1,94360.0,4491.925573822761,-2.652556261194384,0.7541122497487767
Station 1,94370.0,4465.546897777512,-2.623077480135584,0.7654087792030689
Station 1,94380.0,4439.466065170808,-2.5929864242301406,0.7767997130662408
Station 1,94390.0,4413.689232855717,-2.5622763081277964,0.7882852702906384
Station 1,94400.0,4388.222624400337,-2.5309405782810406,0.7998655953924015
Station 1,94410.0,4363.072527651161,-2.4989729369709903,0.811540752805547
Station 1,94420.0,4338.245292051172,-2.466367367269137,0.823310720867365
Station 1,94430.0,4313.747325703513,-2.433118158909524,0.835175385401499
Station 1,94440.0,4289.585092171769,-2.3992199350384995,0.8471345328599907
Station 1,94450.0,4265.765107008357,-2.364667679801247,0.8591878429794929
Station 1,94460.0,4242.293934002866,-2.32945676671571,0.8713348808996099
Station 1,94470.0,4219.178181142861,-2.293582987775636,0.8835750886826716
Station 1,94480.0,4196.424496280161,-2.25704258321486,0.8959077761638939
Station 1,94490.0,4174.039562496451,-2.2198322718551124,0.9083321110484724
Station 1,94500.0,4152.03009316282,-2.181949281949273,0.9208471081572722
Station 1,94510.0,4130.402826688816,-2.1433913824213824,0.9334516177048452
Station 1,94520.0,4109.164520957638,-2.1041569143937924,0.9461443124719464
Station 1,94530.0,4088.3219474452153,-2.064244822880802,0.9589236737086404
Station 1,94540.0,4067.8818850222146,-2.023654688516933,0.971787975572579
Station 1,94550.0,4047.851113439376,-1.9823867591769193,0.9847352678687682
Station 1,94560.0,4028.2364064980657,-1.9404419813334828,0.9977633568106826
Station 1,94570.0,4009.0445249095483,-1.8978220309883724,1.0108697834658924
Station 1,94580.0,3990.2822088481203,-1.8545293440016617,1.0240517994802134
Station 1,94590.0,3971.9561702051183,-1.8105671456350207,1.0373063395894742
Station 1,94600.0,3954.0730845526764,-1.7659394791153602,1.050629990323868
Station 1,94610.0,3936.6395828280347,-1.7206512330175379,1.0640189541813971
Station 1,94620.0,3919.662242751338,-1.6747081672577573,1.0774690083882021
Station 1,94630.0,3903.1475799919003,-1.6281169374837812,1.0909754571669028
Station 1,94640.0,3887.1020391001,-1.580885117643877,1.10453307618956
Station 1,94650.0,3871.531984224277,-1.5330212205139118,1.1181360475871513
Station 1,94660.0,3856.443689634192,-1.4845347159614042,1.131777883506725
Station 1,94670.0,3841.8433300747897,-1.435436046726408,1.145451335730648
Station 1,94680.0,3827.736970971158,-1.3857366415037922,1.1591482882740392
Station 1,94690.0,3814.1305583047515,-1.3354489251426127,1.1728596291173463
Station 1,94700.0,3801.029908820924,-1.2845863256446288,1.186575096327348
Station 1,94710.0,3788.4407000282145,-1.2331632779176913,1.2002830925719006
Station 1,94720.0,3776.368460040812,-1.1811952240526602,1.2139704605980042
Station 1,94730.0,3764.8185575232746,-1.128698609931475,1.2276222104062455
Station 1,94740.0,3753.7961916875734,-1.0756908780400922,1.2412211865804579
Station 1,94750.0,3743.3063823811035,-1.0221904563611475,1.254747661500876
Station 1,94760.0,3733.35396030541,-0.9682167432442315,1.2681788369466687
Station 1,94770.0,3723.9435574062804,-0.9137900881768446,1.2814882329665214
Station 1,94780.0,3715.079597476498,-0.8589317684064686,1.29464493914077
Station 1,94790.0,3706.766287012904,-0.8036639613932952,1.307612700128363
Station 1,94800.0,3699.0076063694682,-0.7480097131039123,1.3203488060275235
Station 1,94810.0,3691.8073012478103,-0.6919929021881691,1.3328027611254554
Station 1,94820.0,3685.16887456603,-0.6356382001144497,1.3449147166167383
Station 1,94830.0,3679.095578745778,-0.578971027371908,1.356613681486528
Station 1,94840.0,3673.590408456271,-0.5220175058818913,1.3678155829568108
Station 1,94850.0,3668.656093852338,-0.4648044077940444,1.378421350454763
Station 1,94860.0,3664.29509434169,-0.40735910087510074,1.3883153640488552
Station 1,94870.0,3660.5095929143495,-0.3497094907298266,1.397364850898878
Station 1,94880.0,3657.3014910646502,-0.29188396012331363,1.4054211098810105
Station 1,94890.0,3654.6724043333766,-0.23391130570152585,1.412323696908719
Station 1,94900.0,3652.623658494498,-0.1758206724323279,1.417908689786576
Station 1,94910.0,3651.156286407654,-0.11764148611158487,1.422021541847938
Station 1,94920.0,3650.2710255539682,-0.059403384298328143,1.4245335821496805
Station 1,94930.0,3649.968316269045,-0.001136146058434706,1.4253591680928699
Station 1,94940.0,3650.2483006831853,0.05713037909122298,1.4244688816603968
Station 1,94950.0,3651.110822374817,0.11536634263847922,1.4218943964942257
Station 1,94960.0,3652.555426739211,0.173541968527418,1.4177232436566745
Station 1,94970.0,3654.581362070402,0.2316276242019253,1.4120853786779333
Station 1,94980.0,3657.1875813503057,0.2895938908414044,1.40513597638205
Station 1,94990.0,3660.372744734988,0.3474116323971499,1.397039027085738
Station 1,95000.0,3664.1352227242264,0.40505206304980956,1.3879546502144842
Station 1,95010.0,3668.4730999967537,0.46248681272442727,1.3780309982941783
Station 1,95020.0,3673.384179890055,0.5196879903185136,1.3674002045777722
Station 1,95030.0,3678.8659895002133,0.5766282443214157,1.3561772464010464
Station 1,95040.0,3684.9157853742395,0.6332808205283473,1.3444605982614604
Station 1,95050.0,3691.530559713557,0.6896196166018715,1.332333805771459
Station 1,95060.0,3698.707046980691,0.7456192332925242,1.3198674073445356
Station 1,95070.0,3706.441731490216,0.8012550218266763,1.3071208703461608
Station 1,95080.0,3714.7308550172925,0.8565031276598885,1.2941443726033262
Station 1,95090.0,3723.570424923059,0.9113405302699626,1.2809803607523857
Station 1,95100.0,3732.9562226796825,0.9657450788968902,1.267664872727465
Station 1,95110.0,3742.883812731729,1.0196955241635668,1.25422863949844
Station 1,95120.0,3753.3485516524925,1.0731715455355861,1.2406979927214026
Station 1,95130.0,3764.3455975536262,1.1261537746104513,1.2270956077787503
Station 1,95140.0,3775.8699197064893,1.1786238142571368,1.213441110215416
Station 1,95150.0,3787.916308333978,1.230564253656147,1.1997515703093544
Station 1,95160.0,3800.479384532268,1.2819586793174247,1.1860419067556338
Station 1,95170.0,3813.5536102827646,1.3327916821786734,1.1723252168282685
Station 1,95180.0,3827.1332985157396,1.3830488609095906,1.1586130471793499
Station 1,95190.0,3841.2126231884536,1.432716821568154,1.1449156167182022
Station 1,95200.0,3855.785629342146,1.4817831737730185,1.1312420007700181
Station 1,95210.0,3870.8462431039907,1.5302365235718072,1.1176002838907753
Station 1,95220.0,3886.3882816019595,1.5780664631979338,1.1039976872490318
Station 1,95230.0,3902.405462762545,1.6252635579191663,1.090440675312571
Station 1,95240.0,3918.891414963344,1.6718193301891038,1.0769350456429272
Station 1,95250.0,3935.83968651465,1.7177262413183807,1.0634860048563315
Station 1,95260.0,3953.243754946391,1.7629776708857756,1.0500982332167028
Station 1,95270.0,3971.0970360789847,1.807567894110757,1.0367759398535275
Station 1,95280.0,3989.392892858808,1.8514920574079952,1.0235229102200276
Station 1,95290.0,4008.124643941278,1.8947461523421314,1.0103425471047363
Station 1,95300.0,4027.285572006636,1.937326988196678,0.9972379062671582
Station 1,95310.0,4046.868931795645,1.9792321633653938,0.9842117275730915
Station 1,95320.0,4066.867957854476,2.020460035767464,0.9712664623477288
Station 1,95330.0,4087.2758719800163,2.0610096924798853,0.9584042975372642
Station 1,95340.0,4108.085890358723,2.1008809187714004,0.9456271771663216
Station 1,95350.0,4129.291230393915,2.140074166712708,0.9329368214943654
Station 1,95360.0,4150.885117218189,2.1785905235274665,0.9203347442055012
Station 1,95370.0,4172.86078988906,2.216431679837676,0.9078222679099431
Station 1,95380.0,4195.211507267567,2.253599897946334,0.8954005381891725
Station 1,95390.0,4217.930553580886,2.2900979802889245,0.8830705363789263
Station 1,95400.0,4241.011243671248,2.325929238174217,0.8708330912528106
Station 1,95410.0,4264.446927932092,2.361097460925793,0.8586888897431608
Station 1,95420.0,4288.230996771273,2.3956068856610586,0.8466384867921868
Station 1,95430.0,4312.356885091171,2.4294621674114745,0.834682314493167
Station 1,95440.0,4336.81807638058,2.4626683499543276,0.8228206905577111
Station 1,95450.0,4361.608106383452,2.4952308374954395,0.8110538261676876
Station 1,95460.0,4386.720566567417,2.527155367080443,0.7993818333013957
Station 1,95470.0,4412.149107320021,2.558447981844432,0.7878047315759485
Station 1,95480.0,4437.887440881332,2.589115005140602,0.7763224546503904
Station 1,95490.0,4463.929344021913,2.619163015580643,0.7649348562280379
Station 1,95500.0,4490.26866047546,2.6485988230121253,0.7536417156914789
Station 1,95510.0,4516.899303135627,2.6774294454512377,0.7424427433993863
Station 1,95520.0,4543.815256026686,2.7056620869829153,0.7313375856707325
Station 1,95530.0,4571.010576057808,2.7333041166345433,0.7203258294789405
Station 1,95540.0,4598.479394570718,2.7603630482241734,0.7094070068759594
Station 1,95550.0,4626.21591869053,2.786846521179394,0.698580599164068
Station 1,95560.0,4654.214432489452,2.8127622823187326,0.6878460408313734
Station 1,95570.0,4682.469297972986,2.838118168583651,0.6772027232653867
Station 1,95580.0,4710.974955898088,2.862922090705866,0.6666499982577283
Station 1,95590.0,4739.725926432594,2.8871820177917717,0.6561871813118492
Station 1,95600.0,4768.716809665025,2.9109059628032394,0.6458135547646687
Station 1,95610.0,4797.9422859736205,2.934101968911891,0.635528370732185
Station 1,95620.0,4827.397116263345,2.956778096702225,0.6253308538883193
Station 1,95630.0,4857.076142079123,2.9789424121973385,0.6152202040856887
Station 1,95640.0,4886.974285603532,3.0006029756799872,0.6051955988263499
Station 1,95650.0,4917.086549546741,3.021767831280684,0.595256195590094
Station 1,95660.0,4947.408016936276,3.042444997303967,0.5854011340274157
Station 1,95670.0,4977.93385081385,3.0626424572634514,0.5756295380238785
Station 1,95680.0,5008.659293846238,3.08236815159612,0.5659405176422264
Station 1,95690.0,5039.579667856832,3.101629970026181,0.5563331709482896
Station 1,95700.0,5070.69037328432,3.120435744549042,0.5468065857263767
Station 1,95710.0,5101.986888574455,3.1387932430060186,0.5373598410896502
Station 1,95720.0,5133.464769510773,3.1567101632209598,0.5279920089906489
Station 1,95730.0,5165.119648489713,3.1741941276703156,0.5187021556369268
Station 1,95740.0,5196.947233745356,3.1912526786588096,0.5094893428165431
Station 1,95750.0,5228.9433085287255,3.207893273973509,0.5003526291379216
Station 1,95760.0,5261.10373024627,3.224123282989793,0.4912910711884108
Station 1,95770.0,5293.42442956197,3.2399499832034975,0.4823037246156783
Station 1,95780.0,5325.901409391298,3.255380557230943,0.4733896451242754
Station 1,95790.0,5358.53074388495,3.270422090181242,0.4645478894035274
Station 1,95800.0,5391.308577651977,3.28508156714037,0.455777516031925
Station 1,95810.0,5424.23112463955,3.299365871263953,0.4470775862709113
Station 1,95820.0,5457.294667103945,3.3132817820928886,0.4384471648148066
Station 1,95830.0,5490.495554569489,3.3268359741562454,0.4298853204852853
Station 1,95840.0,5523.83020277443,3.340035015845114,0.42139112687286256
Station 1,95850.0,5557.29509260637,3.3528853685386872,0.41296366292827
Station 1,95860.0,5590.886769029763,3.3653933859647167,0.4046020135064829
Station 1,95870.0,5624.601840007769,3.377565313777345,0.39630526986602704
Station 1,95880.0,5658.436975420607,3.3894072893361584,0.3880725301260841
Station 1,95890.0,5692.388905982378,3.400925341671132,0.3799028996837914
Station 1,95900.0,5726.4544221581955,3.4121253916189422,0.3717954915940167
Station 1,95910.0,5760.630373083313,3.423013252116879,0.3637494269138001
Station 1,95920.0,5794.913665485768,3.4335946286413868,0.3557638350135249
Station 1,95930.0,5829.301262614025,3.443875119778955,0.3478378538568013
Station 1,95940.0,5863.790183170854,3.453860217917797,0.33997063025094104
Station 1,95950.0,5898.3775002546545,3.4635553100494194,0.3321613200698211
Station 1,95960.0,5933.0603403093855,3.4729656786698984,0.32440908845080724
Station 1,95970.0,5967.835882083931,3.482096502771169,0.31671310996739555
Station 1,95980.0,6002.701355601919,3.490952858913385,0.3090725687790697
Station 1,95990.0,6037.654041142735,3.4995397223698643,0.30148665875985003
Station 1,96000.0,6072.691268234457,3.507861968336718,0.29395458360690385
Station 1,96010.0,6107.810414659338,3.5159243731998058,0.2864755569305345
Station 1,96020.0,6143.008905472429,3.5237316158520877,0.2790488023267835
Station 1,96030.0,6178.284212033807,3.5312882790549645,0.27167355343382343
Station 1,96040.0,6213.633851054828,3.538598850837625,0.2643490539732607
Station 1,96050.0,6249.055383658876,3.5456677259288423,0.25707455777737603
Station 1,96060.0,6284.5464144567795,3.552499207216028,0.24984932880333174
Station 1,96070.0,6320.104590637273,3.559097507226792,0.24267264113526102
Station 1,96080.0,6355.727601072681,3.565466749628545,0.23554377897513604
Station 1,96090.0,6391.4131754400005,3.5716109707420536,0.228462036623254
Station 1,96100.0,6427.15908335754,3.5775341210651623,0.22142671844912956
Station 1,96110.0,6462.963133537159,3.5832400668032074,0.21443713885354362
Station 1,96120.0,6498.8231729522395,3.5887325914028834,0.2074926222224478
Station 1,96130.0,6534.737086021359,3.594015397086644,0.20059250287339103
Station 1,96140.0,6570.702793777024,3.5990921064091435,0.1937361249907833
Station 1,96150.0,6606.718252948073,3.603966263896033,0.18692284253939975
Station 1,96160.0,6642.7814554153265,3.60864133739125,0.18015201922283336
Station 3,98370.0,6657.441665791957,-0.8561923877408764,0.175523531235502
Station 3,98380.0,6648.9960397470995,-0.8329096215900682,0.17708872612857404
Station 3,98390.0,6640.783933048397,-0.8094889547626798,0.17861311653038495
Station 3,98400.0,6632.806711488537,-0.7859330401623865,0.18009624145706307
Station 3,98410.0,6625.065713997653,-0.76224459747756,0.1815376474166984
Station 3,98420.0,6617.562251979726,-0.7384264124504945,0.1829368888165634
Station 3,98430.0,6610.29760865641,-0.7144813360715616,0.1842935283689838
Station 3,98440.0,6603.273038419013,-0.6904122836980853,0.18560713749516095
Station 3,98450.0,6596.489766189489,-0.6662222340978043,0.1868772967262559
Station 3,98460.0,6589.948986791133,-0.6419142284170483,0.18810359610100894
Station 3,98470.0,6583.651864329903,-0.6174913690737378,0.189285635559175
Station 3,98480.0,6577.599531586993,-0.5929568185757004,0.19042302533005298
Station 3,98490.0,6571.7930894235615,-0.5683137982647426,0.19151538631536943
Station 3,98500.0,6566.233606198315,-0.5435655869872213,0.19256235046577924
Station 3,98510.0,6560.92211719876,-0.5187155196919331,0.1935635611502553
Station 3,98520.0,6555.859624086848,-0.4937669859563729,0.19451867351762492
Station 3,98530.0,6551.047094359786,-0.4687234284425208,0.19542735484952992
Station 3,98540.0,6546.485460826714,-0.4435883412835113,0.19628928490408618
Station 3,98550.0,6542.17562110201,-0.4183652684026926,0.19710415624952993
Station 3,98560.0,6538.1184371158915,-0.39305780176674343,0.1978716745871505
Station 3,98570.0,6534.314734643011,-0.36766957957467805,0.1985915590628222
Station 3,98580.0,6530.765302849731,-0.34220428438472816,0.19926354256646506
Station 3,98590.0,6527.470893860671,-0.31666564118123186,0.19988737201878523
Station 3,98600.0,6524.432222345233,-0.29105741538383145,0.2004628086446621
Station 3,98610.0,6521.649965124589,-0.26538341080140726,0.20098962823257863
Station 3,98620.0,6519.124760799844,-0.23964746753332244,0.20146762137951502
Station 3,98630.0,6516.857209401764,-0.21385345982070714,0.2018965937207526
Station 3,98640.0,6514.847872062721,-0.18800529385060116,0.2022763661440663
Station 3,98650.0,6513.097270711252,-0.16210690551593987,0.20260677498781884
Station 3,98660.0,6511.605887789721,-0.13616225813445237,0.20288767222249884
Station 3,98670.0,6510.374165995508,-0.11017534012967589,0.20311892561528722
Station 3,98680.0,6509.402508046077,-0.08415016267736841,0.20330041887726535
Station 3,98690.0,6508.691276468339,-0.058090757320708786,0.20343205179292978
Station 3,98700.0,6508.2407933407685,-0.03200117354344023,0.20351374032277056
Station 3,98710.0,6508.051340006836,-0.005885476296298764,0.2035454166807144
Station 3,98720.0,6508.123157226864,0.02025225640782291,0.20352702944460302
Station 3,98730.0,6508.456444927882,0.04640793599038795,0.20345854359499357
Station 3,98740.0,6509.051362102194,0.0725774658027607,0.20333994055038165
Station 3,98750.0,6509.908026741596,0.098756743629975,0.20317121818476105
Station 3,98760.0,6511.026515796189,0.12494166420092001,0.20295239082611646
Station 3,98770.0,6512.406865157939,0.1511281217012299,0.20268348923585636
Station 3,98780.0,6514.0490696689785,0.177312012285193,0.20236456056924004
Station 3,98790.0,6515.953083154666,0.203489236582987,0.20199566831688542
Station 3,98800.0,6518.118818481358,0.22965570219951492,0.20157689222752398
Station 3,98810.0,6520.5461476389,0.2558073262012339,0.20110832821215127
Station 3,98820.0,6523.234901847601,0.28194003758727126,0.20059008822984345
Station 3,98830.0,6526.184871689649,0.30804977974127434,0.20002230015548678
Station 3,98840.0,6529.395807264791,0.33413251286042545,0.19940510762974445
Station 3,98850.0,6532.86741836999,0.3601842163581488,0.19873866989161063
Station 3,98860.0,6536.599374702921,0.38620089123706036,0.19802316159395503
Station 3,98870.0,6540.591306088936,0.41217856242885176,0.19725877260247818
Station 3,98880.0,6544.842802731245,0.43811328109781233,0.19644570777855458
Station 3,98890.0,6549.3534154839435,0.46400112690485207,0.19558418674645886
Station 3,98900.0,6554.122656147511,0.4898382102289407,0.19467444364551345
Station 3,98910.0,6559.1499977863905,0.51562067434302,0.19371672686771893
Station 3,98920.0,6564.434875068216,0.5413446975415288,0.19271129878146018
Station 3,98930.0,6569.976684624177,0.5670064952168532,0.19165843544190436
Station 3,98940.0,6575.774785430129,0.5926023218820579,0.19055842628873756
Station 3,98950.0,6581.828499207804,0.6181284731374997,0.18941157383189483
Station 3,98960.0,6588.1371108457015,0.6435812875789484,0.1882181933259721
Station 3,98970.0,6594.6998688390195,0.6689571486450575,0.18697861243401626
Station 3,98980.0,6601.515985748072,0.6942524864021618,0.18569317088140347
Station 3,98990.0,6608.584638674553,0.7194637792644925,0.18436222010053055
Station 3,99000.0,6615.904969755082,0.7445875556480778,0.1829861228670571
Station 3,99010.0,6623.476086671305,0.7696203955567851,0.18156525292842995
Station 3,99020.0,6631.29706317597,0.7945589320990263,0.18009999462544254
Station 3,99030.0,6639.366939634229,0.8193998529338995,0.1785907425075715
Station 3,99040.0,6647.684723579534,0.8441399016456567,0.17703790094283545
Station 3,99050.0,6656.249390283421,0.868775879045498,0.17544188372292618
Station 2,99790.0,6638.19804647272,-3.622047503973729,0.17877211544117105
Station 2,99800.0,6602.000221237942,-3.617484944051337,0.18555232058764043
Station 2,99810.0,6565.849004251088,-3.6127253116517695,0.19237543667268156
Station 2,99820.0,6529.746383304904,-3.6077651654498184,0.19924211835488012
Station 2,99830.0,6493.694381012414,-3.6026009871951543,0.20615303076581928
Station 2,99840.0,6457.69505562087,-3.5972291801285676,0.21310884961838553
Station 2,99850.0,6421.750501737946,-3.5916460674305486,0.2201102613014242
Station 2,99860.0,6385.862851142362,-3.5858478906290943,0.2271579629769577
Station 2,99870.0,6350.03427361007,-3.579830808002749,0.23425266267213116
Station 2,99880.0,6314.266977756153,-3.573590892981317,0.241395079365356
Station 2,99890.0,6278.563211892386,-3.5671241325470184,0.24858594306609486
Station 2,99900.0,6242.925264900519,-3.5604264256390192,0.25582599488769725
Station 2,99910.0,6207.355467121215,-3.5534935815646644,0.2631159871126547
Station 2,99920.0,6171.856191258597,-3.5463213184208913,0.2704566832496161
Station 2,99930.0,6136.429853300298,-3.5389052615297407,0.27784885808144777
Station 2,99940.0,6101.078913452874,-3.5312409418921433,0.28529329770359924
Station 2,99950.0,6065.80587709241,-3.523323794664497,0.29279079955197745
Station 2,99960.0,6030.6132957300915,-3.5151491576629903,0.3003421724194931
Station 2,99970.0,5995.503767992457,-3.5067122699009463,0.30794823646039676
Station 2,99980.0,5960.479940616014,-3.4980082701649517,0.31560982318146624
Station 2,99990.0,5925.54450945583,-3.4890321956359034,0.3233277754190623
Station 2,100000.0,5890.700220507647,-3.479778980561636,0.33110294730101236
Station 2,100010.0,5855.949870943013,-3.4702434549882613,0.33893620419222376
Station 2,100020.0,5821.296310156821,-3.4604203435578436,0.3468284226228786
Station 2,100030.0,5786.742440826618,-3.4503042643806445,0.3547804901979924
Station 2,100040.0,5752.29121998291,-3.4398897279906953,0.36279330548706606
Station 2,100050.0,5717.945660089643,-3.4291711363940514,0.3708677778924885
Station 2,100060.0,5683.708830133904,-3.4181427822197796,0.37900482749529174
Station 2,100070.0,5649.583856723843,-3.4067988479843176,0.38720538487678197
Station 2,100080.0,5615.573925193611,-3.395133405480568,0.395470390914511
Station 2,100090.0,5581.682280714128,-3.3831404153038265,0.40380079655097595
Station 2,100100.0,5547.912229408246,-3.3708137265273685,0.41219756253335654
Station 2,100110.0,5514.26713946877,-3.358147076541274,0.42066165912255993
Station 2,100120.0,5480.750442277763,-3.3451340910689646,0.4291940657697048
Station 2,100130.0,5447.365633525262,-3.331768284376638,0.4377957707581719
Station 2,100140.0,5414.1162743254745,-3.318043059691754,0.44646777080922245
Station 2,100150.0,5381.005992328334,-3.3039517098475275,0.4552110706491343
Station 2,100160.0,5348.038482824111,-3.289487418171346,0.46402668253572066
Station 2,100170.0,5315.2175098386015,-3.274643259635921,0.47291562574202284
Station 2,100180.0,5282.546907142358,-3.259412202329041,0.4818789259871311
Station 2,100190.0,5250.030579203938,-3.243787109237028,0.49091761481703555
Station 2,100200.0,5217.672502501975,-3.22776074017528,0.5000327289740282
Station 2,100210.0,5185.476726423428,-3.2113257542656335,0.5092253096710343
Station 2,100220.0,5153.447374250818,-3.1944747127203943,0.5184964018246153
Station 2,100230.0,5121.588644127728,-3.1772000820178437,0.5278470532312782
Station 2,100240.0,5089.904809990132,-3.159494237498832,0.5372783136835201
Station 2,100250.0,5058.400222459231,-3.141349467410728,0.5467912340228941
Station 2,100260.0,5027.079309691198,-3.1227579774258185,0.5563868651273616
Station 2,100270.0,4995.946578178973,-3.1037118956620953,0.5660662568301312
Station 2,100280.0,4965.006613500954,-3.084203278235078,0.5758304567671866
Station 2,100290.0,4934.264081011149,-3.064224115370093,0.5856805091506619
Station 2,100300.0,4903.723726465088,-3.0437663381049234,0.5956174534652368
Station 2,100310.0,4873.390376575406,-3.022821825613335,0.6056423230847156
Station 2,100320.0,4843.268939490832,-3.00138241318034,0.6157561438059747
Station 2,100330.0,4813.364405191888,-2.9794399008603007,0.625959932297493
Station 2,100340.0,4783.681845796365,-2.956986062849122,0.6362546944597272
Station 2,100350.0,4754.226415767323,-2.934012657601644,0.6466414236946514
Station 2,100360.0,4725.003352016021,-2.9105114387251536,0.6571210990818636
Station 2,100370.0,4696.017973891934,-2.8864741666794083,0.6676946834587532
Station 2,100380.0,4667.275683051633,-2.861892621312836,0.6783631214023393
Station 2,100390.0,4638.781963198114,-2.8367586152635944,0.6891273371105332
Station 2,100400.0,4610.542379681798,-2.8110640082529184,0.6999882321807085
Station 2,100410.0,4582.562578954208,-2.7848007222964766,0.7109466832836716
Station 2,100420.0,4554.848287865059,-2.757960757857634,0.7220035397312782
Station 2,100430.0,4527.405312793271,-2.730536210964071,0.7331596209361936
Station 2,100440.0,4500.239538602275,-2.702519291306538,0.7444157137624707
Station 2,100450.0,4473.3569274096535,-2.6739023413352654,0.7557725697659508
Station 2,100460.0,4446.763517161235,-2.6446778563660818,0.7672309023236248
Station 2,100470.0,4420.465419999498,-2.614838505703951,0.7787913836514758
Station 2,100480.0,4394.468820416146,-2.584377154787211,0.7904546417105093
Station 2,100490.0,4368.779973178695,-2.5532868883504722,0.8022212570009782
Station 2,100500.0,4343.405201021001,-2.5215610345985553,0.8140917592450366
Station 2,100510.0,4318.35089208769,-2.489193190377451,0.8260666239582785
Station 2,100520.0,4293.623497122714,-2.4561772473214925,0.8381462689108065
Station 2,100530.0,4269.229526392424,-2.4225074189485167,0.8503310504785705
Station 2,100540.0,4245.1755463126165,-2.388178268675164,0.8626212598840275
Station 2,100550.0,4221.468175608045,-2.353184738763491,0.8750171193149315
Station 2,100560.0,4198.114081648956,-2.3175221798871406,0.8875187779752759
Station 2,100570.0,4175.11997616466,-2.2811863815976205,0.9001263079979612
Station 2,100580.0,4152.492610658468,-2.2441736034486337,0.9128397002523245
Station 2,100590.0,4130.238771551954,-2.2064806066908247,0.9256588600459597
Station 2,100600.0,4108.365275009346,-2.168104686460306,0.9385836027140094
Station 2,100610.0,4086.8789614376205,-2.129043704353584,0.9516136490912168
Station 2,100620.0,4065.7866896590913,-2.089296121269874,0.9647486208594899
Station 2,100630.0,4045.095330754423,-2.0488610303899377,0.977988035760449
Station 2,100640.0,4024.8117615754804,-2.007738190148661,0.9913313026580868
Station 2,100650.0,4004.942857928836,-1.9659280570468578,1.0047777164310365
Station 2,100660.0,3985.4954874324085,-1.9234318181360885,1.0183264526666858
Station 2,100670.0,3966.476502049386,-1.88025142299907,1.031976562119969
Station 2,100680.0,3947.892730305486,-1.836389615037538,1.0457269648875787
Station 2,100690.0,3929.7509691974465,-1.7918499618692734,1.0595764442327402
Station 2,100700.0,3912.0579758027557,-1.7466368846269273,1.0735236399755395
Station 2,100710.0,3894.820458602701,-1.7007556859430706,1.08756704133768
Station 2,100720.0,3878.045068533025,-1.6542125763990008,1.1017049790966005
Station 2,100730.0,3861.7383897787245,-1.6070146992094634,1.1159356168594836
Station 2,100740.0,3845.9069303318365,-1.5591701529115778,1.130256941209297
Station 2,100750.0,3830.5571123333834,-1.5106880118243318,1.1446667503977404
Station 2,100760.0,3815.695262222978,-1.461578344045066,1.1591626411567963
Station 2,100770.0,3801.327600721933,-1.4118522267516032,1.1737419930618074
Station 2,100780.0,3787.4602326780005,-1.3615217585832808,1.1884019496904488
Station 2,100790.0,3774.099136802108,-1.3106000688813164,1.203139395563122
Station 2,100800.0,3761.2501553295797,-1.2591013235783568,1.2179509274912343
Station 2,100810.0,3748.918983640441,-1.2070407275398367,1.2328328184551558
Station 2,100820.0,3737.111159875222,-1.154434523174458,1.2477809714157855
Station 2,100830.0,3725.8320545844635,-1.101299985149123,1.2627908594273216
Station 2,100840.0,3715.08686045168,-1.0476554110641425,1.2778574469002302
Station 2,100850.0,3704.880582130801,-0.9935201079676274,1.2929750846011383
Station 2,100860.0,3695.218026240288,-0.9389143746136147,1.3081373675452808
Station 2,100870.0,3686.103791556847,-0.8838594793964777,1.3233369396316892
Station 2,100880.0,3677.5422594522474,-0.828377633924227,1.3385652204921328
Station 2,100890.0,3669.537584616907,-0.7724919622250181,1.3538120164828704
Station 2,100900.0,3662.0936861105033,-0.7162264656150281,1.3690649553034675
Station 2,100910.0,3655.2142385928755,-0.6596059832807185,1.384308645487642
Station 2,100920.0,3648.90266433379,-0.6026561486660427,1.3995233948850097
Station 2,100930.0,3643.1621255689306,-0.5454033418497046,1.4146832004453809
Station 2,100940.0,3637.9955172049426,-0.4878746380313473,1.4297524928284149
Station 2,100950.0,3633.405460143981,-0.4300977523405951,1.4446806733928919
Station 2,100960.0,3629.394295177079,-0.37210098121184787,1.4593925799669651
Station 2,100970.0,3625.96407747939,-0.313913140595425,1.4737711418806696
Station 2,100980.0,3623.1165717374556,-0.25556350130619426,1.4876245479714194
Station 2,100990.0,3620.853247935562,-0.19708172183885536,1.5006224794398133
Station 2,101000.0,3619.1752778247865,-0.1384977790042518,1.5121752032490092
Station 2,101010.0,3618.083532094691,-0.079841896763024,1.5212453950088347
Station 2,101020.0,3617.578578263764,-0.02114447365121086,1.5262771349802482
Station 2,101030.0,3617.6606793007154,0.0375639907931416,1.5258863955752375
Station 2,101040.0,3618.329792984541,0.09625297018303508,1.5201992899498644
Station 2,101050.0,3619.5855720070836,0.15489198558988831,1.510706160883164
Station 2,101060.0,3621.427364817554,0.21345067957828123,1.4989070863103109
Station 2,101070.0,3623.854217204174,0.27189888954393654,1.4857663999833126
Station 2,101080.0,3626.864874603963,0.3302067199379919,1.471828145098449
Station 2,101090.0,3630.457785127516,0.38834461297205053,1.4573980143924499
Station 2,101100.0,3634.6311032816534,0.44628341741402305,1.4426546699170857
Station 2,101110.0,3639.382694369049,0.5039944551040955,1.427707925535688
Station 2,101120.0,3644.7101395403065,0.5614495848430332,1.4126287580300672
Station 2,101130.0,3650.6107414706125,0.6186212633310408,1.397465241927085
Station 2,101140.0,3657.0815306300283,0.6754826028641022,1.3822513590875378
Station 2,101150.0,3664.1192721137186,0.7320074255260829,1.3670120747584138
Station 2,101160.0,3671.720472995893,0.788170313647415,1.3517663779328983
Station 2,101170.0,3679.8813901692038,0.8439466563359599,1.3365291674703748
Station 2,101180.0,3688.5980386295055,0.8993126919207113,1.321312459477851
Station 2,101190.0,3697.866200164481,0.9542455461847084,1.306126182111054
Station 2,101200.0,3707.6814324036113,1.0087232662992687,1.2909787119770542
Station 2,101210.0,3718.0390781861984,1.062724850406816,1.275877244304541
Station 2,101220.0,3728.9342752038474,1.1162302728338145,1.260828053573443
Station 2,101230.0,3740.3619658737853,1.1692205049485942,1.2458366803912246
Station 2,101240.0,3752.3169073996446,1.2216775317098572,1.2309080677450908
Station 2,101250.0,3764.793681977021,1.2735843639815765,1.2160466619011332
Station 2,101260.0,3777.7867071019487,1.324925046717035,1.2012564882309704
Station 2,101270.0,3791.2902458021576,1.3756846632255275,1.1865412089973721
Station 2,101280.0,3805.2984170690547,1.4258493355031499,1.1719041680282067
Station 2,101290.0,3819.8052064008457,1.4754062207751042,1.1573484257483215
Station 2,101300.0,3834.804476008026,1.5243435047167284,1.14287678700858
Station 2,101310.0,3850.289975052948,1.5726503913193441,1.1284918235443144
Station 2,101320.0,3866.2553497719755,1.6203170896753534,1.114195892370836
Station 2,101330.0,3882.694153450467,1.6673347979046231,1.0999911510895355
Station 2,101340.0,3899.5998562232094,1.7136956844504843,1.0858795708305005
Station 2,101350.0,3916.965854675177,1.7593928669776182,1.0718629473769588
Station 2,101360.0,3934.7854812198743,1.8044203891056871,1.0579429108837275
Station 2,101370.0,3953.0520132348092,1.848773195212015,1.044120934502778
Station 2,101380.0,3971.7586819360135,1.8924471035341452,1.03039834215474
Station 2,101390.0,3990.8986809757744,1.9354387777987783,1.016776315628984
Station 2,101400.0,4010.4651747500084,1.9777456975977281,1.003255901152179
Station 2,101410.0,4030.4513064038624,2.019366127724286,0.9898380155325016
Station 2,101420.0,4050.8502055262247,2.060299086674872,0.9765234519614967
Station 2,101430.0,4071.654995525837,2.1005443145114415,0.9633128855361737
Station 2,101440.0,4092.858800683565,2.140102240269848,0.9502068785488474
Station 2,101450.0,4114.454752877258,2.1789739490883724,0.93720588558059
Station 2,101460.0,4136.435997977215,2.2171611492193497,0.9243102584250854
Station 2,101470.0,4158.795701911931,2.254666139075123,0.9115202508626638
Station 2,101480.0,4181.527056405163,2.291491774447585,0.8988360232988988
Station 2,101490.0,4204.623284386822,2.327641436028948,0.8862576472778992
Station 2,101500.0,4228.077645081214,2.363118997349253,0.8737851098773693
Station 2,101510.0,4251.883438777435,2.397928793234788,0.8614183179899796
Station 2,101520.0,4276.034011287616,2.4320755888801093,0.8491571024938835
Station 2,101530.0,4300.522758099576,2.465564549615447,0.8370012223138733
Station 2,101540.0,4325.343128231254,2.498401211440683,0.8249503683737642
Station 2,101550.0,4350.488627794895,2.530591452387023,0.8130041674399632
Station 2,101560.0,4375.952823279594,2.562141464757917,0.8011621858558052
Station 2,101570.0,4401.72934456114,2.5930577282917198,0.789423933166052
Station 2,101580.0,4427.811887648721,2.6233469842802606,0.7777888656308258
Station 2,101590.0,4454.194217178021,2.6530162106693673,0.7662563896283999
Station 2,101600.0,4480.870168660773,2.6820725981603664,0.7548258649462928
Station 2,101610.0,4507.833650500784,2.7105235273246766,0.7434966079603459
Station 2,101620.0,4535.078645786644,2.7383765467375945,0.7322678947016742
Station 2,101630.0,4562.599213850253,2.7656393521499663,0.7211389638085864
Station 2,101640.0,4590.389491464394,2.792319766820886,0.7101090193425026
Station 2,101650.0,4618.44369427818,2.818425722484481,0.6991772335546538
Station 2,101660.0,4646.756117754102,2.8439652415639824,0.688342749500733
Station 2,101670.0,4675.321137954894,2.8689464203550745,0.6776046835476831
Station 2,101680.0,4704.133212204654,2.893377413135228,0.6669621277780778
Station 2,101690.0,4733.186879595224,2.917266417208744,0.6564141522884236
Station 2,101700.0,4762.476761347113,2.940621658863144,0.6459598073831812
Station 2,101710.0,4791.997561034005,2.963451380210625,0.6355981256664995
Station 2,101720.0,4821.744064679618,2.9857638268867617,0.6253281240338294
Station 2,101730.0,4851.711140735368,3.0075672365774997,0.6151488055657194
Station 2,101740.0,4881.8937399470415,3.0288698283444444,0.6050591613262379
Station 2,101750.0,4912.28689511834,3.049679792717906,0.595058172068569
Station 2,101760.0,4942.885720778867,3.07000528252663,0.5851448098504161
Station 2,101770.0,4973.685412763812,3.0898544044330176,0.575318039561936
Station 2,101780.0,5004.681247712268,3.1092352111425527,0.5655768203689626
Station 2,101790.0,5035.86858249082,3.128155694256322,0.5559201070743401
Station 2,101800.0,5067.242853548704,3.1466237777358055,0.546346851400197
Station 2,101810.0,5098.799576210566,3.164647311949537,0.5368560031940143
Station 2,101820.0,5130.534343912499,3.1822340682717627,0.5274465115613363
Station 2,101830.0,5162.442827386773,3.1993917342038154,0.5181173259279783
Station 2,101840.0,5194.520773800424,3.2161279089897588,0.5088673970345172
Station 2,101850.0,5226.764005852441,3.232450099698419,0.4996956778659004
Station 2,101860.0,5259.168420834193,3.248365717744955,0.4906011245188905
Station 2,101870.0,5291.729989657343,3.2638820758258738,0.48158269701006995
Station 2,101880.0,5324.444755853301,3.279006385242327,0.47263936002705514
Station 2,101890.0,5357.3088345479955,3.2937457535874626,0.4637700836255237
Station 2,101900.0,5390.318411415515,3.3081071827745587,0.4549738438745896
Station 2,101910.0,5423.469741613893,3.3220975673835555,0.4462496234530102
Station 2,101920.0,5456.759148706244,3.3357236933046788,0.4375964121986071
Station 2,101930.0,5490.183023569974,3.3489922366586504,0.42901320761326733
Station 2,101940.0,5523.737823296895,3.3619097629740358,0.42049901532576645
Station 2,101950.0,5557.420070086632,3.3744827266031554,0.41205284951460963
Station 2,101960.0,5591.2263501357,3.386717470358915,0.4036737332930035
Station 2,101970.0,5625.153312524343,3.398620225355809,0.3953606990580017
Station 2,101980.0,5659.197668103119,3.410197111039185,0.3871127888057846
Station 2,101990.0,5693.356188372749,3.4214541353948755,0.3789290544137162
Station 2,102000.0,5727.625704221456,3.4323971954478196,0.37080855786933375
Station 2,102010.0,5762.003105001709,3.443032077622875,0.3627503715207535
Station 2,102020.0,5796.485337417911,3.453364458390162,0.35475357827377274
Station 2,102030.0,5831.069404385746,3.4633999050710096,0.34681727175677995
Station 2,102040.0,5865.752363947534,3.4731438767148166,0.33894055646888466
Station 2,102050.0,5900.531328196396,3.482601725076107,0.331122547905725
Station 2,102060.0,5935.403462210147,3.491778695681964,0.32336237266434703
Station 2,102070.0,5970.3659829959,3.5006799289805812,0.31565916852847836
Station 2,102080.0,6005.416158446127,3.5093104615623116,0.30801208453546025
Station 2,102090.0,6040.551306306971,3.517675227445124,0.30042028102604024
Station 2,102100.0,6075.768793159401,3.525779059416954,0.29288292967816637
Station 2,102110.0,6111.066033413823,3.5336266904278646,0.285399213525876
Station 2,102120.0,6146.440488318633,3.5412227550255544,0.2779683269643052
Station 2,102130.0,6181.889664983184,3.548571790828032,0.27058947574180414
Station 2,102140.0,6217.411115415505,3.555678240027876,0.2632618769400845
Station 2,102150.0,6253.002435575146,3.5625464509227887,0.2559847589432805
Station 2,102160.0,6288.661264441389,3.569180679467623,0.2487573613967551
Station 2,102170.0,6324.385283097044,3.5755850908433473,0.2415789351564517
Station 2,102180.0,6360.172213828103,3.5817637610388453,0.2344487422295094
Station 2,102190.0,6396.019819239248,3.5877206784417033,0.22736605570688231
Station 2,102200.0,6431.925901385429,3.593459745434458,0.22033015968860048
Station 2,102210.0,6467.888300919532,3.5989847799931054,0.2133403492023124
Station 2,102220.0,6503.904896256202,3.6042995172848533,0.20639593011569674
Station 2,102230.0,6539.973602751777,3.6094076112624767,0.19949621904330117
Station 2,102240.0,6576.09237190038,3.6143126362527296,0.19264054324833352
Station 2,102250.0,6612.259190546059,3.619018088536606,0.18582824053989527
Station 2,102260.0,6648.472080110914,3.6235273879193666,0.17905865916613245
Station 1,104630.0,6647.532637774957,-3.5588695378863187,0.18034232272147505
Station 1,104640.0,6611.967424318678,-3.554141168623382,0.1870066264526288
Station 1,104650.0,6576.450459571121,-3.54921924898476,0.19371161964307057
Station 1,104660.0,6540.983695551366,-3.544100463169136,0.2004578932878909
Station 1,104670.0,6505.569117794993,-3.5387814236319004,0.2072460467986511
Station 1,104680.0,6470.208746078962,-3.5332586697076946,0.21407668803660967
Station 1,104690.0,6434.904635159987,-3.527528666229636,0.2209504333388538
Station 1,104700.0,6399.658875526586,-3.521587802147432,0.22786790753671482
Station 1,104710.0,6364.473594164731,-3.5154323891465924,0.23482974396587403
Station 1,104720.0,6329.35095533714,-3.509058660271351,0.24183658446748313
Station 1,104730.0,6294.29316137616,-3.5024627685539578,0.2488890793796011
Station 1,104740.0,6259.30245349025,-3.4956407856533787,0.2559878875181981
Station 1,104750.0,6224.381112583885,-3.4885887005066016,0.2631336761469405
Station 1,104760.0,6189.531460090872,-3.481302417996072,0.27032712093491196
Station 1,104770.0,6154.755858820876,-3.4737777576370092,0.2775689059013846
Station 1,104780.0,6120.056713818955,-3.466010452288729,0.2848597233466962
Station 1,104790.0,6085.436473237931,-3.457996146894329,0.2922002737682344
Station 1,104800.0,6050.897629223287,-3.4497303972535236,0.2995912657604697
Station 1,104810.0,6016.442718810276,-3.4412086688336876,0.3070334158979166
Station 1,104820.0,5982.074324832886,-3.4324263356245917,0.31452744859983955
Station 1,104830.0,5947.795076844237,-3.423378679042696,0.3220740959754456
Station 1,104840.0,5913.607652047888,-3.414060886891293,0.32967409764824124
Station 1,104850.0,5879.514776239573,-3.4044680523831885,0.3373282005581464
Station 1,104860.0,5845.519224758677,-3.3945951732331503,0.3450371587398855
Station 1,104870.0,5811.623823448817,-3.384437150827724,0.3528017330760869
Station 1,104880.0,5777.831449626732,-3.3739887894806317,0.36062269102343814
Station 1,104890.0,5744.145033058636,-3.3632447957824128,0.3685008063101411
Station 1,104900.0,5710.567556943101,-3.3521997780535657,0.3764368586028286
Station 1,104910.0,5677.10205889943,-3.340848245910988,0.384431633140991
Station 1,104920.0,5643.751631960387,-3.3291846099581326,0.3924859203368499
Station 1,104930.0,5610.519425568033,-3.317203181609907,0.4006005153385176
Station 1,104940.0,5577.408646571371,-3.304898173063985,0.40877621755413396
Station 1,104950.0,5544.42256016741,-3.292263697458183,0.4170138301285308
Station 1,104960.0,5511.564490754552,-3.2792937692330066,0.4253141593681948
Station 1,104970.0,5478.837823196544,-3.265982304484823,0.4336780141629842
Station 1,104980.0,5446.246003691187,-3.252323121715575,0.44210620531502065
Station 1,104990.0,5413.7925407302755,-3.238309942741699,0.4505995448271695
Station 1,105000.0,5381.481006062904,-3.223936393827188,0.4591588451373645
Station 1,105010.0,5349.315035645858,-3.2091960070643513,0.4677849182939307
Station 1,105020.0,5317.298330578647,-3.1940822220196434,0.4764785750684067
Station 1,105030.0,5285.434658020303,-3.178588387662556,0.4852406240022191
Station 1,105040.0,5253.727852085193,-3.1627077645965116,0.4940718703832934
Station 1,105050.0,5222.181814714663,-3.146433527611294,0.5029731151485345
Station 1,105060.0,5190.800516521215,-3.129758768577369,0.5119451537078475
Station 1,105070.0,5159.5879976017595,-3.1126764997031784,0.5209887746851398
Station 1,105080.0,5128.548368316193,-3.095179657177132,0.5301047585714763
Station 1,105090.0,5097.685810027382,-3.0772611052168077,0.5392938762852952
Station 1,105100.0,5067.004575798408,-3.0589136405483868,0.548556887634284
Station 1,105110.0,5036.508991042657,-3.04012999734001,0.5578945396732008
Station 1,105120.0,5006.203454122144,-3.020902852613259,0.5673075649515756
Station 1,105130.0,4976.092436889201,-3.0012248321574218,0.5767966796448623
Station 1,105140.0,4946.180485166408,-2.9810885169715773,0.586362581562188
Station 1,105150.0,4916.472219159389,-2.9604864502598414,0.5960059480234261
Station 1,105160.0,4886.972333796878,-2.9394111450052987,0.6057274335978109
Station 1,105170.0,4857.6855989921505,-2.9178550921481823,0.615527667695801
Station 1,105180.0,4828.616859819722,-2.8958107693938238,0.6254072520052987
Station 1,105190.0,4799.771036600898,-2.873270650675665,0.6353667577626854
Station 1,105200.0,4771.15312489158,-2.850227216298179,0.6454067228484222
Station 1,105210.0,4742.7681953654255,-2.8266729637840338,0.6555276486961519
Station 1,105220.0,4714.62139358526,-2.8026004194490035,0.6657299970033482
Station 1,105230.0,4686.717939655391,-2.7780021507270707,0.6760141862305495
Station 1,105240.0,4659.06312774727,-2.7528707792669693,0.6863805878750892
Station 1,105250.0,4631.662325490735,-2.7271989948198208,0.6968295225039389
Station 1,105260.0,4604.520973222878,-2.7009795699356918,0.707361255528863
Station 1,105270.0,4577.6445830864095,-2.6742053754847936,0.717975992705402
Station 1,105280.0,4551.038737969307,-2.6468693970165176,0.7286738753353577
Station 1,105290.0,4524.709090277243,-2.6189647519666672,0.7394549751503264
Station 1,105300.0,4498.661360530487,-2.59048470772013,0.750319288851329
Station 1,105310.0,4472.9013357716785,-2.561422700534692,0.7612667322763744
Station 1,105320.0,4447.43486759471,-2.531772355399356,0.7722971341486997
Station 1,105330.0,4422.267870337376,-2.5015275065767746,0.7834102294242999
Station 1,105340.0,4397.406318923058,-2.470682219073837,0.7946056521460226
Station 1,105350.0,4372.8562463717335,-2.439230810979818,0.8058829277688057
Station 1,105360.0,4348.62374115651,-2.4071678765773568,0.8172414649228863
Station 1,105370.0,4324.714944324809,-2.3744883102340575,0.8286805465513517
Station 1,105380.0,4301.136046376459,-2.341187331040631,0.8401993203582826
Station 1,105390.0,4277.893283891561,-2.307260508154749,0.8517967884947443
Station 1,105400.0,4254.992935901259,-2.27270378680182,0.8634717963996538
Station 1,105410.0,4232.441319995159,-2.2375135148762415,0.8752230207004689
Station 1,105420.0,4210.24478815972,-2.2016864700781626,0.887048956064689
Station 1,105430.0,4188.409722342685,-2.1652198875122357,0.8989479008768371
Station 1,105440.0,4166.942529739315,-2.128111487665806,0.9109179415966056
Station 1,105450.0,4145.849637797145,-2.090359504674837,0.9229569356316746
Station 1,105460.0,4125.13748893691,-2.0519627147764785,0.9350624925328286
Station 1,105470.0,4104.812534988342,-2.012920464837749,0.9472319532888055
Station 1,105480.0,4084.881231340711,-1.973232700840334,0.959462367463022
Station 1,105490.0,4065.3500308092325,-1.932899996192106,0.9717504678731447
Station 1,105500.0,4046.2253772197837,-1.8919235797268277,0.9840926424663902
Station 1,105510.0,4027.51369871583,-1.8503053632445723,0.9964849029873869
Station 1,105520.0,4009.221400792969,-1.8080479684369808,1.008922849970074
Station 1,105530.0,3991.35485906809,-1.7651547530335732,1.0214016335091545
Station 1,105540.0,3973.920411791841,-1.7216298359981248,1.0339159091784083
Station 1,105550.0,3956.9243521148287,-1.6774781215978254,1.0464597883612023
Station 1,105560.0,3940.3729201197684,-1.6327053221624996,1.0590267821410828
Station 1,105570.0,3924.2722946336844,-1.5873179793470205,1.0716097377659117
Station 1,105580.0,3908.6285848360912,-1.541323483707081,1.0842007665464486
Station 1,105590.0,3893.4478216810544,-1.4947300923969642,1.0967911618790036
Station 1,105600.0,3878.735949152882,-1.4475469447981002,1.1093713058925878
Station 1,105610.0,3864.4988153771687,-1.3997840758888618,1.1219305630165588
Station 1,105620.0,3850.7421636107156,-1.3514524271697188,1.1344571585512122
Station 1,105630.0,3837.4716231357756,-1.3025638549634098,1.1469380401121883
Station 1,105640.0,3824.692700085709,-1.253131135917106,1.1593587196291197
Station 1,105650.0,3812.4107682309696,-1.2031679695434843,1.171703093439873
Station 1,105660.0,3800.6310597557917,-1.1526889776489937,1.1839532379820497
Station 1,105670.0,3789.3586560574454,-1.1017097005115928,1.196089178714603
Station 1,105680.0,3778.5984784938405,-1.0502465896963549,1.2080886303060772
Station 1,105690.0,3768.355279269261,-0.9983169973671441,1.2199267069777033
Station 1,105700.0,3758.6336327496833,-0.9459391620262516,1.231575603366477
Station 1,105710.0,3749.437926551439,-0.8931321906786474,1.2430042486513802
Station 1,105720.0,3740.772352960458,-0.8399160373072412,1.254177940461655
Station 1,105730.0,3732.6409005877745,-0.7863114776718338,1.265057970545914
Station 1,105740.0,3725.047346294947,-0.7323400804442345,1.2756012619710104
Station 1,105750.0,3717.995247425898,-0.6780241747191057,1.2857600481815414
Station 1,105760.0,3711.4879343811176,-0.6233868139679916,1.2954816378737835
Station 1,105770.0,3705.5285035693673,-0.5684517365324034,1.30470832607864
Station 1,105780.0,3700.119810770949,-0.5132433227803259,1.3133775298452153
Station 1,105790.0,3695.2644649451627,-0.457786549078736,1.3214222435372571
Station 1,105800.0,3690.9648225129854,-0.4021069387623355,1.3287719187320515
Station 1,105810.0,3687.2229821440087,-0.3462305103053434,1.3353538691553544
Station 1,105820.0,3684.040780074512,-0.29018372292846234,1.3410952722480567
Station 1,105830.0,3681.419785981109,-0.233993419896752,1.3459257768978672
Station 1,105840.0,3679.3612994317114,-0.177686769785672,1.3497806284676528
Station 1,105850.0,3677.8663469327275,-0.12129120601182375,1.3526040966822745
Station 1,105860.0,3676.935679588316,-0.06483436494148145,1.3543528653068773
Station 1,105870.0,3676.5697713843533,-0.008344022903747667,1.3549989556793114
Station 1,105880.0,3676.7688181064314,0.04815196755419304,1.3545317517247102
Station 1,105890.0,3677.5327368977714,0.10462574182483914,1.3529587957000477
Station 1,105900.0,3678.861166459514,0.1610494874622261,1.3503052181273534
Station 1,105910.0,3680.753467892289,0.21739550811831349,1.3466119002514727
Station 1,105920.0,3683.2087261745423,0.27363628684713853,1.3419326727946899
Station 1,105930.0,3686.225752269598,0.3297445484361444,1.3363309739067704
Station 1,105940.0,3689.8030858501315,0.38569332043358184,1.3298764016529958
Station 1,105950.0,3693.9389986254214,0.44145599255346546,1.322641520542027
Station 1,105960.0,3698.631498253672,0.4970063741551716,1.3146991585165713
Station 1,105970.0,3703.8783328187365,0.5523187495129451,1.3061203028208643
Station 1,105980.0,3709.6769958478485,0.6073679306116196,1.2969725991898622
Station 1,105990.0,3716.024731844397,0.6621293072272242,1.2873193906622993
Station 1,106000.0,3722.9185423075382,0.7165788940763902,1.277219198483209
Station 1,106010.0,3730.3551922083543,0.7706933748443002,1.2667255396530952
Station 1,106020.0,3738.331216890553,0.8244501429283558,1.255886983842259
Station 1,106030.0,3746.8429293621443,0.8778273387627391,1.2447473683286674
Station 1,106040.0,3755.886427897442,0.930803883638156,1.2333461076320966
Station 1,106050.0,3765.457603836785,0.9833595099904067,1.2217185513296165
Station 1,106060.0,3775.5521501334524,1.0354747878242798,1.2098963577151276
Station 1,106070.0,3786.165569737511,1.0871311476234884,1.19790786191788
Station 1,106080.0,3797.2931842806993,1.1383108995668638,1.1857784253991646
Station 1,106090.0,3808.930142956938,1.1889972490955896,1.1735307595490063
Station 1,106100.0,3821.071431540004,1.2391743088943623,1.1611852200881656
Station 1,106110.0,3833.711881502911,1.2888271073629198,1.1487600715843374
Station 1,106120.0,3846.846179204432,1.3379415936749979,1.1362717230050405
Station 1,106130.0,3860.4688751092153,1.3865046395403922,1.1237349361581033
Station 1,106140.0,3874.5743930092353,1.4345040378024865,1.1111630093387859
Station 1,106150.0,3889.1570392156914,1.4819284980181648,1.0985679386719018
Station 1,106160.0,3904.2110116920126,1.5287676391794232,1.0859605596206041
Station 1,106170.0,3919.7304091002716,1.575011979746418,1.0733506710074885
Station 1,106180.0,3935.7092397350416,1.6206529251698136,1.0607471437095446
Station 1,106190.0,3952.1414303205697,1.6656827530866,1.0481580159790598
Station 1,106200.0,3969.0208346489635,1.7100945963777483,1.0355905771286356
Station 1,106210.0,3986.3412420390227,1.7538824242784874,1.0230514411121272
Station 1,106220.0,4004.0963855972236,1.7970410217326482,1.0105466113414796
Station 1,106230.0,4022.2799502643174,1.8395659671815352,0.9980815379051576
Station 1,106240.0,4040.885580632848,1.881453608975368,0.9856611681983031
Station 1,106250.0,4059.906888522783,1.9227010405915337,0.9732899918374394
Station 1,106260.0,4079.3374603042857,1.9633060748389317,0.9609720806124185
Station 1,106270.0,4099.170863958353,2.0032672172216723,0.9487111241239119
Station 1,106280.0,4119.400655867836,2.04258363862847,0.9365104616644091
Station 1,106290.0,4140.020387332883,2.081255147506482,0.9243731108227974
Station 1,106300.0,4161.0236108064755,2.1192821616699598,0.9123017932256265
Station 1,106310.0,4182.4038858471295,2.1566656798854957,0.9002989577706527
Station 1,106320.0,4204.1547847872,2.193407253366364,0.8883668016589678
Station 1,106330.0,4226.269898116608,2.2295089572994296,0.8765072894897025
Station 1,106340.0,4248.7428395828,2.26497336251829,0.8647221706452303
Station 1,106350.0,4271.56725100904,2.2998035074271517,0.8530129951636831
Station 1,106360.0,4294.736806833989,2.3340028702704205,0.8413811282691341
Station 1,106370.0,4318.245218376505,2.367575341833725,0.8298277637070255
Station 1,106380.0,4342.08623783036,2.4005251986530602,0.81835393601295
Station 1,106390.0,4366.2536619943185,2.432857076800001,0.8069605318261818
Station 1,106400.0,4390.74133573909,2.464575946305951,0.7956483003443928
Station 1,106410.0,4415.543155052819,2.4956870864106793,0.7844178629816373
Station 1,106420.0,4440.653070187136,2.526196061282789,0.7732697223706927
Station 1,106430.0,4466.0650884205825,2.5561086965953868,0.7622042707162471
Station 1,106440.0,4491.773276494025,2.5854310569859926,0.7512217975561333
Station 1,106450.0,4517.771762893533,2.6141694242859552,0.7403224970043961
Station 1,106460.0,4544.054739919178,2.642330276587638,0.7295064745121618
Station 1,106470.0,4570.616465548266,2.6699202681611953,0.7187737531858425
Station 1,106480.0,4597.451265101571,2.696946210227657,0.7081242796978683
Station 1,106490.0,4624.553532721193,2.723415052590437,0.6975579298213407
Station 1,106500.0,4651.917732668675,2.749333866123232,0.687074513616722
Station 1,106510.0,4679.5384004519465,2.774709826108493,0.6766737802958126
Station 1,106520.0,4707.4101437896215,2.7995501964172504,0.6663554227857871
Station 1,106530.0,4735.527643421033,2.82386231451822,0.6561190820138738
Station 1,106540.0,4763.885653770279,2.847653577301309,0.6459643509313682
Station 1,106550.0,4792.479003472386,2.8709314276985496,0.6358907782939935
Station 1,106560.0,4821.302595769495,2.8937033420834277,0.6258978722141496
Station 1,106570.0,4850.351408784824,2.915976818427932,0.6159851034993059
Station 1,106580.0,4879.62049568186,2.937759365195313,0.6061519087896362
Station 1,106590.0,4909.1049847161385,2.95905849094537,0.5963976935069679
Station 1,106600.0,4938.800079186563,2.9798816946282694,0.5867218346262352
Station 1,106610.0,4968.701057293141,3.000236456542116,0.5771236832797837
Station 1,106620.0,4998.803271907619,3.020130229929214,0.5676025672041689
Station 1,106630.0,5029.102150263349,3.039570433185434,0.558157793038432
Station 1,106640.0,5059.593193570392,3.0585644426571896,0.5487886484822302
Station 1,106650.0,5090.27197656166,3.077119586000384,0.5394944043216796
Station 1,106660.0,5121.134146975554,3.0952431360758794,0.5302743163302862
Station 1,106670.0,5152.175424980487,3.1129423053563623,0.5211276270518452
Station 1,106680.0,5183.391602546137,3.1302242408196603,0.5120535674718588
Station 1,106690.0,5214.778542766326,3.1470960193041755,0.5030513585835773
Station 1,106700.0,5246.33217913797,3.1635646433024873,0.4941202128544495
Station 1,106710.0,5278.048514800428,3.179637037169815,0.485259335598448
Station 1,106720.0,5309.923621739248,3.195320043724588,0.4764679262594249
Station 1,106730.0,5341.953639958188,3.210620421219094,0.46774517961038353
Station 1,106740.0,5374.134776623077,3.225544840658816,0.4590902868732829
Station 1,106750.0,5406.463305180892,3.2400998834498185,0.45050243676376495
Station 1,106760.0,5438.935564456888,3.254292039354649,0.4419808164648545
Station 1,106770.0,5471.547957601344,3.268127704847341,0.4335246125139747
Station 1,106780.0,5504.2969512386935,3.281613181569727,0.42513301165690087
Station 1,106790.0,5537.1790746006845,3.294754675025439,0.41680520164474594
Station 1,106800.0,5570.1909184818605,3.3075582936523036,0.4085403719490737
Station 1,106810.0,5603.329134267575,3.3200300480522285,0.40033771443496174
Station 1,106820.0,5636.590432954805,3.332175850426469,0.3921964239837248
Station 1,106830.0,5669.97158416783,3.344001514201703,0.3841156990681553
Station 1,106840.0,5703.469415170633,3.3555127538329126,0.3760947422830015
Station 1,106850.0,5737.080809877775,3.3667151847699324,0.36813276083325747
Station 1,106860.0,5770.802707865379,3.3776143235750578,0.36022896698270795
Station 1,106870.0,5804.632103383702,3.3882155881798592,0.35238257846505144
Station 1,106880.0,5838.566044372667,3.3985242982699697,0.3445928188597997
Station 1,106890.0,5872.601631481666,3.408545675787153,0.33685891793504114
Station 1,106900.0,5906.736017094725,3.418284845538715,0.3291801119590486
Station 1,106910.0,5940.966404362175,3.427746835904722,0.32155564398260705
Station 1,106920.0,5975.290046239751,3.4369365796341684,0.3139847640938386
Station 1,106930.0,6009.704244536003,3.445858914721701,0.3064667296472133
Station 1,106940.0,6044.206348968862,3.454518585357041,0.2990008054683401
Station 1,106950.0,6078.7937562320385,3.462920242939711,0.2915862640360508
Station 1,106960.0,6113.463909071939,3.471068447152188,0.284222385643208
Station 1,106970.0,6148.214295375649,3.478967667084955,0.2769084585375959
Station 1,106980.0,6183.042447270554,3.4866222824074353,0.26964377904417014
Station 1,106990.0,6217.945940236,3.4940365845791606,0.26242765166988646
Station 1,107000.0,6252.922392227448,3.5012147780958784,0.25525938919224983
Station 1,107010.0,6287.969462813395,3.508160981765686,0.24813831273267917
Station 1,107020.0,6323.084852325515,3.5148792300106813,0.24106375181568854
Station 1,107030.0,6358.266301022085,3.521373474189797,0.23403504441488512
Station 1,107040.0,6393.511588265051,3.5276475839389496,0.2270515369866759
Station 1,107050.0,6428.818531710851,3.533705348524828,0.22011258449255283
Station 1,107060.0,6464.184986515144,3.5395504782089464,0.21321755041077325
Station 1,107070.0,6499.608844551562,3.5451866056188455,0.20636580673820035
Station 1,107080.0,6535.088033644515,3.55061728712358,0.19955673398303206
Station 1,107090.0,6570.620516816171,3.555846004210813,0.19278972114909737
Station 1,107100.0,6606.204291547497,3.560876164863115,0.18606416571237566
Station 1,107110.0,6641.837389053556,3.5657111049312284,0.1793794735903184
Station 3,108210.0,6637.404667606265,-3.4002790713566102,0.1793234969836162
Station 3,108220.0,6603.436629864829,-3.393290045184096,0.1856797155091086
Station 3,108230.0,6569.539641296154,-3.386068623657826,0.1920679150464489
Station 3,108240.0,6535.71604444455,-3.3786110736370527,0.19848837561115398
Station 3,108250.0,6501.968219544653,-3.370913595856849,0.20494137408484778
Station 3,108260.0,6468.2985851503545,-3.362972324369205,0.21142718378394976
Station 3,108270.0,6434.709598806465,-3.3547833260120763,0.21794607400672134
Station 3,108280.0,6401.2037577250785,-3.3463425999284357,0.22449830955312353
Station 3,108290.0,6367.783599466157,-3.3376460771398486,0.2310841502161062
Station 3,108300.0,6334.45170262178,-3.328689620179419,0.2377038502428827
Station 3,108310.0,6301.210687503455,-3.319469022789192,0.24435765776468416
Station 3,108320.0,6268.063216831856,-3.3099800096874072,0.2510458141934122
Station 3,108330.0,6235.011996428239,-3.3002182364112835,0.2577685535835435
Station 3,108340.0,6202.059775906832,-3.290179289241287,0.26452610195756787
Station 3,108350.0,6169.209349367331,-3.27985868521321,0.2713186765931677
Station 3,108360.0,6136.463556086649,-3.2692518722246424,0.2781464852702619
Station 3,108370.0,6103.82528120894,-3.258354229242814,0.2850097254759717
Station 3,108380.0,6071.29745643291,-3.2471610666210307,0.2919085835654722
Station 3,108390.0,6038.883060695299,-3.235667626531445,0.298843233876615
Station 3,108400.0,6006.585120849345,-3.2238690835219916,0.3058138377961283
Station 3,108410.0,5974.40671233705,-3.2117605452059665,0.312820542775098
Station 3,108420.0,5942.350959853833,-3.19933705309289,0.31986348129135883
Station 3,108430.0,5910.421038004197,-3.186593583569737,0.32694276975632736
Station 3,108440.0,5878.620171946904,-3.173525049041978,0.33405850736372017
Station 3,108450.0,5846.9516380279865,-3.160126299244282,0.34121077487749707
Station 3,108460.0,5815.418764399987,-3.1463921227310134,0.3483996333562927
Station 3,108470.0,5784.024931625538,-3.1323172485571242,0.35562512281149394
Station 3,108480.0,5752.77357326339,-3.117896348160376,0.3628872607960138
Station 3,108490.0,5721.668176434891,-3.1031240374560745,0.37018604092076396
Station 3,108500.0,5690.7122823687205,-3.08799487915607,0.37752143129566634
Station 3,108510.0,5659.9094869217015,-3.0725033853238832,0.3848933728920195
Station 3,108520.0,5629.263441073224,-3.0566440201782656,0.3923017778229009
Station 3,108530.0,5598.777851390877,-3.0404112031577464,0.3997465275382262
Station 3,108540.0,5568.456480464562,-3.0237993122590283,0.4072274709309861
Station 3,108550.0,5538.30314730643,-3.0068026876622977,0.4147444223511227
Station 3,108560.0,5508.321727713692,-2.9894156356567536,0.4222971595234215
Station 3,108570.0,5478.516154591296,-2.9716324328798316,0.4298854213657408
Station 3,108580.0,5448.890418231335,-2.9534473308837286,0.4375089057038478
Station 3,108590.0,5419.448566545667,-2.9348545610430037,0.4451672668790557
Station 3,108600.0,5390.194705072905,-2.9158483398900765,0.4528601132251747
Station 3,108610.0,5361.13299719333,-2.896422874693785,0.4605870044623717
Station 3,108620.0,5332.267664340728,-2.876572369417124,0.46834744897549285
Station 3,108630.0,5303.602985890906,-2.8562910311776495,0.4761409009409008
Station 3,108640.0,5275.143299098934,-2.835573077061869,0.48396675734096206
Station 3,108650.0,5246.892998965721,-2.814412741360906,0.49182435484860715
Station 3,108660.0,5218.8565380297405,-2.7928042832395974,0.49971296657842
Station 3,108670.0,5191.038426079518,-2.7707419948507006,0.5076317987008452
Station 3,108680.0,5163.44322978235,-2.7482202099051984,0.5155799869162755
Station 3,108690.0,5136.075572224734,-2.725233312708853,0.5235565927860232
Station 3,108700.0,5108.940132359732,-2.7017757476742927,0.5315605999174411
Station 3,108710.0,5082.0416443566,-2.6778420293167535,0.5395909100008148
Station 3,108720.0,5055.384896847715,-2.6534267527404785,0.5476463386960321
Station 3,108730.0,5028.9747320680235,-2.6285246046212825,0.5557256113675257
Station 3,108740.0,5002.816044881954,-2.6031303746893943,0.5638273586665379
Station 3,108750.0,4976.913781692842,-2.5772389677147363,0.5719501119604208
Station 3,108760.0,4951.272939229898,-2.5508454159952194,0.5800922986094275
Station 3,108770.0,4925.8985632077065,-2.52394489234623,0.5882522370923432
Station 3,108780.0,4900.795746853294,-2.49653272358743,0.596428131983304
Station 3,108790.0,4875.969629295873,-2.468604404520404,0.6046180687833055
Station 3,108800.0,4851.425393814447,-2.4401556123880557,0.612820008611217
Station 3,108810.0,4827.168265938495,-2.41118222180379,0.621031782760615
Station 3,108820.0,4803.203511397292,-2.3816803201354215,0.6292510871304375
Station 3,108830.0,4779.5364339132575,-2.3516462233254303,0.6374754765393765
Station 3,108840.0,4756.172372835295,-2.321076492125878,0.6457023589360695
Station 3,108850.0,4733.116700608035,-2.289967948722439,0.6539289895195762
Station 3,108860.0,4710.374820073339,-2.258317693718295,0.6621524647873169
Station 3,108870.0,4687.952161600637,-2.2261231234445806,0.6703697165306688
Station 3,108880.0,4665.854180043091,-2.193381947559941,0.6785775058017627
Station 3,108890.0,4644.086351516929,-2.160092206897433,0.6867724168787378
Station 3,108900.0,4622.654170001752,-2.1262522915125954,0.6949508512608061
Station 3,108910.0,4601.563143760129,-2.0918609588820405,0.7031090217289997
Station 3,108920.0,4580.818791575227,-2.056917352197292,0.7112429465133973
Station 3,108930.0,4560.426638805942,-2.0214210186940615,0.7193484436130355
Station 3,108940.0,4540.392213259474,-1.9853719279525017,0.7274211253205546
Station 3,108950.0,4520.721040882074,-1.9487704900994653,0.7354563930099443
Station 3,108960.0,4501.4186412692825,-1.911617573839286,0.743449432252554
Station 3,108970.0,4482.490522974425,-1.8739145242412198,0.7513952083313142
Station 3,108980.0,4463.942178420643,-1.8356631802396381,0.7592884622138489
Station 3,108990.0,4445.779079202123,-1.796865891570431,0.7671237071528826
Station 3,109000.0,4428.006670837227,-1.7575255353229329,0.7748952259096364
Station 3,109010.0,4410.630367362173,-1.717645531875815,0.7825970687491952
Station 3,109020.0,4393.655545824028,-1.6772298601209794,0.7902230523254674
Station 3,109030.0,4377.0875406248715,-1.6362830718931531,0.7977667595719232
Station 3,109040.0,4360.931637725716,-1.594810305504926,0.8052215407285993
Station 3,109050.0,4345.193068719543,-1.552817298285628,0.8125805156436537
Station 3,109060.0,4329.8770047840235,-1.5103103980217842,0.8198365774947691
Station 3,109070.0,4314.988550525428,-1.467296573196848,0.826982398081597
Station 3,109080.0,4300.532737726231,-1.4237834219288095,0.8340104348448146
Station 3,109090.0,4286.514519010036,-1.3797791795055976,0.8409129397697837
Station 3,109100.0,4272.938761438278,-1.3352927244209565,0.8476819703328153
Station 3,109110.0,4259.810240054287,-1.2903335828164622,0.8543094026450565
Station 3,109120.0,4247.133631391095,-1.2449119312397006,0.8607869469425252
Station 3,109130.0,4234.913506960299,-1.1990385976337619,0.8671061655602358
Station 3,109140.0,4223.154326740112,-1.1527250604792396,0.8732584935130816
Station 3,109150.0,4211.860432681484,-1.105983446016962,0.8792352617856747
Station 3,109160.0,4201.036042251844,-1.0588265234876366,0.8850277234071416
Station 3,109170.0,4190.685242036639,-1.0112676983334792,0.8906270823546625
Station 3,109180.0,4180.811981419293,-0.96332100331645,0.8960245252909094
Station 3,109190.0,4171.420066360701,-0.915001087518584,0.9012112560956452
Station 3,109200.0,4162.5131532995365,-0.8663232032008965,0.9061785331005858
Station 3,109210.0,4154.094743194978,-0.8173031905094952,0.9109177088797674
Station 3,109220.0,4146.168175733358,-0.7679574600300936,0.915420272385889
Station 3,109230.0,4138.736623720288,-0.7183029732051833,0.9196778931574892
Station 3,109240.0,4131.80308767952,-0.668357220641624,0.9236824672539509
Station 3,109250.0,4125.370390679491,-0.6181381983500882,0.9274261645070229
Station 3,109260.0,4119.4411734080095,-0.5676643819717291,0.9309014766110325
Station 3,109270.0,4114.017889514915,-0.5169546990612779,0.934101265511729
Station 3,109280.0,4109.10280124179,-0.4660284995094873,0.9370188114984088
Station 3,109290.0,4104.697975356853,-0.41490552420127735,0.9396478603584018
Station 3,109300.0,4100.805279412241,-0.3636058720189721,0.9419826689198382
Station 3,109310.0,4097.426378339588,-0.3121499653123423,0.9440180482903714
Station 3,109320.0,4094.5627313986406,-0.26055851396894397,0.9457494040982568
Station 3,109330.0,4092.2155894922266,-0.20885247822898234,0.9471727730594932
Station 3,109340.0,4090.3859928593347,-0.15705303039881657,0.9482848552314069
Station 3,109350.0,4089.0747689935706,-0.10518151559038652,0.9490830413531288
Station 3,109360.0,4088.2825311541455,-0.053259411706112036,0.9495654347989265
Station 3,109370.0,4088.009677455287,-0.0013082888982275387,0.9497308677256374
Station 3,109380.0,4088.256390010402,0.050650231456044026,0.9495789110507654
Station 3,109390.0,4089.0226346286595,0.10259451798843644,0.9491098781145257
Station 3,109400.0,4090.3081609239507,0.154502970614328,0.9483248219404794
Station 3,109410.0,4092.1125028355586,0.206354061661648,0.9472255261492176
Station 3,109420.0,4094.434979558162,0.2581263766686894,0.9458144897035871
Station 3,109430.0,4097.274696876996,0.30979865466808637,0.9440949057816649
Station 3,109440.0,4100.630548902203,0.36134982777862645,0.9420706351810305
Station 3,109450.0,4104.501220194544,0.41275905993180684,0.9397461747514777
Station 3,109460.0,4108.885188273086,0.4640057845673068,0.9371266214302938
Station 3,109470.0,4113.780726493763,0.5150697411395746,0.934217632512894
Station 3,109480.0,4119.185907286241,0.5659310102870857,0.9310253828308636
Station 3,109490.0,4125.0986057350265,0.6165700475262788,0.9275565195292929
Station 3,109500.0,4131.51650348948,0.6669677153434576,0.9238181151364385
Station 3,109510.0,4138.437092986182,0.7171053135700395,0.9198176196026557
Station 3,109520.0,4145.857681965973,0.7669646079392538,0.9155628119543064
Station 3,109530.0,4153.775398267141,0.8165278567357813,0.9110617521642689
Station 3,109540.0,4162.1871948752505,0.8657778354631105,0.9063227337866917
Station 3,109550.0,4171.089855209578,0.9146978594675089,0.9013542378421533
Station 3,109560.0,4180.4799986254975,0.9632718044711868,0.8961648883734343
Station 3,109570.0,4190.3540861117535,1.0114841249810114,0.8907634100240033
Station 3,109580.0,4200.708426161331,1.0593198705527715,0.8851585879233428
Station 3,109590.0,4211.539180794428,1.1067646999041822,0.87935923009737
Station 3,109600.0,4222.842371712117,1.1538048928825857,0.8733741325598949
Station 3,109610.0,4234.613886559326,1.2004273603055826,0.8672120471835969
Station 3,109620.0,4246.849485276055,1.2466196517043557,0.860881652397111
Station 3,109630.0,4259.544806516053,1.2923699610103738,0.8543915267091171
Station 3,109640.0,4272.695374112699,1.3376671302361052,0.8477501250209165
Station 3,109650.0,4286.296603572311,1.3825006512097469,0.8409657576559477
Station 3,109660.0,4300.343808575776,1.4268606654321099,0.8340465720077377
Station 3,109670.0,4314.8322074701555,1.470737962131382,0.8270005366865721
Station 3,109680.0,4329.756929732603,1.5141239745978172,0.8198354280292645
Station 3,109690.0,4345.113022389883,1.5570107748859892,0.8125588188251798
Station 3,109700.0,4360.895456377639,1.599391066976855,0.8051780691046693
Station 3,109710.0,4377.099132816664,1.6412581785004687,0.797700318831605
Station 3,109720.0,4393.718889012665,1.6826060512415673,0.7901324823178512
Station 3,109730.0,4410.749504759856,1.7234292301497707,0.782481244281551
Station 3,109740.0,4428.185708324136,1.7637228513104117,0.7747530573219307
Station 3,109750.0,4446.02218222626,1.8034826289361978,0.7669541406772735
Station 3,109760.0,4464.253568956733,1.8427048413800717,0.7590904801467766
Station 3,109770.0,4482.874476546006,1.8813863163100968,0.7511678290365296
Station 3,109780.0,4501.879483982203,1.9195244151454296,0.7431917100065095
Station 3,109790.0,4521.263146469448,1.9571170168501353,0.7351674177040751
Station 3,109800.0,4541.020000520902,1.9941625011790562,0.7271000220779635
Station 3,109810.0,4561.144568881572,2.030659731466648,0.7189943722753835
Station 3,109820.0,4581.63136527676,2.066608037046307,0.7108551010331173
Station 3,109830.0,4602.474898982953,2.1020071953837913,0.702686629481594
Station 3,109840.0,4623.669679218717,2.1368574140043854,0.6944931722885788
Station 3,109850.0,4645.210219353992,2.1711593122890673,0.6862787430763978
Station 3,109860.0,4667.091040936807,2.204913903210569,0.6780471600534518
Station 3,109870.0,4689.306677537315,2.2381225750757534,0.6698020518070872
Station 3,109880.0,4711.851678409426,2.2707870733359727,0.6615468632108957
Station 3,109890.0,4734.720611971141,2.3029094825226646,0.6532848614048407
Station 3,109900.0,4757.90806910511,2.334492208360725,0.6450191418116699
Station 3,109910.0,4781.408666281483,2.3655379601077113,0.6367526341576136
Station 3,109920.0,4805.217048505566,2.396049733162457,0.6284881084695053
Station 3,109930.0,4829.327892093205,2.42603079198235,0.6202281810242302
Station 3,109940.0,4853.735907277211,2.4554846533442793,0.6119753202298004
Station 3,109950.0,4878.435840648432,2.4844150699802108,0.6037318524204001
Station 3,109960.0,4903.422477435403,2.5128260146144212,0.5954999675504948
Station 3,109970.0,4928.690643626728,2.540721664425698,0.5872817247755481
Station 3,109980.0,4954.2352079405655,2.5681063859542768,0.5790790579090676
Station 3,109990.0,4980.051083645793,2.5949847204698826,0.5708937807476594
Station 3,110000.0,5006.133230239529,2.6213613698141796,0.5627275922574725
Station 3,110010.0,5032.476654985831,2.6472411827278766,0.5545820816169647
Station 3,110020.0,5059.076414320499,2.672629141670032,0.546458733112229
Station 3,110030.0,5085.927615126917,2.6975303501345675,0.5383589308823284
Station 3,110040.0,5113.0254158879425,2.7219500204665836,0.5302839635130965
Station 3,110050.0,5140.365027718864,2.7458934621789663,0.522235028478758
Station 3,110060.0,5167.941715286433,2.7693660707677528,0.5142132364315193
Station 3,110070.0,5195.750797618929,2.792373317022961,0.5062196153399248
Station 3,110080.0,5223.787648742696,2.8149207368883222,0.49825511446662735
Station 3,110090.0,5252.047698204053,2.8370139218302692,0.49032060819392786
Station 3,110100.0,5280.526431815206,2.8586585094067978,0.4824168997543085
Station 3,110110.0,5309.2193919558895,2.879860174593133,0.4745447247644151
Station 3,110120.0,5338.122177901969,2.9006246214815476,0.4667047546346704
Station 3,110130.0,5367.230446079342,2.9209575754240245,0.4588975998427783
Station 3,110140.0,5396.539910240967,2.94086477561184,0.45112381307347765
Station 3,110150.0,5426.046341571398,2.9603519680800994,0.44338389222804764
Station 3,110160.0,5455.745568722949,2.9794248991247585,0.43567828330721176
Station 3,110170.0,5485.633477787852,2.9980893091193783,0.42800738317107073
Station 3,110180.0,5515.706012210046,3.016350926718342,0.4203715421799096
Station 3,110190.0,5545.959172640704,3.0342154634332257,0.4127710667196019
Station 3,110200.0,5576.3890167410855,3.0516886085687873,0.40520622161542685
Station 3,110210.0,5606.991658936309,3.068776024504958,0.3976772324380896
Station 3,110220.0,5637.763270123484,3.0854833423112322,0.3901842877057024
Station 3,110230.0,5668.700077337484,3.101816157679921,0.38272754098545486
Station 3,110240.0,5699.798363377541,3.1177800271647635,0.3753071128986467
Station 3,110250.0,5731.054466397665,3.1333804647116263,0.36792309303270654
Station 3,110260.0,5762.464779463786,3.1486229384681446,0.3605755417637394
Station 3,110270.0,5794.025750080389,3.163512867859395,0.3532644919930876
Station 3,110280.0,5825.733879689261,3.1780556209169677,0.34598995080129835
Station 3,110290.0,5857.585723142836,3.192256511849049,0.3387519010228159
Station 3,110300.0,5889.577888154576,3.2061207988394447,0.3315503027446235
Station 3,110310.0,5921.707034728562,3.2196536820638113,0.32438509473197485
Station 3,110320.0,5953.969874570517,3.23286030191164,0.3172561957842631
Station 3,110330.0,5986.363170482243,3.2457457374029635,0.31016350602397924
Station 3,110340.0,6018.883735741386,3.2583150047890435,0.3031069081216229
Station 3,110350.0,6051.5284334683665,3.2705730563266853,0.2960862684593339
Station 3,110360.0,6084.294175982178,3.2825247792162195,0.28910143823591444
Station 3,110370.0,6117.177924146612,3.294174994693483,0.2821522545158328
Station 3,110380.0,6150.176686708503,3.305528457266584,0.2752385412246899
Station 3,110390.0,6183.287519629343,3.3165898540885568,0.26836011009355437
Station 3,110400.0,6216.507525411609,3.3273638044573786,0.2615167615544778
Station 3,110410.0,6249.833852421092,3.337854859435178,0.25470828558941083
Station 3,110420.0,6283.263694206322,3.348067501578849,0.2479344625346617
Station 3,110430.0,6316.794288816234,3.3580061447745875,0.24119506384295186
Station 3,110440.0,6350.422918100137,3.3676751341830578,0.2344898528025473
Station 3,110450.0,6384.146906871473,3.3770787463920953,0.2278185851967213
Station 3,110460.0,6417.963622438667,3.3862211893543237,0.22118100998048143
Station 3,110470.0,6451.870473872222,3.3951066026059116,0.2145768698852976
Station 3,110480.0,6485.8649112905905,3.4037390575525546,0.20800590199143093
Station 3,110490.0,6519.944425182876,3.4121225577951853,0.20146783827331866
Station 3,110500.0,6554.1065457346485,3.420261039517313,0.19496240611463286
Station 3,110510.0,6588.348842157375,3.428158371928983,0.18848932879449806
Station 3,110520.0,6622.668922022352,3.435818357762712,0.1820483259462149
Station 3,110530.0,6657.064430599303,3.4432447338169037,0.17563911398990023
Station 2,110670.0,6653.35949097781,-3.4685439659176125,0.1764391525088743
Station 2,110680.0,6618.709430356669,-3.461430071906116,0.182917630624327
Station 2,110690.0,6584.131658384354,-3.4540856201812695,0.18942949752476637
Station 2,110700.0,6549.628499252248,-3.446506873999062,0.19597508386815538
Station 2,110710.0,6515.202314858609,-3.438690028304945,0.20255471860752666
Station 2,110720.0,6480.855505496233,-3.4306312090463216,0.20916872860678273
Station 2,110730.0,6446.59051054719,-3.422326472526134,0.21581743823172791
Station 2,110740.0,6412.409809184251,-3.413771804801757,0.22250116891500513
Station 2,110750.0,6378.315921078543,-3.4049631211338385,0.2292202386935348
Station 2,110760.0,6344.311407113008,-3.395896265489791,0.23597496171699117
Station 2,110770.0,6310.398870101077,-3.3865670101071164,0.24276564772578052
Station 2,110780.0,6276.580955510042,-3.376971055121922,0.24959260149690723
Station 2,110790.0,6242.86035218846,-3.3671040282683458,0.2564561222560418
Station 2,110800.0,6209.239793094318,-3.356961484656086,0.26335650305374414
Station 2,110810.0,6175.722055863405,-3.3465389067003333,0.27029403008747976
Station 2,110820.0,6142.309963675455,-3.3358317040042906,0.27726898201679234
Station 2,110830.0,6109.006386042129,-3.3248352133881287,0.2842816292262505
Station 2,110840.0,6075.814239464005,-3.313544699074125,0.2913322330320512
Station 2,110850.0,6042.7364881573985,-3.3019553529501477,0.29842104485085363
Station 2,110860.0,6009.776144777461,-3.2900622949537794,0.3055483053205251
Station 2,110870.0,5976.936271136663,-3.2778605735856234,0.31271424337032894
Station 2,110880.0,5944.219978917085,-3.2653451665606577,0.3199190752380919
Station 2,110890.0,5911.630430375206,-3.2525109816069278,0.3271630034317125
Station 2,110900.0,5879.170839037674,-3.2393528574212835,0.334446215632282
Station 2,110910.0,5846.844470386464,-3.2258655647922625,0.34176888353597273
Station 2,110920.0,5814.654642531702,-3.212043807900629,0.3491311616317348
Station 2,110930.0,5782.604726870386,-3.197882225808506,0.35653318591171657
Station 2,110940.0,5750.6981487290395,-3.1833753941484346,0.36397507251120725
Station 2,110950.0,5718.938387988315,-3.1685178270240897,0.37145691627477506
Station 2,110960.0,5687.328979687359,-3.1533039791348094,0.3789787892451457
Station 2,110970.0,5655.873514605697,-3.137728248136452,0.3865407390712381
Station 2,110980.0,5624.575639820236,-3.1217849772514827,0.39414278733164965
Station 2,110990.0,5593.439059234844,-3.10546845814156,0.4017849277697502
Station 2,111000.0,5562.467534079875,-3.0887729340562045,0.4094671244364085
Station 2,111010.0,5531.6648833788295,-3.071692603271469,0.41718930973626334
Station 2,111020.0,5501.034984379209,-3.054221622832809,0.4249513823733013
Station 2,111030.0,5470.581772944522,-3.0363541126165727,0.4327532051913973
Station 2,111040.0,5440.309243904192,-3.0180841597247903,0.44059460290533886
Station 2,111050.0,5410.221451358004,-2.999405823228061,0.44847535971774893
Station 2,111060.0,5380.322508931605,-2.9803131392714595,0.4563952168171994
Station 2,111070.0,5350.616589979357,-2.960800126558444,0.46435386975272086
Station 2,111080.0,5321.107927730767,-2.940860792227746,0.4723509656797986
Station 2,111090.0,5291.800815376522,-2.9204891381380707,0.4803861004728902
Station 2,111100.0,5262.699606090003,-2.899679167575388,0.4884588156994067
Station 2,111110.0,5233.808712980074,-2.8784248923971925,0.4965685954500716
Station 2,111120.0,5205.132608970703,-2.856720340627874,0.5047148630205296
Station 2,111130.0,5176.675826602912,-2.834559564518814,0.5128969774390736
Station 2,111140.0,5148.442957754388,-2.8119366490862565,0.5211142298353865
Station 2,111150.0,5120.438653271952,-2.7888457211393014,0.5293658396452484
Station 2,111160.0,5092.667622511977,-2.7652809588095213,0.53765095064625
Station 2,111170.0,5065.13463265562,-2.7412366016450065,0.5459686268059915
Station 2,111180.0,5037.844508071787,-2.7167069611501997,0.5543178479700301
Station 2,111190.0,5010.802129707017,-2.691686431816344,0.5626975053789364
Station 2,111200.0,4984.012434092375,-2.666169502798944,0.5711063969694868
Station 2,111210.0,4957.480412338538,-2.64015077008513,0.5795432224978905
Station 2,111220.0,4931.211109006375,-2.613624949204949,0.588006578469205
Station 2,111230.0,4905.209620847282,-2.586586888487265,0.5964949528704444
Station 2,111240.0,4879.481095407934,-2.5590315828589,0.6050067197054736
Station 2,111250.0,4854.030729494018,-2.5309541881829967,0.6135401333306898
Station 2,111260.0,4828.863767487646,-2.502350036129925,0.622093322591446
Station 2,111270.0,4803.985499513163,-2.473214649571081,0.6306642847603517
Station 2,111280.0,4779.401259446208,-2.4435437584827535,0.6392508792799422
Station 2,111290.0,4755.116422761043,-2.4133333163438517,0.6478508213137661
Station 2,111300.0,4731.136404211331,-2.3825795170076414,0.6564616751117811
Station 2,111310.0,4707.4666553397565,-2.351278812023784,0.6650808471980245
Station 2,111320.0,4684.11266181217,-2.3194279283829293,0.6737055793909472
Station 2,111330.0,4661.079940572211,-2.287023886651842,0.6823329416695306
Station 2,111340.0,4638.3740368127255,-2.254064019462566,0.6909598249014567
Station 2,111350.0,4616.000520760659,-2.2205459903145157,0.6995829334531595
Station 2,111360.0,4593.964984272577,-2.1864678126436026,0.7081987777055947
Station 2,111370.0,4572.273037238432,-2.1518278691075494,0.7168036665041413
Station 2,111380.0,4550.930303791719,-2.1166249310315677,0.7253936995761305
Station 2,111390.0,4529.942418324761,-2.080858177953452,0.733964759955245
Station 2,111400.0,4509.315021308518,-2.0445272172020097,0.7425125064583883
Station 2,111410.0,4489.053754916953,-2.0076321034376607,0.7510323662677397
Station 2,111420.0,4469.164258456771,-1.970173358078921,0.7595195276785321
Station 2,111430.0,4449.652163604128,-1.9321519885335356,0.7679689330817278
Station 2,111440.0,4430.523089450706,-1.8935695071482181,0.7763752722601879
Station 2,111450.0,4411.7826373625,-1.8544279497863125,0.7847329760871977
Station 2,111460.0,4393.436385655521,-1.8147298939383738,0.7930362107272843
Station 2,111470.0,4375.489884093641,-1.7744784762666612,0.8012788724510954
Station 2,111480.0,4357.948648214788,-1.7336774094809004,0.8094545831887227
Station 2,111490.0,4340.81815349275,-1.692330998439576,0.8175566869590186
Station 2,111500.0,4324.103829342916,-1.6504441553683524,0.8255782473261536
Station 2,111510.0,4307.811052981355,-1.6080224140852777,0.8335120460486078
Station 2,111520.0,4291.945143147799,-1.5650719431210507,0.8413505830997524
Station 2,111530.0,4276.511353685204,-1.5215995576258858,0.8490860782510171
Station 2,111540.0,4261.5148668187885,-1.4776127299744726,0.8567104744083242
Station 2,111550.0,4246.960786805957,-1.4331195988304481,0.8642154429800475
Station 2,111560.0,4232.854133191994,-1.388128976748264,0.8715923914275667
Station 2,111570.0,4219.1998339951,-1.3426503561059,0.8788324732648869
Station 2,111580.0,4206.002718888157,-1.296693913267561,0.8859266007484318
Station 2,111590.0,4193.267512347687,-1.2502705108907228,0.8928654604890325
Station 2,111600.0,4180.998826789018,-1.2033916982862158,0.8996395322166811
Station 2,111610.0,4169.201155707581,-1.1560697097471393,0.9062391109159547
Station 2,111620.0,4157.878866847065,-1.108317460770622,0.9126543325298577
Station 2,111630.0,4147.036195415868,-1.060148542105576,0.9188752034010289
Station 2,111640.0,4136.677237373891,-1.0115772115698665,0.9248916335809195
Station 2,111650.0,4126.8059428122815,-0.9626183835915226,0.9306934740888078
Station 2,111660.0,4117.426109449043,-0.9132876164406322,0.9362705581428538
Station 2,111670.0,4108.541376263822,-0.8636010971315471,0.9416127463145709
Station 2,111680.0,4100.155217295177,-0.813575623988676,0.9467099754764079
Station 2,111690.0,4092.2709356237624,-0.7632285868833829,0.9515523113203199
Station 2,111700.0,4084.891657564627,-0.7125779451643345,0.9561300041247675
Station 2,111710.0,4078.020327091567,-0.6616422033188247,0.9604335473406482
Station 2,111720.0,4071.6597005160143,-0.6104403844179676,0.9644537384560987
Station 2,111730.0,4065.812341442326,-0.5589920014141576,0.9681817414896059
Station 2,111740.0,4060.4806160206026,-0.5073170263746226,0.9716091503546104
Station 2,111750.0,4055.6666885172112,-0.4554358577500125,0.9747280522416654
Station 2,111760.0,4051.3725172221825,-0.40336928579176146,0.9775310900812737
Station 2,111770.0,4047.5998507113704,-0.3511384562460842,0.9800115230869717
Station 2,111780.0,4044.3502244799693,-0.29876483246593466,0.9821632843388886
Station 2,111790.0,4041.624957962509,-0.24627015609471103,0.9839810343571738
Station 2,111800.0,4039.4251519527875,-0.19367640648700946,0.9854602096355909
Station 2,111810.0,4037.751686435585,-0.14100575904189427,0.9865970651601023
Station 2,111820.0,4036.6052188401204,-0.08828054263313068,0.987388710025827
Station 2,111830.0,4035.986182723372,-0.03552319632828116,0.9878331353867874
Station 2,111840.0,4035.894786889428,0.017243774405572565,0.9879292341231714
Station 2,111850.0,4036.3310149490003,0.06999784180732793,0.9876768117854305
Station 2,111860.0,4037.2946253212426,0.12271650003386142,0.9870765885668614
Station 2,111870.0,4038.7851516779097,0.1753773092728944,0.9861301922588471
Station 2,111880.0,4040.8019038278735,0.22795793955191795,0.9848401423473634
Station 2,111890.0,4043.343969030497,0.2804362140425422,0.9832098256065758
Station 2,111900.0,4046.4102135574144,0.3327901517150892,0.981243463712703
Station 2,111910.0,4049.999285064619,0.38499800901130243,0.9789460736342476
Station 2,111920.0,4054.10961518328,0.4370383204538379,0.9763234215812926
Station 2,111930.0,4058.739422437282,0.48888993803133485,0.9733819714646738
Station 2,111940.0,4063.8867156115552,0.5405320691482098,0.9701288288886009
Station 2,111950.0,4069.5492974916615,0.5919443129975002,0.9665716817169272
Station 2,111960.0,4075.7247689581714,0.6431066952148321,0.9627187382624559
Station 2,111970.0,4082.4105334180413,0.693999700685018,0.9585786641216535
Station 2,111980.0,4089.6038015539643,0.7446043043868664,0.9541605186238259
Station 2,111990.0,4097.301596371572,0.7949020001765256,0.9494736917888568
Station 2,112000.0,4105.500758523524,0.844874827424781,0.944527842596071
Station 2,112010.0,4114.197951888665,0.8945053954391711,0.9393328392638767
Station 2,112020.0,4123.389669383881,0.9437769056172058,0.9338987021304695
Station 2,112030.0,4133.072238985787,0.9926731712924237,0.9282355496147014
Station 2,112040.0,4143.241829939098,1.0411786352501866,0.9223535476270158
Station 2,112050.0,4153.894459128371,1.0892783849049255,0.9162628626965222
Station 2,112060.0,4165.025997589775,1.1369581651448797,0.9099736189841832
Station 2,112070.0,4176.632177139723,1.1842043888640321,0.9034958592655664
Station 2,112080.0,4188.708597097402,1.2310041452139373,0.8968395098907094
Station 2,112090.0,4201.250731078666,1.2773452056202617,0.8900143496638646
Station 2,112100.0,4214.25393383927,1.3232160276200962,0.8830299825322102
Station 2,112110.0,4227.713448145965,1.3686057565863803,0.8758958139296302
Station 2,112120.0,4241.624411654796,1.4135042254150507,0.8686210305886648
Station 2,112130.0,4255.981863776617,1.457901952258756,0.8612145836098092
Station 2,112140.0,4270.780752510818,1.5017901363981296,0.8536851745614593
Station 2,112150.0,4286.01594122913,1.545160652347748,0.8460412443748887
Station 2,112160.0,4301.68221539238,1.5880060422989015,0.8382909647955838
Station 2,112170.0,4317.774289184169,1.630319507005356,0.8304422321540722
Station 2,112180.0,4334.2868120463945,1.6720948952212689,0.8225026632250405
Station 2,112190.0,4351.214375102796,1.713326691802435,0.8144795929521926
Station 2,112200.0,4368.5515174576785,1.7540100045832006,0.806380073827186
Station 2,112210.0,4386.292732358194,1.7941405501415646,0.7982108767234141
Station 2,112220.0,4404.432473209598,1.833714638564496,0.7899784929988111
Station 2,112230.0,4422.9651594341,1.8727291573241394,0.7816891376957962
Station 2,112240.0,4441.885182164917,1.911181554373548,0.7733487536805328
Station 2,112250.0,4461.186909768231,1.9490698205683414,0.7649630165775462
Station 2,112260.0,4480.864693046528,1.9863924716113195,0.7565373403504135
Station 2,112270.0,4500.912870470129,2.0231485294029263,0.7480768834559117
Station 2,112280.0,4521.325773266409,2.0593375029605627,0.7395865554492734
Station 2,112290.0,4542.097730100252,2.0949593692005646,0.7310710239083754
Station 2,112300.0,4563.223071658659,2.130014553463759,0.7225347216352955
Station 2,112310.0,4584.696135039424,2.1645039099244268,0.7139818540496837
Station 2,112320.0,4606.511267943155,2.198428701959313,0.7054164067096644
Station 2,112330.0,4628.662832668641,2.2317905825483035,0.6968421529042257
Station 2,112340.0,4651.145209912271,2.264591574773235,0.6882626612684904
Station 2,112350.0,4673.952802372829,2.296834052476109,0.6796813033799725
Station 2,112360.0,4697.080038163603,2.3285207211328864,0.6711012612999699
Station 2,112370.0,4720.521374034243,2.359654598994008,0.6625255350296159
Station 2,112380.0,4744.271298405342,2.3902389985377894,0.6539569498549314
Station 2,112390.0,4768.324334219102,2.420277508278045,0.6453981635594784
Station 2,112400.0,4792.675041609869,2.4497739749626937,0.6368516734869771
Station 2,112410.0,4817.318020398639,2.478732486195481,0.6283198234395864
Station 2,112420.0,4842.2479124159745,2.507157353508818,0.6198048104004498
Station 2,112430.0,4867.459403657963,2.5350530959115125,0.6113086910716827
Station 2,112440.0,4892.9472262801655,2.5624244239313927,0.6028333882211817
Station 2,112450.0,4918.706160434559,2.589276224169119,0.594380696833594
Station 2,112460.0,4944.731035954743,2.6156135443760937,0.5859522900624526
Station 2,112470.0,4971.016733894709,2.641441579066135,0.5775497249819256
Station 2,112480.0,4997.558187926573,2.666765655667678,0.5691744481378703
Station 2,112490.0,5024.350385602746,2.691591221220473,0.5608278008989531
Station 2,112500.0,5051.388369488031,2.7159238296182546,0.5525110246094672
Station 2,112510.0,5078.667238167087,2.7397691293965654,0.5442252655462723
Station 2,112520.0,5106.182147132791,2.7631328520627956,0.535971579682884
Station 2,112530.0,5133.928309560855,2.786020800963646,0.5277509372642843
Station 2,112540.0,5161.90099697611,2.808438840683513,0.519564227196447
Station 2,112550.0,5190.095539815731,2.8303928869657797,0.5114122612549133
Station 2,112560.0,5218.507327894583,2.851888897147707,0.5032957781170411
Station 2,112570.0,5247.131810777839,2.872932861098385,0.4952154472227398
Station 2,112580.0,5275.964498065776,2.8935307926482503,0.4871718724686898
Station 2,112590.0,5305.000959595744,2.91368872149791,0.4791655957411015
Station 2,112600.0,5334.236825565886,2.9334126855930105,0.4711971002922109
Station 2,112610.0,5363.667786585344,2.952708723951621,0.4632668139656654
Station 2,112620.0,5393.28959360483,2.971582869969805,0.4553751122684469
Station 2,112630.0,5423.098057716224,2.9900411452130196,0.44752232129062386
Station 2,112640.0,5453.089050251243,3.0080895533270953,0.4397087205442011
Station 2,112650.0,5483.258502468854,3.0257340746124797,0.43193454561994327
Station 2,112660.0,5513.602405286539,3.0429806609113337,0.42419999073150616
Station 2,112670.0,5544.116808974076,3.0598352308500156,0.4165052111405059
Station 2,112680.0,5574.797822801027,3.076303665431386,0.4088503254654994
Station 2,112690.0,5605.641614641376,3.0923918039620784,0.401235417879548
Station 2,112700.0,5636.644410538637,3.1081054403000046,0.39366054020091273
Station 2,112710.0,5667.802494234654,3.1234503194075547,0.38612571388131467
Station 2,112720.0,5699.11220666504,3.138432134196258,0.378630931896062
Station 2,112730.0,5730.569945424227,3.1530565226488743,0.37117616054021985
Station 2,112740.0,5762.172164202823,3.1673290652052257,0.3637613411348699
Station 2,112750.0,5793.915372199898,3.1812552823984306,0.35638639164737257
Station 2,112760.0,5825.796133512694,3.1948406327285337,0.3490512082294146
Station 2,112770.0,5857.8110665060885,3.2080905107608855,0.34175566667649726
Station 2,112780.0,5889.95684316406,3.2210102454370517,0.33449962381238363
Station 2,112790.0,5922.230188425219,3.23360509858641,0.32728291880190463
Station 2,112800.0,5954.627879504452,3.2458802636269732,0.32010537439538644
Station 2,112810.0,5987.1467452024635,3.2578408644444248,0.31296679810784805
Station 2,112820.0,6019.783665205084,3.269491954438747,0.305866983335991
Station 2,112830.0,6052.535569373888,3.280838515728232,0.2988057104158806
Station 2,112840.0,6085.399437029774,3.291885458501068,0.2917827476241128
Station 2,112850.0,6118.372296230904,3.302637620505137,0.2847978521251357
Station 2,112860.0,6151.451223046385,3.3130997666670052,0.27785077086729243
Station 2,112870.0,6184.633340826966,3.323276588831535,0.2709412414300439
Station 2,112880.0,6217.915819473957,3.333172705613901,0.2640689928247236
Station 2,112890.0,6251.295874707437,3.342792662356197,0.2572337462510802
Station 2,112900.0,6284.770767334834,3.352140931181176,0.25043521581176403
Station 2,112910.0,6318.337802520768,3.361221911136032,0.24367310918681828
Station 2,112920.0,6351.994329059131,3.3700399284194864,0.23694712827015216
Station 2,112930.0,6385.737738648079,3.378599236685771,0.23025696976988305
Station 2,112940.0,6419.565465168901,3.386904017419485,0.22360232577433115
Station 2,112950.0,6453.4749839692395,3.394958380375505,0.21698288428541543
Station 2,112960.0,6487.463811151423,3.402766364078571,0.21039832972107023
Station 2,112970.0,6521.529502866475,3.4103319363773745,0.20384834338826074
Station 2,112980.0,6555.669654613844,3.417658995048656,0.1973326039280247
Station 2,112990.0,6589.881900413034,3.4247513685510054,0.1908507877146805
Station 2,113000.0,6624.163912207895,3.431612816656381,0.18440256926035334
Station 2,113010.0,6658.513399271988,3.4382470311067195,0.17798762159747464
Station 1,115560.0,6665.970506917296,-3.5976491743756194,0.17627567087687743
Station 1,115570.0,6630.018592117775,-3.5927001027815217,0.18297829808508034
Station 1,115580.0,6594.117183937766,-3.587547282073097,0.18972161748703711
Station 1,115590.0,6558.268337342409,-3.582187191694805,0.1965062100829389
Station 1,115600.0,6522.474142956897,-3.5766162349936623,0.20333266454464882
Station 1,115610.0,6486.736727753226,-3.57083073782608,0.2102015771926796
Station 1,115620.0,6451.05825583423,-3.5648269471230134,0.21711355197229595
Station 1,115630.0,6415.440929231628,-3.5586010294574826,0.22406920041884118
Station 1,115640.0,6379.886988718079,-3.5521490696171916,0.23106914161148334
Station 1,115650.0,6344.398714633202,-3.54546706918523,0.23811400211451864
Station 1,115660.0,6308.978427723467,-3.538550945132044,0.24520441590532305
Station 1,115670.0,6273.6284899958455,-3.5313965284222206,0.25234102428798183
Station 1,115680.0,6238.351305585072,-3.523999562639826,0.25952447579157695
Station 1,115690.0,6203.1493216344115,-3.5163557026363974,0.2667554260520202
Station 1,115700.0,6168.025029189475,-3.508460513205999,0.2740345376763274
Station 1,115710.0,6132.980964105135,-3.5003094677921056,0.2813624800880429
Station 1,115720.0,6098.019707964976,-3.4918979472314153,0.2887399293525633
Station 1,115730.0,6063.143889013016,-3.483221238540082,0.29616756798096483
Station 1,115740.0,6028.356183097254,-3.474274533748287,0.30364608471087845
Station 1,115750.0,5993.659314624551,-3.465052928789474,0.3111761742628658
Station 1,115760.0,5959.056057526321,-3.4555514224509714,0.31875853707066
Station 1,115770.0,5924.549236234377,-3.4457649153933225,0.3263938789835341
Station 1,115780.0,5890.1417266662875,-3.4356882092459795,0.3340829109389641
Station 1,115790.0,5855.8364572194305,-3.4253160057876504,0.3418263486036367
Station 1,115800.0,5821.636409772928,-3.41464290622008,0.3496249119807475
Station 1,115810.0,5787.5446206965025,-3.4036634105445898,0.35747932498140994
Station 1,115820.0,5753.564181865208,-3.3923719170513746,0.36539031495786306
Station 1,115830.0,5719.698241678939,-3.3807627219320295,0.37335861219604505
Station 1,115840.0,5685.950006085409,-3.3688300190265514,0.3813849493649444
Station 1,115850.0,5652.322739605313,-3.3565678997166257,0.3894700609199959
Station 1,115860.0,5618.819766358118,-3.3439703529777685,0.39761468245763054
Station 1,115870.0,5585.444471086944,-3.331031265603473,0.4058195500179202
Station 1,115880.0,5552.200300180746,-3.3177444226154185,0.41408539933207394
Station 1,115890.0,5519.090762691927,-3.3041035078743426,0.4224129650113684
Station 1,115900.0,5486.119431347355,-3.290102104907106,0.4308029796738775
Station 1,115910.0,5453.289943550579,-3.275733697966151,0.43925617300516606
Station 1,115920.0,5420.606002372887,-3.260991673338385,0.44777327074888973
Station 1,115930.0,5388.071377530705,-3.2458693209213187,0.45635499362299126
Station 1,115940.0,5355.6899062651655,-3.230359836126303,0.46500205614799434
Station 1,115950.0,5323.465494203095,-3.214456322076818,0.4737151653934096
Station 1,115960.0,5291.4021165046515,-3.198151791984129,0.48249501966773073
Station 1,115970.0,5259.503818633062,-3.1814391720532624,0.49134230707439785
Station 1,115980.0,5227.774717206451,-3.16431130469305,0.5002577039813835
Station 1,115990.0,5196.21900081996,-3.1467609521148794,0.5092418733850872
Station 1,116000.0,5164.840930829536,-3.128780800345825,0.5182954631615344
Station 1,116010.0,5133.644842093109,-3.110363463680081,0.5274191041980151
Station 1,116020.0,5102.6351436646755,-3.091501489593225,0.5366134083978599
Station 1,116030.0,5071.816319436541,-3.0721873641444453,0.5458789665505797
Station 1,116040.0,5041.192928724824,-3.0524135178924126,0.555216346059063
Station 1,116050.0,5010.769606792748,-3.032172332350807,0.5646260885150617
Station 1,116060.0,4980.551065306512,-3.0114561470100485,0.5741087071134408
Station 1,116070.0,4950.542092717758,-2.9902572669518337,0.5836646838951765
Station 1,116080.0,4920.747554566674,-2.968567971083316,0.59329446680827
Station 1,116090.0,4891.172393699422,-2.9463805210177076,0.6029984665750073
Station 1,116100.0,4861.821630393336,-2.9236871706279213,0.612777053353125
Station 1,116110.0,4832.7003623830315,-2.9004801762995385,0.6226305531775026
Station 1,116120.0,4803.8137647803815,-2.876751807908816,0.6325592441679675
Station 1,116130.0,4775.167089880964,-2.8524943605507502,0.6425633524876446
Station 1,116140.0,4746.765666849453,-2.8277001670411823,0.6526430480350104
Station 1,116150.0,4718.614901276091,-2.8023616112157406,0.662798439851404
Station 1,116160.0,4690.720274596242,-2.7764711420468604,0.6730295712241668
Station 1,116170.0,4663.087343364762,-2.750021288598349,0.6833364144638374
Station 1,116180.0,4635.721738376779,-2.7230046758347948,0.6937188653318607
Station 1,116190.0,4608.629163626309,-2.6954140413006753,0.7041767370930813
Station 1,116200.0,4581.8153950939695,-2.6672422526811332,0.7147097541648378
Station 1,116210.0,4555.286279355012,-2.6384823262532096,0.7253175453316955
Station 1,116220.0,4529.047731998744,-2.6091274462326264,0.7359996364917794
Station 1,116230.0,4503.1057358504595,-2.5791709850171793,0.746755442897143
Station 1,116240.0,4477.466338986962,-2.5486065243232843,0.7575842608467013
Station 1,116250.0,4452.135652536824,-2.517427877207231,0.7684852587857974
Station 1,116260.0,4427.119848256672,-2.485629110957289,0.7794574677614734
Station 1,116270.0,4402.425155874913,-2.4532045708368613,0.7904997711768665
Station 1,116280.0,4378.057860194564,-2.4201489046525184,0.801610893781765
Station 1,116290.0,4354.024297947169,-2.386457088113832,0.8127893898291604
Station 1,116300.0,4330.330854358384,-2.3521244509583568,0.8240336303165349
Station 1,116310.0,4306.983959295159,-2.3171467038360123,0.8353417892146104
Station 1,116320.0,4283.9900836007655,-2.2815199656412313,0.8467118286417987
Station 1,116330.0,4261.355734793025,-2.2452407916006867,0.8581414827949321
Station 1,116340.0,4239.087452530827,-2.2083062018334534,0.8696282405576304
Station 1,116350.0,4217.191803822862,-2.1707137103206318,0.8811693266454259
Station 1,116360.0,4195.6753779445435,-2.132461354205339,0.8927616811313397
Station 1,116370.0,4174.544781060363,-2.0935477233199675,0.90440193718048
Station 1,116380.0,4153.80663055002,-2.053971989827778,0.9160863968020986
Station 1,116390.0,4133.467549037657,-2.013733937855549,0.9278110044055239
Station 1,116400.0,4113.534158125176,-1.9728339929846754,0.9395713179219769
Station 1,116410.0,4094.013071831633,-1.9312732514577566,0.9513624772282959
Station 1,116420.0,4074.91088974238,-1.8890535089486233,0.9631791695804334
Station 1,116430.0,4056.2341898731597,-1.8461772887345553,0.9750155917351475
Station 1,116440.0,4037.98952125599,-1.8026478691010068,0.9868654084079885
Station 1,116450.0,4020.1833962554265,-1.7584693098013147,0.9987217066854531
Station 1,116460.0,4002.822282625616,-1.713646477386979,1.0105769459805731
Station 1,116470.0,3985.9125953204075,-1.6681850692181228,1.0224229030962526
Station 1,116480.0,3969.460688070744,-1.6220916359589865,1.034250611942422
Station 1,116490.0,3953.4728447454986,-1.5753736023598934,1.0460502974457055
Station 1,116500.0,3937.95527051396,-1.5280392861250858,1.057811303199453
Station 1,116510.0,3922.914082830118,-1.4800979146655888,1.0695220124355256
Station 1,116520.0,3908.3553022609854,-1.4315596395375927,1.0811697619672367
Station 1,116530.0,3894.2848431831026,-1.3824355483702542,1.092740748869006
Station 1,116540.0,3880.70850437334,-1.3327376740920993,1.104219929839888
Station 1,116550.0,3867.631959521988,-1.2824790012727176,1.1155909134674074
Station 1,116560.0,3855.060747697896,-1.2316734694060287,1.126835845992596
Station 1,116570.0,3843.000263797126,-1.1803359729732765,1.1379352917101828
Station 1,116580.0,3831.4557490080906,-1.1284823581380181,1.1488681098586913
Station 1,116590.0,3820.4322813276076,-1.0761294159417152,1.1596113308073615
Station 1,116600.0,3809.934766163449,-1.0232948718870285,1.170140035575765
Station 1,116610.0,3799.967927060061,-0.9699973718165895,1.1804272442689212
Station 1,116620.0,3790.53629658488,-0.9162564640175755,1.1904438209034158
Station 1,116630.0,3781.644207413284,-0.8620925775068741,1.200158404337388
Station 1,116640.0,3773.2957836505266,-0.8075269964776415,1.2095373775477927
Station 1,116650.0,3765.4949324290333,-0.7525818309155436,1.2185448901912532
Station 1,116660.0,3758.24533581092,-0.6972799834219249,1.2271429519945716
Station 1,116670.0,3751.5504428470163,-0.6416451123095673,1.2352916166456327
Station 1,116680.0,3745.4134624385388,-0.58570159103274,1.2429492769778803
Station 1,116690.0,3739.8373564149624,-0.5294744641551274,1.2500730914676963
Station 1,116700.0,3734.824832993117,-0.47298939995648137,1.256619558736467
Station 1,116710.0,3730.3783407929277,-0.41627263986725294,1.2625452498506582
Station 1,116720.0,3726.500063373296,-0.35935094495147313,1.2678076971687067
Station 1,116730.0,3723.1919143165214,-0.30225153967803675,1.272366423247458
Station 1,116740.0,3720.4555328870265,-0.2450020532452325,1.27618407472186
Station 1,116750.0,3718.292280287546,-0.1876304587471509,1.2792276061275552
Station 1,116760.0,3716.7032365328064,-0.1301650104903973,1.2814694405367641
Station 1,116770.0,3715.689197957627,-0.07263417978780351,1.2828885215756718
Station 1,116780.0,3715.250675373003,-0.01506658957057283,1.283471168731427
Station 1,116790.0,3715.3878928802847,0.042509051828180766,1.2832116573997432
Station 1,116800.0,3716.100787349961,0.10006401735732473,1.2821124670554829
Station 1,116810.0,3717.389008567943,0.15756962803324226,1.2801841725335885
Station 1,116820.0,3719.251920048579,0.21499731946023126,1.2774449894649407
Station 1,116830.0,3721.68860050995,0.2723187077215655,1.2739200189879267
Station 1,116840.0,3724.69784600342,0.32950565428326406,1.2696402630621673
Station 1,116850.0,3728.278172685844,0.3865303295622855,1.2646414962470796
Station 1,116860.0,3732.427820219444,0.4433652748239314,1.2589630817400044
Station 1,116870.0,3737.144755781082,0.49998346208939637,1.2526468105357282
Station 1,116880.0,3742.42667865954,0.5563583517535285,1.2457358262583687
Station 1,116890.0,3748.2710254165545,0.6124639476345132,1.2382736785643185
Station 1,116900.0,3754.674975584675,0.6682748492012367,1.2303035285843325
Station 1,116910.0,3761.6354578725854,0.7237663007499813,1.2218675131582237
Station 1,116920.0,3769.149156846405,0.7789142373296309,1.2130062618990674
Station 1,116930.0,3777.212520053587,0.8336953272433029,1.2037585526583745
Station 1,116940.0,3785.8217655544945,0.8880870109838167,1.1941610863058691
Station 1,116950.0,3794.972889825422,0.9420675364904042,1.1842483600896399
Station 1,116960.0,3804.6616759958633,0.9956159906440208,1.1740526193191911
Station 1,116970.0,3814.8837023821443,1.0487123269483798,1.1636038689119934
Station 1,116980.0,3825.6343512791777,1.1013373893728466,1.1529299288217278
Station 1,116990.0,3836.9088179719492,1.15347293236139,1.1420565200620918
Station 1,117000.0,3848.7021199285546,1.2051016370387213,1.1310073706539758
Station 1,117010.0,3861.0091061370435,1.2562071236699488,1.1198043331848675
Station 1,117020.0,3873.8244665458974,1.3067739604553616,1.1084675076984194
Station 1,117030.0,3887.1427413987167,1.3567876688557585,1.0970153652958652
Station 1,117040.0,3900.9583309416153,1.4062347253208967,1.085464869240325
Station 1,117050.0,3915.2655050237145,1.4551025597362501,1.0738315913324188
Station 1,117060.0,3930.058412533868,1.5033795507995449,1.062129822156971
Station 1,117070.0,3945.3310908558965,1.5510550183797052,1.0503726744299222
Station 1,117080.0,3961.0774752327393,1.5981192130725583,1.0385721790864808
Station 1,117090.0,3977.29140801239,1.6445633031398825,1.0267393740690038
Station 1,117100.0,3993.966647750496,1.6903793590256089,1.014884385986083
Station 1,117110.0,4011.0968781464308,1.7355603356469036,1.0030165049538575
Station 1,117120.0,4028.6757167915907,1.7801000526604944,0.9911442530156968
Station 1,117130.0,4046.6967237107683,1.823993172905152,0.979275446582097
Station 1,117140.0,4065.153409679363,1.8672351792201667,0.9674172533503349
Station 1,117150.0,4084.039244301267,1.9098223498369609,0.9555762441618024
Station 1,117160.0,4103.347663834131,1.9517517325369336,0.9437584402404074
Station 1,117170.0,4123.072078750689,1.9930211177633022,0.9319693562327477
Station 1,117180.0,4143.205881026636,2.0336290108682697,0.9202140394432955
Station 1,117190.0,4163.742451147315,2.073574603669552,0.90849710562809
Station 1,117200.0,4184.675164827207,2.112857745482101,0.8968227716800129
Station 1,117210.0,4205.997399437791,2.1514789137821424,0.8851948855088705
Station 1,117220.0,4227.702540140906,2.189439184651393,0.8736169533908419
Station 1,117230.0,4249.783985726135,2.226740203139671,0.8620921650349439
Station 1,117240.0,4272.235154152085,2.2633841536743358,0.8506234165891761
Station 1,117250.0,4295.049487792686,2.2993737306349558,0.8392133317860763
Station 1,117260.0,4318.220458390718,2.334712109201685,0.8278642814065378
Station 1,117270.0,4341.741571721849,2.3694029165759116,0.8165784012218548
Station 1,117280.0,4365.6063719733975,2.403450203661987,0.8053576085569543
Station 1,117290.0,4389.80844584283,2.4368584172893724,0.7942036176025417
Station 1,117300.0,4414.341426361827,2.4696323730452976,0.7831179535902533
Station 1,117310.0,4439.198996452308,2.50177722877917,0.7721019659328011
Station 1,117320.0,4464.374892221471,2.5332984588315286,0.7611568404202536
Station 1,117330.0,4489.862906003295,2.564201829032229,0.7502836105540605
Station 1,117340.0,4515.656889154455,2.5944933725049637,0.7394831680918866
Station 1,117350.0,4541.750754612826,2.624179366308093,0.7287562728687919
Station 1,117360.0,4568.138479227127,2.6532663089350668,0.7181035619536267
Station 1,117370.0,4594.814105866356,2.681760898691541,0.7075255581935711
Station 1,117380.0,4621.771745317882,2.709670012960575,0.6970226781945333
Station 1,117390.0,4649.0055778759115,2.7370006884473086,0.6865952397654951
Station 1,117400.0,4676.50985483621,2.7637601022552873,0.6762434688920094
Station 1,117410.0,4704.2788999973745,2.7899555536872267,0.6659675062922386
Station 1,117420.0,4732.307110682533,2.8155944471698815,0.6557674135163489
Station 1,117430.0,4760.58895871059,2.840684275971367,0.6456431786748951
Station 1,117440.0,4789.118991209253,2.8652326067807987,0.6355947218081512
Station 1,117450.0,4817.891831277633,2.8892470651352298,0.6256218999205085
Station 1,117460.0,4846.9021785068,2.9127353216755054,0.6157245117022253
Station 1,117470.0,4876.144809366545,2.935705079210781,0.6059023019589617
Station 1,117480.0,4905.614577466366,2.958164060569713,0.5961549657679089
Station 1,117490.0,4935.306413698477,2.980119997214981,0.5864821523778508
Station 1,117500.0,4965.215326270396,3.0015806185966203,0.576883468869173
Station 1,117510.0,4995.336400634443,3.0225536422188224,0.5673584835886564
Station 1,117520.0,5025.664799321153,3.0430467643941506,0.5579067293728024
Station 1,117530.0,5056.195761683438,3.0630676516587076,0.5485277065724783
Station 1,117540.0,5086.924603557972,3.0826239328214813,0.5392208858907707
Station 1,117550.0,5117.84671685009,3.1017231916210566,0.529985711045146
Station 1,117560.0,5148.957569048142,3.1203729599628445,0.5208216012642677
Station 1,117570.0,5180.252702673037,3.138580711710215,0.5117279536291587
Station 1,117580.0,5211.727734668403,3.156353857003195,0.5027041452677721
Station 1,117590.0,5243.378355736568,3.1736997370787687,0.4937495354114726
Station 1,117600.0,5275.200329625247,3.190625619567316,0.4848634673214034
Station 1,117610.0,5307.189492369644,3.2071386942402498,0.47604527009223363
Station 1,117620.0,5339.341751494357,3.223246069184549,0.4672942603403308
Station 1,117630.0,5371.653085179272,3.238954767380538,0.4586097437829919
Station 1,117640.0,5404.119541393409,3.2542717236599756,0.4499910167149771
Station 1,117650.0,5436.737237000401,3.269203782022223,0.4414373673882319
Station 1,117660.0,5469.502356839136,3.283757693287102,0.43294807730034873
Station 1,117670.0,5502.4111527828345,3.2979401130637247,0.4245224223970005
Station 1,117680.0,5535.4599427796165,3.3117576000154916,0.4161596741932964
Station 1,117690.0,5568.645109877494,3.3252166144021507,0.4078591008187172
Station 1,117700.0,5601.963101236421,3.3383235168806786,0.3996199679900438
Station 1,117710.0,5635.410427129983,3.3510845675475105,0.3914415399164455
Station 1,117720.0,5668.983659939,3.363505925205441,0.38332308014065536
Station 1,117730.0,5702.679433139273,3.3755936468393113,0.3752638523199624
Station 1,117740.0,5736.494440285466,3.3873536872853336,0.36726312095052904
Station 1,117750.0,5770.425433968696,3.3987918990991686,0.35932015203484174
Station 1,117760.0,5804.469224639068,3.409914032704566,0.3514342136781869
Station 1,117770.0,5838.622679829841,3.420725736373301,0.34360457669603195
Station 1,117780.0,5872.882723067758,3.431232556585896,0.3358305151334451
Station 1,117790.0,5907.2463328302,3.441439938496458,0.3281113067472545
Station 1,117800.0,5941.710541537285,3.4513532264928335,0.3204462334530357
Station 1,117810.0,5976.272434549585,3.460977664865265,0.31283458173506085
Station 1,117820.0,6010.929149172551,3.4703183985738537,0.3052756430214536
Station 1,117830.0,6045.677873668646,3.479380474105711,0.2977687140266652
Station 1,117840.0,6080.515846278095,3.4881688404132385,0.29031309706327096
Station 1,117850.0,6115.440354249036,3.4966883499255044,0.28290810032498637
Station 1,117860.0,6150.448732877847,3.5049437596251547,0.27555303814268406
Station 1,117870.0,6185.538364560278,3.5129397321838116,0.26824723121510585
Station 1,117880.0,6220.706677854041,3.52068083714936,0.2609900068158651
Station 1,117890.0,6255.951146553286,3.528171552178932,0.25378069897824507
Station 1,117900.0,6291.269288775554,3.5354162643118476,0.24661864865922145
Station 1,117910.0,6326.65866606152,3.5424192712771365,0.2395032038840484
Station 1,117920.0,6362.116882487925,3.5491847828306526,0.23243371987267972
Station 1,117930.0,6397.641583794032,3.555716922117118,0.22540955914922514
Station 1,117940.0,6433.230456521791,3.5620197270528235,0.218430091635564
Station 1,117950.0,6468.881227170028,3.5680971517249445,0.21149469473019164
Station 1,117960.0,6504.5916613627705,3.5739530678038047,0.20460275337329648
Station 1,117970.0,6540.359563031873,3.5795912659646465,0.19775366009902012
Station 1,117980.0,6576.182773614059,3.585015457315781,0.19094681507578978
Station 1,117990.0,6612.05917126245,3.590229274830165,0.18418162613556932
Station 1,118000.0,6647.986670072635,3.595236274777775,0.17745750879281738
Station 3,118960.0,6652.103135065203,-3.6103163806006284,0.17620810701628986
Station 3,118970.0,6616.022831386811,-3.605712071322297,0.1829421983235455
Station 3,118980.0,6579.989544627719,-3.600912438116552,0.18971827478971123
Station 3,118990.0,6544.005244820717,-3.5959141103746854,0.1965369680926131
Station 3,119000.0,6508.071936078492,-3.590713642878464,0.20339891970601298
Station 3,119010.0,6472.191657346945,-3.5853075142969284,0.21030478098351169
Station 3,119020.0,6436.366483173437,-3.5796921256752925,0.21725521323739705
Station 3,119030.0,6400.59852449009,-3.5738637989179693,0.2242508878119423
Station 3,119040.0,6364.889929412181,-3.5678187752679364,0.23129248615063108
Station 3,119050.0,6329.242884051678,-3.56155321378487,0.23838069985674018
Station 3,119060.0,6293.659613346041,-3.5550631898247396,0.24551623074669632
Station 3,119070.0,6258.142381902173,-3.5483446935237564,0.2526997908955579
Station 3,119080.0,6222.693494855567,-3.541393628289861,0.2599321026739639
Station 3,119090.0,6187.315298744608,-3.534205809305212,0.2672138987758235
Station 3,119100.0,6152.0101823998875,-3.5267769620434235,0.27454592223599944
Station 3,119110.0,6116.78057784846,-3.5191027208056083,0.28192892643717204
Station 3,119120.0,6081.628961232826,-3.5111786272796772,0.28936367510504113
Station 3,119130.0,6046.5578537444735,-3.5030001291275927,0.2968509422909613
Station 3,119140.0,6011.5698225716615,-3.4945625786057675,0.3043915123410624
Station 3,119150.0,5976.667481861279,-3.4858612312241304,0.31198617985082133
Station 3,119160.0,5941.853493694098,-3.4768912444497877,0.3196357496040811
Station 3,119170.0,5907.130569073399,-3.4676476764617337,0.3273410364953134
Station 3,119180.0,5872.501468926172,-3.4581254849634555,0.33510286543399004
Station 3,119190.0,5837.969005116442,-3.4483195260607866,0.3429220712297932
Station 3,119200.0,5803.53604147008,-3.438224553212927,0.350799498457339
Station 3,119210.0,5769.205494810356,-3.427835216265049,0.35873600129902605
Station 3,119220.0,5734.980336003437,-3.4171460605714787,0.36673244336454003
Station 3,119230.0,5700.863591012944,-3.4061515262190856,0.3747896974854653
Station 3,119240.0,5666.858341961593,-3.394845947361573,0.3829086454832835
Station 3,119250.0,5632.967728007433,-3.3832235517684905,0.39109017788891537
Station 3,119260.0,5599.194946537918,-3.371278460341885,0.39933519366768394
Station 3,119270.0,5565.5432543643055,-3.3590046867977024,0.407644599908622
Station 3,119280.0,5532.0159686899415,-3.3463961376135805,0.4160193114563732
Station 3,119290.0,5498.616468184665,-3.333446612092338,0.4244602505191779
Station 3,119300.0,5465.348194057344,-3.3201498026121623,0.4329683462386818
Station 3,119310.0,5432.214651124575,-3.3064992950787366,0.44154453421931317
Station 3,119320.0,5399.219408873462,-3.292488569595411,0.4501897560148688
Station 3,119330.0,5366.366102516271,-3.278111001368315,0.4589049585698426
Station 3,119340.0,5333.65843403446,-3.263359861864205,0.46769109361292505
Station 3,119350.0,5301.100173209572,-3.2482283202396793,0.47654911699998115
Station 3,119360.0,5268.695158638168,-3.2327094450612854,0.48547998800370157
Station 3,119370.0,5236.447298727764,-3.2167962063369333,0.4944846685470069
Station 3,119380.0,5204.360572670687,-3.200481477879903,0.5035641223771498
Station 3,119390.0,5172.43903139234,-3.183758040027628,0.5127193141773454
Station 3,119400.0,5140.6867984703085,-3.166618582738307,0.5219512086126236
Station 3,119410.0,5109.108071020396,-3.1490557090892275,0.5312607693064629
Station 3,119420.0,5077.707120545534,-3.131061939201568,0.5406489577446298
Station 3,119430.0,5046.488293743173,-3.1126297146171686,0.5501167321025001
Station 3,119440.0,5015.456013266534,-3.093751403153585,0.559665045991999
Station 3,119450.0,4984.614778434883,-3.0744193042643726,0.5692948471241368
Station 3,119460.0,4953.969165887643,-3.054625654932249,0.5790070758829546
Station 3,119470.0,4923.523830176927,-3.034362636123258,0.5888026638065408
Station 3,119480.0,4893.283504292778,-3.013622379830606,0.598682531970587
Station 3,119490.0,4863.253000115192,-2.9923969767371266,0.6086475892697579
Station 3,119500.0,4833.437208786426,-2.970678484525546,0.6186987305920271
Station 3,119510.0,4803.841100997309,-2.948458936865947,0.6288368348807633
Station 3,119520.0,4774.4697271804735,-2.925730353109544,0.6390627630792906
Station 3,119530.0,4745.328217603408,-2.9024847487178165,0.6493773559522777
Station 3,119540.0,4716.421782353907,-2.8787141464554784,0.6597814317780896
Station 3,119550.0,4687.75571121017,-2.8544105883751176,0.6702757839058874
Station 3,119560.0,4659.335373387558,-2.8295661486204313,0.6808611781709507
Station 3,119570.0,4631.166217153729,-2.8041729470737597,0.6915383501612673
Station 3,119580.0,4603.253769303667,-2.778223163872111,0.7023080023280017
Station 3,119590.0,4575.603634485834,-2.7517090548141123,0.7131708009319333
Station 3,119600.0,4548.221494370495,-2.724622967678075,0.7241273728173396
Station 3,119610.0,4521.1131066377475,-2.6969573594750087,0.7351783020028292
Station 3,119620.0,4494.284303585211,-2.668704814730738,0.7463241260622356
Station 3,119630.0,4467.740991012838,-2.639858064505475,0.7575653323480456
Station 3,119640.0,4441.489146644062,-2.610410006519609,0.7689023539703621
Station 3,119650.0,4415.534818297371,-2.5803537262535987,0.7803355655452526
Station 3,119660.0,4389.884121901641,-2.5496825189826255,0.7918652787055278
Station 3,119670.0,4364.543239285987,-2.5183899127683893,0.8034917373508369
Station 3,119680.0,4339.518415734584,-2.486469692395298,0.8152151126177354
Station 3,119690.0,4314.815957297149,-2.4539159242319375,0.827035497547648
Station 3,119700.0,4290.442227845964,-2.4207229819917844,0.838952901427345
Station 3,119710.0,4266.403645870632,-2.386885573359746,0.8509672437725979
Station 3,119720.0,4242.706681002125,-2.352398767443137,0.8630783479209478
Station 3,119730.0,4219.357850258171,-2.317258022997189,0.8752859341938005
Station 3,119740.0,4196.363714002513,-2.281459217366227,0.8875896125811935
Station 3,119750.0,4173.730871611279,-2.244998676072235,0.8999888748942984
Station 3,119760.0,4151.465956840389,-2.207873202972579,0.9124830863207076
Station 3,119770.0,4129.57563288878,-2.170080110898479,0.9250714763054478
Station 3,119780.0,4108.066587153164,-2.1316172526751718,0.9377531286660051
Station 3,119790.0,4086.945525671085,-2.092483052413948,0.9505269708318111
Station 3,119800.0,4066.2191672501767,-2.052676536955222,0.9633917620770132
Station 3,119810.0,4045.894237282835,-2.0121973673307547,0.9763460805888953
Station 3,119820.0,4025.9774612468154,-1.9710458701021525,0.9893883091820544
Station 3,119830.0,4006.4755578938434,-1.929223068421881,1.0025166194288582
Station 3,119840.0,3987.3952321298775,-1.8867307126526403,1.015728953928026
Station 3,119850.0,3968.7431675922458,-1.8435713103704643,1.0290230063733319
Station 3,119860.0,3950.526018930946,-1.7997481555679937,1.042396199010038
Station 3,119870.0,3932.7504038029892,-1.7552653568650594,1.0558456569747836
Station 3,119880.0,3915.4228945907903,-1.7101278645262346,1.0693681788997993
Station 3,119890.0,3898.550009857638,-1.6643414960781702,1.0829602030188785
Station 3,119900.0,3882.13820555531,-1.617912960314197,1.0966177678323181
Station 3,119910.0,3866.193866001133,-1.5708498794696517,1.110336466160846
Station 3,119920.0,3850.723294643888,-1.5231608093491253,1.124111391130829
Station 3,119930.0,3835.7327046401942,-1.4748552571863476,1.137937072267135
Station 3,119940.0,3821.2282092651712,-1.4259436970189117,1.151807399402685
Station 3,119950.0,3807.215812183366,-1.3764375823636268,1.165715531514293
Station 3,119960.0,3793.7013976079884,-1.3263493559842487,1.179653786822414
Station 3,119970.0,3780.690720378613,-1.2756924565514591,1.1936135094945688
Station 3,119980.0,3768.1893958897467,-1.2244813220178128,1.2075849069943627
Station 3,119990.0,3756.2028900085324,-1.1727313894960707,1.221556850446485
Station 3,120000.0,3744.736509389424,-1.1204590914726982,1.2355166281980303
Station 3,120010.0,3733.795391411259,-1.0676818483110981,1.2494496398667299
Station 3,120020.0,3723.384494349444,-1.0144180568239722,1.2633390145186691
Station 3,120030.0,3713.5085876876697,-0.960687074847283,1.2771651318050576
Station 3,120040.0,3704.1722426037513,-0.9065092017431818,1.2909050187967182
Station 3,120050.0,3695.3798226705812,-0.8519056547855073,1.3045315876352548
Station 3,120060.0,3687.1354748135195,-0.7968985414105788,1.318012669940399
Station 3,120070.0,3679.4431205655255,-0.7415108273464944,1.3313097935824107
Station 3,120080.0,3672.306447661123,-0.6857663006660285,1.3443766373718997
Station 3,120090.0,3665.7289020095936,-0.629689531840846,1.3571570929860448
Station 3,120100.0,3659.7136800869102,-0.5733058299079355,1.3695828687459008
Station 3,120110.0,3654.263721784651,-0.5166411948924255,1.3815706020032217
Station 3,120120.0,3649.3817037524695,-0.4597222666638968,1.393018533967951
Station 3,120130.0,3645.0700332688602,-0.4025762704354543,1.4038029892853017
Station 3,120140.0,3641.3308426726153,-0.345230959145828,1.413775257515559
Station 3,120150.0,3638.165984384877,-0.2877145529940588,1.4227600554229438
Station 3,120160.0,3635.5770265488577,-0.23005567642361913,1.4305575326201456
Station 3,120170.0,3633.5652493111625,-0.17228329287756716,1.4369514818000988
Station 3,120180.0,3632.131641765381,-0.11442663766848293,1.4417262648089701
Station 3,120190.0,3631.2768995750057,-0.056515149325150005,1.4446928184782757
Station 3,120200.0,3631.001423289125,0.001421600205837703,1.4457194441987669
Station 3,120210.0,3631.305317360414,0.05935397611468385,1.444757849320247
Station 3,120220.0,3632.1883898710594,0.11725235164209125,1.4418536699294406
Station 3,120230.0,3633.6501529682528,0.17508717895149728,1.4371365374612315
Station 3,120240.0,3635.6898240068663,0.23282905955956035,1.4307943560582552
Station 3,120250.0,3638.306327392953,0.29044881392916855,1.4230424906303076
Station 3,120260.0,3641.4982971177797,0.34791754983766254,1.4140975207353605
Station 3,120270.0,3645.2640799682963,0.4052067291453151,1.4041600257122118
Station 3,120280.0,3649.6017393962757,0.4622882326050629,1.3934061431916147
Station 3,120290.0,3654.509060024806,0.5191344223739949,1.3819854188981344
Station 3,120300.0,3659.983552767629,0.5757182019095448,1.3700222725391202
Station 3,120310.0,3666.022460533663,0.6320130729586985,1.3576190917795068
Station 3,120320.0,3672.622764486339,0.6879931893762267,1.3448597537707314
Station 3,120330.0,3679.7811908248377,0.743633407537638,1.3318129629070046
Station 3,120340.0,3687.4942180263,0.7989093331556205,1.3185351545615207
Station 3,120350.0,3695.758084358325,0.8537973644143422,1.3050729070798515
Station 3,120360.0,3704.5687962967436,0.9082747309658348,1.2914648937331055
Station 3,120370.0,3713.922136949722,0.9623195290419806,1.277743439548113
Station 3,120380.0,3723.81367484399,1.0159107524788897,1.263935753824904
Station 3,120390.0,3734.2387730415367,1.0690283195945118,1.2500649031000848
Station 3,120400.0,3745.1925985038506,1.1216530959293964,1.2361505792926666
Station 3,120410.0,3756.670131662496,1.1737669128739925,1.2222097074134735
Station 3,120420.0,3768.666176155136,1.2253525822345719,1.2082569279900546
Station 3,120430.0,3781.1753686868237,1.2763939068167456,1.1943049816868494
Station 3,120440.0,3794.192188977276,1.3268756871303289,1.1803650174558764
Station 3,120450.0,3807.710969756001,1.3767837243418595,1.166446840734616
Station 3,120460.0,3821.725906768505,1.4261048196212656,1.1525591144735334
Station 3,120470.0,3836.2310687583995,1.474826770046877,1.1387095228997524
Station 3,120480.0,3851.2204073919033,1.522938361248185,1.1249049057142086
Station 3,120490.0,3866.6877670931103,1.5704293569784427,1.1111513687229848
Station 3,120500.0,3882.626894760395,1.6172904858193267,1.0974543755987025
Station 3,120510.0,3899.031449336336,1.6635134252277202,1.083818824461817
Station 3,120520.0,3915.895011205728,1.7090907831399937,1.0702491121934845
Station 3,120530.0,3933.2110913983283,1.75401607735225,1.056749188787573
Station 3,120540.0,3950.97314057536,1.7982837128964864,1.0433226035782766
Station 3,120550.0,3969.1745577807114,1.841888957630986,1.0299725448113408
Station 3,120560.0,3987.808698940211,1.8848279162613437,1.016701873736845
Station 3,120570.0,4006.8688850943354,1.92709750300381,1.0035131541727387
Station 3,120580.0,4026.348410351845,1.9686954130970578,0.9904086783068504
Station 3,120590.0,4046.2405495538856,2.0096200933614887,0.9773904893605666
Station 3,120600.0,4066.5385656399917,2.0498707119972095,0.9644604016219066
Station 3,120610.0,4087.2357167093573,2.0894471278027793,0.9516200182630059
Station 3,120620.0,4108.325262772446,2.1283498589872725,0.9388707472823432
Station 3,120630.0,4129.80047218975,2.166580051737911,0.9262138158517226
Station 3,120640.0,4151.654627795993,2.2041394486949057,0.9136502832990409
Station 3,120650.0,4173.88103270964,2.2410303574742385,0.901181052918078
Station 3,120660.0,4196.473015828799,2.2772556193680886,0.8888068827640477
Station 3,120670.0,4219.423937015967,2.312818578341508,0.8765283955670695
Station 3,120680.0,4242.727191975084,2.347723050433029,0.8643460878739287
Station 3,120690.0,4266.376216825482,2.381973293656043,0.8522603385105726
Station 3,120700.0,4290.364492374857,2.4155739784899892,0.8402714164425966
Station 3,120710.0,4314.685547933925,2.4485301591790374,0.8283794880761709
Station 3,120720.0,4339.3329651734475,2.4808472454999957,0.8165846241204013
Station 3,120730.0,4364.3003815884895,2.5125309753869014,0.8048868060050448
Station 3,120740.0,4389.581493575852,2.543587388499476,0.7932859318870031
Station 3,120750.0,4415.170059325358,2.574022800608237,0.7817818223071723
Station 3,120760.0,4441.05990145894,2.603843778886642,0.7703742255178312
Station 3,120770.0,4467.244909426792,2.633057118134797,0.7590628225062236
Station 3,120780.0,4493.719041670049,2.6616698179524727,0.7478472317366632
Station 3,120790.0,4520.476327559577,2.6896890608729294,0.736727013630729
Station 3,120800.0,4547.51086912059,2.7171221914632855,0.7257016748027875
Station 3,120810.0,4574.816842552784,2.7439766963920125,0.7147706720661479
Station 3,120820.0,4602.388499555725,2.770260185459394,0.7039334162235079
Station 3,120830.0,4630.220168469079,2.795980373582616,0.6931892756539899
Station 3,120840.0,4658.306255237292,2.8211450637233697,0.6825375797078996
Station 3,120850.0,4686.641244208006,2.845762130742635,0.6719776219193562
Station 3,120860.0,4715.219698773555,2.8698395061643263,0.6615086630461139
Station 3,120870.0,4744.036261864498,2.8933851638271175,0.651129933945173
Station 3,120880.0,4773.085656303943,2.9164071064015227,0.640840638292205
Station 3,120890.0,4802.362685031442,2.9389133527477984,0.6306399551521802
Station 3,120900.0,4831.862231204498,2.9609119260883814,0.6205270414083028
Station 3,120910.0,4861.579258185909,2.982410842967854,0.6105010340557857
Station 3,120920.0,4891.508809424667,3.0034181029722555,0.6005610523667412
Station 3,120930.0,4921.646008237896,3.0239416791790523,0.5907061999321146
Station 3,120940.0,4951.986057501006,3.043989509308615,0.5809355665863171
Station 3,120950.0,4982.524239252975,3.0635694875478285,0.5712482302199405
Station 3,120960.0,5013.255914223346,3.082689457016476,0.561643258485718
Station 3,120970.0,5044.176521287254,3.101357202847047,0.5521197104026679
Station 3,120980.0,5075.281576854488,3.119580445848989,0.5426766378631565
Station 3,120990.0,5106.566674198302,3.1373668367287295,0.533313087047434
Station 3,121000.0,5138.02748272942,3.1547239508372895,0.5240280997500035
Station 3,121010.0,5169.65974722038,3.171659283417885,0.5148207146220336
Station 3,121020.0,5201.459286985096,3.1881802453265857,0.5056899683338438
Station 3,121030.0,5233.4219950182505,3.204294159199759,0.496634896661347
Station 3,121040.0,5265.5438370988695,3.2200082560428394,0.48765453550018234
Station 3,121050.0,5297.82085086216,3.2353296722157623,0.4787479218111258
Station 3,121060.0,5330.249144843496,3.250265446791193,0.46991409450022353
Station 3,121070.0,5362.824897383374,3.264822519365884,0.4611520952189529
Station 3,121080.0,5395.544355665268,3.2790077280748178,0.4524609691272642
Station 3,121090.0,5428.4038348245485,3.2928278078151854,0.44383976561788385
Station 3,121100.0,5461.399716815705,3.306289388961179,0.43528753895212374
Station 3,121110.0,5494.528449364227,3.3193989962654005,0.4268033488596198
Station 3,121120.0,5527.786544908239,3.332163048009404,0.4183862610906082
Station 3,121130.0,5561.17057953233,3.3445878553857216,0.41003534792330676
Station 3,121140.0,5594.677191895845,3.3566796220945765,0.40174968862886157
Station 3,121150.0,5628.303082157756,3.3684444441393033,0.39352836989621365
Station 3,121160.0,5662.045010900073,3.3798883098053314,0.3853704862191363
Station 3,121170.0,5695.899798051598,3.3910170998083506,0.37727514024759673
Station 3,121180.0,5729.86432181369,3.4018365875980807,0.369241443105489
Station 3,121190.0,5763.935517589585,3.412352439804786,0.3612685146767072
Station 3,121200.0,5798.11037691866,3.422570216816423,0.35335548386141924
Station 3,121210.0,5832.385946416976,3.4324953734749846,0.3455014888043257
Station 3,121220.0,5866.759326725145,3.442133259881266,0.3377056770966164
Station 3,121230.0,5901.227671464868,3.451489122297985,0.3299672059531897
Station 3,121240.0,5935.788186204761,3.460568104141697,0.32228524236674017
Station 3,121250.0,5970.438127436625,3.4693752470546286,0.3146589632401205
Station 3,121260.0,6005.17480156282,3.4779154920480666,0.307087555498389
Station 3,121270.0,6039.995563895486,3.4861936807095164,0.2995702161818548
Station 3,121280.0,6074.897817668245,3.4942145564662948,0.29210615252136907
Station 3,121290.0,6109.879013060927,3.501982765898774,0.2846945819970519
Station 3,121300.0,6144.936646237839,3.5095028600969096,0.2773347323815758
Station 3,121310.0,6180.068258399962,3.516779296054159,0.2700258417690686
Station 3,121320.0,6215.271434851508,3.5238164380932626,0.26276715859064914
Station 3,121330.0,6250.543804081089,3.5306185593188237,0.25555794161754225
Station 3,121340.0,6285.883036857813,3.53718984309192,0.2483974599526796
Station 3,121350.0,6321.286845342498,3.5435343845223866,0.2412849930116377
Station 3,121360.0,6356.752982214189,3.549656191974712,0.23421983049371609
Station 3,121370.0,6392.279239812104,3.555559188583806,0.2272012723439166
Station 3,121380.0,6427.863449293119,3.5612472137772038,0.220228628706542
Station 3,121390.0,6463.50347980484,3.566724024800521,0.21330121987108758
Station 3,121400.0,6499.197237674293,3.57199329824326,0.20641837621106604
Station 3,121410.0,6534.942665612257,3.5770586315623,0.1995794381163599
Station 3,121420.0,6570.737741933163,3.581923544600624,0.19278375591967398
Station 3,121430.0,6606.580479767851,3.5865914811175754,0.18603068981434132
Station 3,121440.0,6642.468926164862,3.5910658104194537,0.17931960974792957
Station 2,121840.0,6659.05165055201,-1.6898397231932512,0.1767108590454866
Station 2,121850.0,6642.263970563703,-1.6676608536477842,0.17985232901017645
Station 2,121860.0,6625.699140111997,-1.6452699993439701,0.1829629815733235
Station 2,121870.0,6609.359273376298,-1.6226683075331796,0.18604210296302548
Station 2,121880.0,6593.246472628412,-1.5998570129107104,0.18908897438182484
Station 2,121890.0,6577.362827352038,-1.576837438917804,0.19210287239113583
Station 2,121900.0,6561.710413349265,-1.553610998987432,0.19508306931425395
Station 2,121910.0,6546.291291834785,-1.530179197729976,0.19802883365795804
Station 2,121920.0,6531.107508518221,-1.5065436320549204,0.20093943055272812
Station 2,121930.0,6516.1610926755875,-1.4827059922247074,0.20381412221145062
Station 2,121940.0,6501.454056210359,-1.4586680628368556,0.20665216840653977
Station 2,121950.0,6486.988392705032,-1.4344317237304918,0.20945282696528375
Station 2,121960.0,6472.766076463943,-1.4099989508134965,0.21221535428319593
Station 2,121970.0,6458.789061548208,-1.3853718168064366,0.2149390058550896
Station 2,121980.0,6445.059280803662,-1.360552491899592,0.2176230368235352
Station 2,121990.0,6431.57864488272,-1.3355432443193878,0.22026670254430328
Station 2,122000.0,6418.349041261121,-1.3103464408006684,0.2228692591683311
Station 2,122010.0,6405.372333250532,-1.2849645469613185,0.22542996423968908
Station 2,122020.0,6392.650359008079,-1.259400127575846,0.2279480773089633
Station 2,122030.0,6380.18493054382,-1.2336558467446692,0.23042286056139977
Station 2,122040.0,6367.977832727294,-1.2077344679560107,0.23285357945909532
Station 2,122050.0,6356.030822294246,-1.1816388540373852,0.23523950339645586
Station 2,122060.0,6344.34562685469,-1.1553719669939198,0.23757990636806914
Station 2,122070.0,6332.923943903499,-1.1289368677308402,0.2398740676480874
Station 2,122080.0,6321.767439834716,-1.1023367156577228,0.24212127248013557
Station 2,122090.0,6310.877748960805,-1.075574768172271,0.24432081277671017
Station 2,122100.0,6300.256472538131,-1.0486543800215848,0.24647198782696195
Station 2,122110.0,6289.90517779988,-1.0215790025391995,0.24857410501170113
Station 2,122120.0,6279.825396997757,-0.9943521827563244,0.2506264805243995
Station 2,122130.0,6270.018626453713,-0.9669775623860188,0.252628440096913
Station 2,122140.0,6260.486325623039,-0.9394588766793213,0.2545793197285869
Station 2,122150.0,6251.229916168282,-0.9117999531526617,0.25647846641714533
Station 2,122160.0,6242.25078089712,-0.8840047101889064,0.2583252388723472
Station 2,122170.0,6233.550262985532,-0.8560771554888691,0.2601190082612944
Station 2,122180.0,6225.129665156193,-0.8280213844138106,0.2618591589431674
Station 2,122190.0,6216.990248740699,-0.7998415781977544,0.2635450891843082
Station 2,122200.0,6209.13323283254,-0.7715420020256372,0.26517621187641094
Station 2,122210.0,6201.559793459577,-0.743127002984221,0.2667519552474018
Station 2,122220.0,6194.271062777256,-0.7146010078871248,0.26827176356338356
Station 2,122230.0,6187.268128283886,-0.6859685209756371,0.26973509782000527
Station 2,122240.0,6180.552032059198,-0.657234121497337,0.2711414364216072
Station 2,122250.0,6174.123770027441,-0.6284024611648524,0.2724902758464936
Station 2,122260.0,6167.984291246291,-0.5994782614974691,0.2737811312966683
Station 2,122270.0,6162.134497222545,-0.5704663110485129,0.27501353733044365
Station 2,122280.0,6156.575241256062,-0.5413714625219602,0.27618704847624137
Station 2,122290.0,6151.307327812825,-0.5121986297818404,0.27730123982603594
Station 2,122300.0,6146.331511928335,-0.48295278475844694,0.27835570760685924
Station 2,122310.0,6141.648498642323,-0.4536389542556308,0.2793500697288409
Station 2,122320.0,6137.25894246581,-0.4242622166637532,0.28028396630830327
Station 2,122330.0,6133.163446881457,-0.39482769858317734,0.281157060164478
Station 2,122340.0,6129.362563878113,-0.36534057136343956,0.28196903728847134
Station 2,122350.0,6125.856793520398,-0.3358060475635142,0.2827196072831649
Station 2,122360.0,6122.646583554137,-0.3062293773388257,0.2834085037728154
Station 2,122370.0,6119.73232904837,-0.27661584476090484,0.28403548478118607
Station 2,122380.0,6117.114372074622,-0.24697076407580243,0.28460033307712773
Station 2,122390.0,6114.793001424038,-0.21729947590756682,0.28510285648661143
Station 2,122400.0,6112.768452362951,-0.1876073434132629,0.28554288817031226
Station 2,122410.0,6111.040906427352,-0.15789974839619692,0.28592028686593296
Station 2,122420.0,6109.610491256696,-0.12818208738413872,0.2862349370945581
Station 2,122430.0,6108.47728046737,-0.09845976767941333,0.2864867493304398
Station 2,122440.0,6107.641293566132,-0.06873820338792125,0.2866756601337122
Station 2,122450.0,6107.102495903691,-0.039022811434106686,0.28680163224564986
Station 2,122460.0,6106.86079866859,-0.00931900756905657,0.2868646546461937
Station 2,122470.0,6106.9160589214525,0.020367797621163586,0.28686474257358024
Station 2,122480.0,6107.2680796695595,0.05003220269972519,0.2868019375060231
Station 2,122490.0,6107.916609981708,0.07966881934869807,0.28667630710551417
Station 2,122500.0,6108.861345143149,0.10927227631702541,0.28648794512391945
Station 2,122510.0,6110.101926850426,0.13883722333979276,0.28623697127166164
Station 2,122520.0,6111.637943372288,0.16835833503380115,0.28592353104012513
Station 2,122530.0,6113.46892974583,0.19783031476275748,0.2855477954870212
Station 2,122540.0,6115.594368310422,0.2272478983961176,0.28510996102349756
Station 2,122550.0,6118.0136889396235,0.2566058580604047,0.2846102491232205
Station 2,122560.0,6120.72626941951,0.2858990058195179,0.2840489060108152
Station 2,122570.0,6123.731435868262,0.315122197286525,0.28342620231738014
Station 2,122580.0,6127.028463191102,0.3442703351617602,0.282742432703429
Station 2,122590.0,6130.616575569835,0.37333837269153536,0.2819979154503552
Station 2,122600.0,6134.494946986293,0.4023213170420128,0.2811929920215838
Station 2,122610.0,6138.662701778641,0.4312142325832078,0.28032802659469586
Station 2,122620.0,6143.118915229886,0.46001224407800545,0.2794034055658018
Station 2,122630.0,6147.8626141875075,0.4887105397717386,0.27841953702757904
Station 2,122640.0,6152.89277771322,0.5173043743779422,0.27737685022240743
Station 2,122650.0,6158.208337761938,0.5457890719562086,0.2762757949720917
Station 2,122660.0,6163.808179888767,0.5741600286785074,0.2751168410857104
Station 2,122670.0,6169.69114398301,0.6024127154804817,0.2739004777471608
Station 2,122680.0,6175.856025028009,0.6305426805946828,0.2726272128840055
Station 2,122690.0,6182.301573885672,0.6585455519629841,0.2712975725192479
Station 2,122700.0,6189.026498104526,0.686417039525703,0.26991210010767647
Station 2,122710.0,6196.02946275003,0.7141529373853783,0.2684713558584351
Station 2,122720.0,6203.309091255989,0.7417491258434024,0.2669759160454764
Station 2,122730.0,6210.863966295764,0.7692015733080795,0.26542637230755156
Station 2,122740.0,6218.692630672059,0.7965063380729629,0.2638233309393822
Station 2,122750.0,6226.793588223998,0.8236595699647438,0.2621674121756495
Station 2,122760.0,6235.165304750224,0.8506575118601327,0.26045924946940907
Station 2,122770.0,6243.806208946737,0.8774965010716302,0.25869948876651305
Station 2,122780.0,6252.714693358203,0.9041729706023061,0.25688878777760427
Station 2,122790.0,6261.889115341426,0.9306834502700239,0.255027815249192
Station 2,122800.0,6271.32779803976,0.9570245677018385,0.2531172502352925
Station 2,122810.0,6281.029031367125,0.9831930491995671,0.2511577813710713
Station 2,122820.0,6290.991073000456,1.0091857204778267,0.24915010614987057
Station 2,122830.0,6301.212149379262,1.0349995072760152,0.2470949302049589
Station 2,122840.0,6311.690456711126,1.0606314358460815,0.24499296659729192
Station 2,122850.0,6322.424161981896,1.0860786333180221,0.24284493511049832
Station 2,122860.0,6333.411403969409,1.1113383279453735,0.2406515615542671
Station 2,122870.0,6344.6502942595425,1.1364078492331,0.23841357707723587
Station 2,122880.0,6356.138918257952,1.1612846279523554,0.2361317174897111
Station 2,122890.0,6367.875336041095,1.1859661961012102,0.23380672257693902
Station 2,122900.0,6379.8575835434385,1.2104501866508748,0.23143933546809423
Station 2,122910.0,6392.083673583772,1.2347343332205656,0.2290303019987841
Station 2,122920.0,6404.551596811571,1.2588164696837691,0.22658037007733134
Station 2,122930.0,6417.259322709537,1.282694529657531,0.224090289073518
Station 2,122940.0,6430.20480059009,1.3063665458964109,0.22156080922261906
Station 2,122950.0,6443.385960584972,1.3298306495947443,0.21899268104531006
Station 2,122960.0,6456.800714626973,1.3530850696010892,0.2163866547839979
Station 2,122970.0,6470.446957423115,1.3761281315484195,0.21374347985600498
Station 2,122980.0,6484.322567418388,1.3989582569041217,0.21106390432403932
Station 2,122990.0,6498.425407749335,1.4215739619435768,0.20834867438427565
Station 2,123000.0,6512.753327186763,1.4439738566512612,0.20559853387234278
Station 2,123010.0,6527.304161066922,1.4661566435532993,0.2028142237874447
Station 2,123020.0,6542.075732210517,1.488121116485381,0.19999648183478844
Station 2,123030.0,6557.065851828954,1.5098661592999563,0.19714604198644722
Station 2,123040.0,6572.272320417284,1.5313907445166242,0.19426363406072963
Station 2,123050.0,6587.692928633307,1.5526939319195452,0.19134998332008119
Station 2,123060.0,6603.325458162396,1.5737748671057545,0.18840581008750565
Station 2,123070.0,6619.167682567556,1.594632779988102,0.1854318293814339
Station 2,123080.0,6635.217368124381,1.6152669832565834,0.18242875056895302
Station 2,123090.0,6651.472274640466,1.6356768708017115,0.17939727703723968
Station 2,123100.0,6667.930156259028,1.6558619161035144,0.17633810588303955
Station 1,126600.0,6647.334240899418,-2.507457451063991,0.17873807393872015
Station 1,126610.0,6622.343762803418,-2.490593536248016,0.1834014409798336
Station 1,126620.0,6597.523265784433,-2.473460942172513,0.18805708383003736
Station 1,126630.0,6572.875445377629,-2.4560579260661437,0.19270438541664917
Station 1,126640.0,6548.403014343526,-2.4383827861485705,0.19734271014050137
Station 1,126650.0,6524.108702245287,-2.4204338643367103,0.20197140358310445
Station 1,126660.0,6499.995254998385,-2.4022095490225954,0.20658979222271756
Station 1,126670.0,6476.065434391859,-2.3837082779219525,0.21119718316043096
Station 1,126680.0,6452.322017580594,-2.364928540992361,0.21579286385740648
Station 1,126690.0,6428.767796547863,-2.3458688834196555,0.22037610188448412
Station 1,126700.0,6405.405577537556,-2.3265279086709825,0.22494614468541219
Station 1,126710.0,6382.238180455422,-2.306904281612675,0.22950221935501308
Station 1,126720.0,6359.268438238722,-2.2869967316908593,0.2340435324336455
Station 1,126730.0,6336.49919619375,-2.2668040561724214,0.23856926971937986
Station 1,126740.0,6313.933311300572,-2.246325123443703,0.24307859609935994
Station 1,126750.0,6291.57365148461,-2.225558876363979,0.24757065540183976
Station 1,126760.0,6269.4230948543245,-2.204504335670486,0.2520445702705161
Station 1,126770.0,6247.484528904814,-2.183160603431452,0.2564994420627
Station 1,126780.0,6225.760849686712,-2.161526866543279,0.26093435077302435
Station 1,126790.0,6204.25496094007,-2.1396024002676706,0.2653483549843731
Station 1,126800.0,6182.969773192869,-2.1173865718041682,0.26974049184775817
Station 1,126810.0,6161.908202823875,-2.094878843893276,0.27410977709291484
Station 1,126820.0,6141.073171089598,-2.0720787784449053,0.2784552050714121
Station 1,126830.0,6120.4676031151575,-2.0489860401866236,0.28277574883409456
Station 1,126840.0,6100.094426848928,-2.025600400325775,0.2870703602446977
Station 1,126850.0,6079.956571980905,-2.0019217402192004,0.29133797013148804
Station 1,126860.0,6060.05696882477,-1.9779500550439444,0.29557748847878856
Station 1,126870.0,6040.398547163739,-1.9536854574619704,0.2997878046602458
Station 1,126880.0,6020.984235060305,-1.92912818127156,0.3039677877156907
Station 1,126890.0,6001.81695763011,-1.9042785850377126,0.3081162866734246
Station 1,126900.0,5982.899635780209,-1.8791371556935497,0.31223213091973995
Station 1,126910.0,5964.235184912118,-1.853704512104371,0.316314130617444
Station 1,126920.0,5945.826513574943,-1.8279814085894792,0.32036107717329604
Station 1,126930.0,5927.676521930532,-1.8019687384209042,0.3243717437398987
Station 1,126940.0,5909.788100564277,-1.7756675371608077,0.3283448858172135
Station 1,126950.0,5892.164129011571,-1.7490789860024614,0.3322792418781236
Station 1,126960.0,5874.8074742483595,-1.7222044150193097,0.33617353405129946
Station 1,126970.0,5857.7209891885495,-1.6950453063091977,0.3400264688669897
Station 1,126980.0,5840.907511150156,-1.6676032970344181,0.34383673806211823
Station 1,126990.0,5824.369860291274,-1.6398801823470213,0.34760301944575306
Station 1,127000.0,5808.110838017127,-1.61187791818868,0.3513239778258535
Station 1,127010.0,5792.133225359479,-1.5835986239542803,0.3549982659980508
Station 1,127020.0,5776.439781329892,-1.5550445850083174,0.3586245257970166
Station 1,127030.0,5761.0332412483485,-1.5262182550431143,0.3622013892108041
Station 1,127040.0,5745.91631504894,-1.4971222582678851,0.36572747955831203
Station 1,127050.0,5731.091685564347,-1.4677593914176663,0.3692014127298157
Station 1,127060.0,5716.562006791029,-1.4381326255712468,0.37262179849025895
Station 1,127070.0,5702.329902137117,-1.4082451077673033,0.3759872418447517
Station 1,127080.0,5688.397962655104,-1.3781001624081513,0.3792963444654474
Station 1,127090.0,5674.768745261512,-1.3477012924407006,0.382547706178709
Station 1,127100.0,5661.444770945982,-1.3170521803045494,0.38573992651113354
Station 1,127110.0,5648.428522971917,-1.2861566886372802,0.38887160629280987
Station 1,127120.0,5635.722445071536,-1.255018860727685,0.3919413493157139
Station 1,127130.0,5623.328939637692,-1.2236429207077815,0.3949477640449787
Station 1,127140.0,5611.250365915252,-1.1920332734751407,0.3978894653803573
Station 1,127150.0,5599.489038194766,-1.160194504337524,0.40076507646490295
Station 1,127160.0,5588.047224011329,-1.1281313783723848,0.4035732305375446
Station 1,127170.0,5576.927142351495,-1.0958488394944965,0.4063125728259123
Station 1,127180.0,5566.130961871296,-1.0633520092255835,0.4089817624754278
Station 1,127190.0,5555.660799128359,-1.0306461851606472,0.41157947451035
Station 1,127200.0,5545.5187168312395,-0.9977368391263989,0.4141044018221482
Station 1,127210.0,5535.706722109094,-0.9646296150280985,0.4165552571802627
Station 1,127220.0,5526.2267648048755,-0.9313303263819642,0.4189307752600114
Station 1,127230.0,5517.080735795222,-0.8978449535312183,0.4212297146821237
Station 1,127240.0,5508.270465340249,-0.8641796405448252,0.42345086005811094
Station 1,127250.0,5499.79772146646,-0.8303406917989458,0.4255930240354441
Station 1,127260.0,5491.664208385956,-0.7963345682421501,0.42765504933628595
Station 1,127270.0,5483.871564955152,-0.762167883346514,0.42963581078332835
Station 1,127280.0,5476.421363173776,-0.7278473987478539,0.43153421730582847
Station 1,127290.0,5469.315106571935,-0.6933800195832573,0.43334921389968545
Station 1,127300.0,5462.554228936968,-0.6587727895014075,0.4350797835913251
Station 1,127310.0,5456.140093012565,-0.6240328854029289,0.4367249493507176
Station 1,127320.0,5450.073989123271,-0.5891676118915017,0.43828377594154094
Station 1,127330.0,5444.35713392871,-0.5541843954385345,0.43975537172666207
Station 1,127340.0,5438.990669237133,-0.5190907782780108,0.4411388904127311
Station 1,127350.0,5433.975660880966,-0.48389441204212363,0.4424335327271142
Station 1,127360.0,5429.313097656875,-0.4486030511492605,0.4436385480205507
Station 1,127370.0,5425.003890332838,-0.41322454595694336,0.44475323578908355
Station 1,127380.0,5421.048870724507,-0.3777668356932441,0.44577694710905647
Station 1,127390.0,5417.448790843039,-0.342237941181135,0.44670908597922365
Station 1,127400.0,5414.204322116414,-0.3066459573710558,0.4475491105643445
Station 1,127410.0,5411.316054686126,-0.27099904569782485,0.4482965343349695
Station 1,127420.0,5408.784496780932,-0.23530542627872464,0.44895092709852363
Station 1,127430.0,5406.610074169199,-0.19957336997028596,0.4495119159172144
Station 1,127440.0,5404.793129691274,-0.16381119030196056,0.4499791859087263
Station 1,127450.0,5403.333922872856,-0.12802723530520965,0.4503524809262247
Station 1,127460.0,5402.232629620621,-0.0922298792573224,0.4506316041145804
Station 1,127470.0,5401.489342000686,-0.05642751435932547,0.45081641834039093
Station 1,127480.0,5401.104068100608,-0.020628542367841396,0.4509068464938485
Station 1,127490.0,5401.076731975274,0.0151586337991092,0.45090287166111054
Station 1,127500.0,5401.407173676902,0.050925618462243194,0.45080453716639923
Station 1,127510.0,5402.095149369134,0.08666403156689106,0.45061194648364167
Station 1,127520.0,5403.14033152502,0.12236551703454523,0.4503252630180649
Station 1,127530.0,5404.542309208488,0.1580217510600691,0.44994470975872514
Station 1,127540.0,5406.300588438678,0.1936244503348361,0.44947056880355135
Station 1,127550.0,5408.414592636346,0.22916538017635246,0.44890318075902774
Station 1,127560.0,5410.883663151358,0.2646363625453223,0.44824294401721076
Station 1,127570.0,5413.707059870044,0.30002928393158257,0.44749031391328503
Station 1,127580.0,5416.883961901078,0.33533610309087725,0.4466458017673881
Station 1,127590.0,5420.413468338328,0.37054885861507425,0.44570997381489
Station 1,127600.0,5424.294599098932,0.40565967631910893,0.4446834500297769
Station 1,127610.0,5428.526295834743,0.44066077642872137,0.4435669028461949
Station 1,127620.0,5433.107422915081,0.4755444805538178,0.44236105578357277
Station 1,127630.0,5438.036768478596,0.5103032184332215,0.44106668198110205
Station 1,127640.0,5443.31304555193,0.5449295344374494,0.43968460264762604
Station 1,127650.0,5448.934893166693,0.5794160938319945,0.438215685424562
Station 1,127660.0,5454.90087750028,0.6137556887960645,0.43666084267181643
Station 1,127670.0,5461.2094934259985,0.6479412440787369,0.43502102973485
Station 1,127680.0,5467.859165750161,0.681965822442488,0.4332972431050929
Station 1,127690.0,5474.848250612356,0.7158226297991968,0.4314905185432759
Station 1,127700.0,5482.175036943626,0.7495050200443978,0.4296019291593079
Station 1,127710.0,5489.837747971053,0.7830064995855031,0.427632583454529
Station 1,127720.0,5497.834542765669,0.8163207315591225,0.42558362333323285
Station 1,127730.0,5506.163517830592,0.8494415397337489,0.4234562220902926
Station 1,127740.0,5514.822708726308,0.8823629120951213,0.4212515823815963
Station 1,127750.0,5523.810091729872,0.9150790041126213,0.4189709341838613
Station 1,127760.0,5533.1235855249415,0.9475841416861033,0.4166155327502137
Station 1,127770.0,5542.76105291944,0.9798728237736003,0.41418665656772313
Station 1,127780.0,5552.720302587722,1.0119397247012636,0.41168560532284915
Station 1,127790.0,5562.999090834117,1.043779696157803,0.40911369788047797
Station 1,127800.0,5573.595123374682,1.075387768876872,0.40647227028202776
Station 1,127810.0,5584.506057134221,1.106759154011201,0.4037626737677042
Station 1,127820.0,5595.729502055432,1.1378892442035997,0.4009862728277835
Station 1,127830.0,5607.263022917289,1.1687736143604273,0.3981444432874226
Station 1,127840.0,5619.104141159713,1.199408022133959,0.39523857042920696
Station 1,127850.0,5631.250336711719,1.229788408120693,0.39227004715729236
Station 1,127860.0,5643.699049820233,1.259910895783313,0.389240272206683
Station 1,127870.0,5656.447682876947,1.2897717911045405,0.3861506484008447
Station 1,127880.0,5669.493602240549,1.3193675819816642,0.38300258096052325
Station 1,127890.0,5682.834140051867,1.3486949373709483,0.3797974758663068
Station 1,127900.0,5696.466596039456,1.3777507061915528,0.3765367382771478
Station 1,127910.0,5710.388239313355,1.4065319159989496,0.37322177100674647
Station 1,127920.0,5724.596310144739,1.4350357714380875,0.3698539730593813
Station 1,127930.0,5739.088021729375,1.4632596524868513,0.36643473822648376
Station 1,127940.0,5753.860561932873,1.4912011125005071,0.3629654537449632
Station 1,127950.0,5768.911095015787,1.5188578760679978,0.3594474990180053
Station 1,127960.0,5784.236763336787,1.546227836691065,0.35588224439881977
Station 1,127970.0,5799.8346890322155,1.5733090542971875,0.35227105003755377
Station 1,127980.0,5815.701975670428,1.6000997525973901,0.3486152647913594
Station 1,127990.0,5831.835709879415,1.6265983162998827,0.34491622519737736
Station 1,128000.0,5848.232962946409,1.6528032881904915,0.34117525450820557
Station 1,128010.0,5864.890792388,1.6787133660907414,0.33739366178920416
Station 1,128020.0,5881.806243347932,1.704327399767972,0.3335727410574627
Station 1,128030.0,5898.976350180608,1.7296443876625285,0.3297137705094668
Station 1,128040.0,5916.398138040395,1.754663473487358,0.32581801181432757
Station 1,128050.0,5934.068624222732,1.7793839428450453,0.3218867094352624
Station 1,128060.0,5951.984819568391,1.8038052197368057,0.31792109002029534
Station 1,128070.0,5970.143729832053,1.8279268630107737,0.3139223618477354
Station 1,128080.0,5988.542357014632,1.8517485627589498,0.30989171432488827
Station 1,128090.0,6007.177700658924,1.8752701366718363,0.305830317538381
Station 1,128100.0,6026.046759108267,1.8984915263595048,0.30173932185441615
Station 1,128110.0,6045.146530727932,1.9214127936474248,0.2976198575672184
Station 1,128120.0,6064.474015089065,1.9440341168551525,0.29347303459389346
Station 1,128130.0,6084.026214115127,1.9663557870654251,0.289299942213883
Station 1,128140.0,6103.800133190746,1.9883782043912002,0.28510164885119954
Station 1,128150.0,6123.792782233089,2.0101018742473022,0.2808792018975702
Station 1,128160.0,6144.001176725872,2.0315274036334587,0.27663362757465737
Station 1,128170.0,6164.422338716129,2.0526554974348596,0.2723659308334978
Station 1,128180.0,6185.0532977740795,2.073486954746085,0.2680770952893254
Station 1,128190.0,6205.89109191629,2.0940226652238856,0.26376808318994927
Station 1,128200.0,6226.932768492556,2.1142636054739374,0.259439835415889
Station 1,128210.0,6248.1753850368905,2.1342108354763285,0.25509327151049344
Station 1,128220.0,6269.616010083013,2.153865495054184,0.2507292897382915
Station 1,128230.0,6291.251723944901,2.173228800389525,0.24634876716988097
Station 1,128240.0,6313.079619462872,2.1923020405900697,0.24195255979167116
Station 1,128250.0,6335.0968027157805,2.211086574310422,0.23754150263886442
Station 1,128260.0,6357.300393699917,2.2295838264307113,0.2331164099500906
Station 1,128270.0,6379.687526975202,2.24779528479552,0.22867807534215734
Station 1,128280.0,6402.255352279381,2.2657224970155494,0.22422727200343756
Station 1,128290.0,6425.00103511082,2.283367067334278,0.21976475290445235
Station 1,128300.0,6447.921757280614,2.3007306535615326,0.21529125102426913
Station 1,128310.0,6471.014717434719,2.317814964075663,0.2108074795913826
Station 1,128320.0,6494.277131546832,2.3346217548957346,0.20631413233780146
Station 1,128330.0,6517.7062333826825,2.3511528268249657,0.201811883765112
Station 1,128340.0,6541.299274936594,2.367410022666332,0.19730138942135078
Station 1,128350.0,6565.0535268409085,2.383395224511139,0.19278328618756124
Station 1,128360.0,6588.96627874917,2.3991103511010654,0.1882581925729712
Station 1,128370.0,6613.034839693703,2.414557355264071,0.18372670901777502
Station 1,128380.0,6637.256538418423,2.429738221424332,0.17918941820255127
Station 1,128390.0,6661.628723586545,2.444654963242011,0.1746468853499711
Station 3,129930.0,6647.824746849727,-3.5969177824233105,0.17706634621854078
Station 3,129940.0,6611.877741396878,-3.5924513158039613,0.18378866270475114
Station 3,129950.0,6575.976365920753,-3.5877912317750953,0.19055309367536463
Station 3,129960.0,6540.122573343055,-3.5829341677356608,0.19736027351678664
Station 3,129970.0,6504.3183505842,-3.5778766865511953,0.20421084656044464
Station 3,129980.0,6468.565719316594,-3.5726152750418705,0.21110546717487705
Station 3,129990.0,6432.86673673285,-3.5671463424617995,0.2180447998532057
Station 3,130000.0,6397.223496329053,-3.5614662189715753,0.22502951929551487
Station 3,130010.0,6361.638128703159,-3.5555711541062394,0.2320603104856399
Station 3,130020.0,6326.112802368588,-3.549457315240966,0.23913786876183468
Station 3,130030.0,6290.6497245830315,-3.5431207860571403,0.2462628998807488
Station 3,130040.0,6255.251142192523,-3.536557565011617,0.25343612007411864
Station 3,130050.0,6219.919342490712,-3.5297635638122777,0.26065825609753007
Station 3,130060.0,6184.656654093335,-3.5227346059032456,0.2679300452705757
Station 3,130070.0,6149.4654478277735,-3.515466424963434,0.27525223550769323
Station 3,130080.0,6114.3481376375885,-3.507954663422386,0.2826255853389194
Station 3,130090.0,6079.307181501896,-3.5001948709977344,0.29005086391975404
Station 3,130100.0,6044.3450823693365,-3.492182503258912,0.2975288510292837
Station 3,130110.0,6009.464389106455,-3.4839129202221697,0.3050603370556603
Station 3,130120.0,5974.667697460122,-3.475381384982284,0.31264612296798117
Station 3,130130.0,5939.957651033698,-3.466583062386838,0.3202870202735623
Station 3,130140.0,5905.336942276507,-3.457513017759315,0.32798385095954463
Station 3,130150.0,5870.808313486127,-3.448166215677764,0.33573744741770273
Station 3,130160.0,5836.374557822995,-3.43853751881626,0.3435486523512819
Station 3,130170.0,5802.038520336645,-3.4286216868569075,0.35141831866261075
Station 3,130180.0,5767.80309900295,-3.4184133754806623,0.35934730932017656
Station 3,130190.0,5733.671245771535,-3.407907135445829,0.3673364972037859
Station 3,130200.0,5699.645967622481,-3.397097411763674,0.37538676492635703
Station 3,130210.0,5665.73032763148,-3.385978542981239,0.3834990046307999
Station 3,130220.0,5631.92744604206,-3.3745447605820043,0.3916741177604345
Station 3,130230.0,5598.240501344103,-3.3627901885159015,0.3999130148011937
Station 3,130240.0,5564.6727313264755,-3.3507088428855996,0.40821661499063955
Station 3,130250.0,5531.227433983703,-3.338294631853461,0.41658584598047316
Station 3,130260.0,5497.9079688654065,-3.325541355501284,0.42502164351236527
Station 3,130270.0,5464.717758080962,-3.312442706052364,0.43352495101902266
Station 3,130280.0,5431.660287349679,-3.298992268259046,0.44209671919409493
Station 3,130290.0,5398.739107074726,-3.285183519988953,0.45073790552519616
Station 3,130300.0,5365.9578334097405,-3.2710098330415573,0.45944947378453016
Station 3,130310.0,5333.320149315726,-3.2564644742126436,0.4682323934747537
Station 3,130320.0,5300.829805605699,-3.2415406066252035,0.47708763922759584
Station 3,130330.0,5268.490621974339,-3.226231291346081,0.48601619015267383
Station 3,130340.0,5236.30648800969,-3.21052948930867,0.4950190291338272
Station 3,130350.0,5204.281364183791,-3.1944280635627935,0.5040971420702047
Station 3,130360.0,5172.419282818869,-3.177919781873799,0.5132515170592333
Station 3,130370.0,5140.72434902549,-3.1609973196938492,0.5224831435184861
Station 3,130380.0,5109.200741608908,-3.1436532635291545,0.5317930112433777
Station 3,130390.0,5077.852713939501,-3.1258801147278295,0.5411821093975003
Station 3,130400.0,5046.684594783032,-3.1076702937138205,0.5506514254323082
Station 3,130410.0,5015.700789086151,-3.0890161446931543,0.5602019439327586
Station 3,130420.0,4984.905778712347,-3.069909940859461,0.5698346453854046
Station 3,130430.0,4954.304123123199,-3.050343890126409,0.5795505048653337
Station 3,130440.0,4923.90045999963,-3.030310141415259,0.5893504906382223
Station 3,130450.0,4893.69950579743,-3.009800791526254,0.5992355626736924
Station 3,130460.0,4863.706056231175,-2.988807892622953,0.6092066710660142
Station 3,130470.0,4833.924986680251,-2.9673234603588976,0.6192647543581027
Station 3,130480.0,4804.3612525105,-2.945339482676133,0.6294107377646266
Station 3,130490.0,4775.019889304629,-2.9228479293050955,0.6396455312899313
Station 3,130500.0,4745.906012994308,-2.899840761995171,0.6499700277363266
Station 3,130510.0,4717.024819886511,-2.8763099455048633,0.6603851005981669
Station 3,130520.0,4688.381586576444,-2.852247459379893,0.6708916018369765
Station 3,130530.0,4659.981669739069,-2.827645310546671,0.6814903595327064
Station 3,130540.0,4631.830505790987,-2.8024955467475325,0.6921821754060168
Station 3,130550.0,4603.933610414268,-2.7767902708426995,0.7029678222062062
Station 3,130560.0,4576.296577933273,-2.7505216560020638,0.713848040959268
Station 3,130570.0,4548.925080535813,-2.7236819618081443,0.724823538070054
Station 3,130580.0,4521.824867329266,-2.6962635512888182,0.7358949822723414
Station 3,130590.0,4495.001763222398,-2.6682589088957243,0.7470630014200627
Station 3,130600.0,4468.461667617377,-2.639660659443769,0.7583281791118739
Station 3,130610.0,4442.210552721556,-2.610461588095443,0.7696910511253033
Station 3,130620.0,4416.254462032565,-2.58065466114041,0.7811521017051725
Station 3,130630.0,4390.599508448502,-2.5502330478412842,0.7927117596407794
Station 3,130640.0,4365.251872058356,-2.5191901432793085,0.8043703941329522
Station 3,130650.0,4340.217797768033,-2.487519592122761,0.8161283104530659
Station 3,130660.0,4315.503592683641,-2.4552153133344583,0.827985745373336
Station 3,130670.0,4291.115623242737,-2.4222715257944976,0.8399428623525731
Station 3,130680.0,4267.060312084568,-2.3886827748070036,0.8519997464591103
Station 3,130690.0,4243.344134650676,-2.35444395945184,0.8641563990095539
Station 3,130700.0,4219.973615507645,-2.319550360733796,0.8764127318983046
Station 3,130710.0,4196.955324384341,-2.2839976704729015,0.8887685615882419
Station 3,130720.0,4174.29587191657,-2.247782020870139,0.9012236027274522
Station 3,130730.0,4152.001905092784,-2.2109000146729336,0.913777461350098
Station 3,130740.0,4130.080102395311,-2.1733487558546676,0.9264296276112743
Station 3,130750.0,4108.537168632463,-2.1351258807117586,0.9391794679955676
Station 3,130760.0,4087.3798294579005,-2.096229589271151,0.9520262169266255
Station 3,130770.0,4066.61482557478,-2.056658676889898,0.9649689676898116
Station 3,130780.0,4046.2489066234402,-2.0164125659174323,0.978006662561285
Station 3,130790.0,4026.288824752721,-1.9754913372800251,0.9911380820136974
Station 3,130800.0,4006.741327876498,-1.9338957618358563,1.0043618328401527
Station 3,130810.0,3987.6131526185563,-1.8916273313384528,1.0176763350025955
Station 3,130820.0,3968.9110169506466,-1.8486882888358682,1.0310798069666998
Station 3,130830.0,3950.641612530276,-1.805081658323187,1.0445702492302669
Station 3,130840.0,3932.811596746736,-1.7608112734568977,1.0581454256830654
Station 3,130850.0,3915.427584485759,-1.7158818051314668,1.0718028423491754
Station 3,130860.0,3898.4961396252766,-1.670298787711328,1.0855397229529193
Station 3,130870.0,3882.023766276814,-1.6240686437056635,1.0993529806097853
Station 3,130880.0,3866.01689978924,-1.5771987066688586,1.113239184765226
Station 3,130890.0,3850.481897533737,-1.5296972421066877,1.1271945222749262
Station 3,130900.0,3835.4250294911435,-1.4815734661674096,1.1412147512237814
Station 3,130910.0,3820.8524686648334,-1.4328375618973086,1.1552951456958234
Station 3,130920.0,3806.7702813447945,-1.3835006928440907,1.1694304292031328
Station 3,130930.0,3793.184417250403,-1.3335750137959315,1.1836146938185237
Station 3,130940.0,3780.100699581646,-1.2830736784521104,1.1978413011769173
Station 3,130950.0,3767.5248150105044,-1.23201084383096,1.2121027603362098
Station 3,130960.0,3755.4623036459247,-1.1804016712335939,1.226390575910252
Station 3,130970.0,3743.9185488444673,-1.1282623236129448,1.2406950577457256
Station 3,130980.0,3732.8987673056436,-1.0756099591309303,1.25500508052811
Station 3,130990.0,3722.4079993116097,-1.0224627208514931,1.269307777682924
Station 3,131000.0,3712.4510988385878,-0.9688397224622854,1.283588148454573
Station 3,131010.0,3703.0327239418857,-0.9147610298975661,1.2978285494637782
Station 3,131020.0,3694.157327344856,-0.8602476388291951,1.3120080314941194
Station 3,131030.0,3685.8291472732876,-0.805321447999714,1.3261014676903788
Station 3,131040.0,3678.052198576855,-0.7500052284019526,1.3400783993335732
Station 3,131050.0,3670.8302641790074,-0.6943225883413062,1.3539014983224515
Station 3,131060.0,3664.166886896194,-0.6382979344495547,1.3675245102209128
Station 3,131070.0,3658.065361666457,-0.5819564287524068,1.3808894988734157
Station 3,131080.0,3652.528728226248,-0.525323941926529,1.393923169478889
Station 3,131090.0,3647.55976427277,-0.46842700291509015,1.4065320225110056
Station 3,131100.0,3643.160979147338,-0.4112927451035706,1.4185961401806446
Station 3,131110.0,3639.334608073048,-0.35394884928916204,1.4299616530717651
Station 3,131120.0,3636.0826069775608,-0.29642348370711846,1.4404326194610102
Station 3,131130.0,3633.4066479290464,-0.23874524140552666,1.4497645565794137
Station 3,131140.0,3631.308115210288,-0.18094307528563347,1.4576645198165765
Station 3,131150.0,3629.788102052641,-0.12304623114783597,1.4638058678667485
Station 3,131160.0,3628.8474080480623,-0.06508417910323228,1.4678665175673131
Station 3,131170.0,3628.48653725372,-0.007086543727023997,1.4695913523892394
Station 3,131180.0,3628.705696999885,0.05091696665721357,1.4688599814912757
Station 3,131190.0,3629.5047974078457,0.1088966311645917,1.465724478575008
Station 3,131200.0,3630.883451620599,0.1668227876046361,1.4603926097817417
Station 3,131210.0,3632.840976745034,0.22466590340238646,1.4531678030409307
Station 3,131220.0,3635.3763955002723,0.28239664578492774,1.444381010090292
Station 3,131230.0,3638.4884385629343,0.3399859508409523,1.4343418252328033
Station 3,131240.0,3642.1755475961145,0.3974050910721211,1.4233150548193634
Station 3,131250.0,3646.435878945263,0.4546257410707967,1.4115158091329156
Station 3,131260.0,3651.2673079804226,0.5116200409763445,1.3991140910293658
Station 3,131270.0,3656.667434061055,0.5683606573851974,1.386242639915929
Station 3,131280.0,3662.6335860964655,0.624820841413961,1.3730048547243683
Station 3,131290.0,3669.162828671998,0.6809744836424704,1.3594815751377212
Station 3,131300.0,3676.251968708568,0.7367961656930004,1.345736467132178
Station 3,131310.0,3683.8975626208316,0.792261208233032,1.3318201454389673
Station 3,131320.0,3692.0959239372864,0.8473457152212615,1.3177732743444608
Station 3,131330.0,3700.843131291476,0.9020266142746955,1.3036288843013115
Station 3,131340.0,3710.135036680902,0.9562816930918734,1.2894141018349239
Station 3,131350.0,3719.9672745445005,1.0100896315479528,1.2751514456010022
Station 3,131360.0,3730.335270710043,1.0634300298267751,1.2608598027143167
Station 3,131370.0,3741.2342517032107,1.11628343236311,1.2465551692673353
Station 3,131380.0,3752.6592542951585,1.1686313476328243,1.232251216242512
Station 3,131390.0,3764.605135226941,1.2204562638448826,1.2179597254223637
Station 3,131400.0,3777.066581070172,1.2717416606080403,1.2036909278793184
Station 3,131410.0,3790.038118184189,1.3224720166704802,1.1894537689506839
Station 3,131420.0,3803.514122731077,1.3726328138540065,1.1752561173385816
Station 3,131430.0,3817.488830711249,1.422210537325288,1.1611049314357271
Station 3,131440.0,3831.956347983771,1.4711926723651292,1.1470063926736829
Station 3,131450.0,3846.9106602373463,1.5195676978126464,1.132966013270744
Station 3,131460.0,3862.3456428796785,1.567325076374635,1.1189887239735088
Station 3,131470.0,3878.2550708149256,1.6144552420012654,1.1050789460632524
Station 3,131480.0,3894.6326280809835,1.6609495845376376,1.091240650909835
Station 3,131490.0,3911.471917320476,1.7068004318667347,1.0774774096124384
Station 3,131500.0,3928.7664690615134,1.7520010297629809,1.0637924347033567
Station 3,131510.0,3946.509750786465,1.7965455196773081,1.0501886154618
Station 3,131520.0,3964.6951757691977,1.8404289146740036,1.0366685480553426
Station 3,131530.0,3983.3161116634565,1.8836470737375737,1.023234561472329
Station 3,131540.0,4002.3658888271702,1.926196674663701,1.009888740011128
Station 3,131550.0,4021.837808369634,1.968075185743135,0.9966329429378596
Station 3,131560.0,4041.7251499105323,2.0092808364404964,0.9834688218031564
Station 3,131570.0,4062.0211790417766,2.0498125872622124,0.9703978358129514
Station 3,131580.0,4082.719154485012,2.0896700989989703,0.957421265572514
Station 3,131590.0,4103.812334939396,2.1288537015184246,0.9445402254626798
Station 3,131600.0,4125.293985616178,2.16736436227407,0.9317556748588304
Station 3,131610.0,4147.1573844578315,2.2052036546849414,0.9190684283646873
Station 3,131620.0,4169.39582804135,2.242373726530567,0.9064791652015948
Station 3,131630.0,4192.002637166518,2.2788772684940093,0.893988437868887
Station 3,131640.0,4214.971162131237,2.314717482974987,0.8815966801705106
Station 3,131650.0,4238.294787697229,2.3498980532837797,0.8693042146864937
Station 3,131660.0,4261.96693775042,2.384423113315903,0.8571112597543822
Station 3,131670.0,4285.981079661275,2.4182972177967077,0.8450179360147622
Station 3,131680.0,4310.33072835121,2.45152531317485,0.8330242725660175
Station 3,131690.0,4335.009450046818,2.4841127092541266,0.8211302127627557
Station 3,131700.0,4360.010865609688,2.5160650517315517,0.8093356196718164
Station 3,131710.0,4385.328654017051,2.5473882952159963,0.7976402812906949
Station 3,131720.0,4410.956555250711,2.5780886773667464,0.7860439154537773
Station 3,131730.0,4436.888372972829,2.6081726939145176,0.7745461744899005
Station 3,131740.0,4463.117976988148,2.637647074587278,0.7631466496488296
Station 3,131750.0,4489.639305469691,2.6665187599855593,0.7518448753071247
Station 3,131760.0,4516.446366957503,2.694794879420245,0.7406403329661615
Station 3,131770.0,4543.533242140208,2.722482729719833,0.7295324550535859
Station 3,131780.0,4570.894085429091,2.749589755008957,0.7185206285382361
Station 3,131790.0,4598.52312633447,2.7761235274549803,0.7076041983675725
Station 3,131800.0,4626.414670654056,2.8020917289752285,0.6967824707358078
Station 3,131810.0,4654.563101482891,2.827502133893517,0.6860547161902554
Station 3,131820.0,4682.962880054341,2.8523625925312244,0.6754201725828377
Station 3,131830.0,4711.608546421438,2.876681015715185,0.6648780478732276
Station 3,131840.0,4740.494719987689,2.9004653601821095,0.6544275227897033
Station 3,131850.0,4769.616099896241,2.9237236148569905,0.644067753353466
Station 3,131860.0,4798.967465286072,2.9464637879811857,0.6337978732718774
Station 3,131870.0,4828.543675423608,2.968693895064271,0.6236169962058528
Station 3,131880.0,4858.339669717906,2.990421947632579,0.6135242179164173
Station 3,131890.0,4888.350467627267,3.0116559427463887,0.6035186182952559
Station 3,131900.0,4918.571168464859,3.032403853257035,0.5935992632839238
Station 3,131910.0,4948.996951110633,3.0526736187747083,0.5837652066862313
Station 3,131920.0,4979.623073636522,3.072473137317539,0.5740154918781737
Station 3,131930.0,5010.444872851574,3.091810257612323,0.5643491534196768
Station 3,131940.0,5041.457763773564,3.1106927720176,0.5547652185722208
Station 3,131950.0,5072.657239032967,3.1291284100396544,0.5452627087264259
Station 3,131960.0,5104.038868215254,3.1471248324126924,0.5358406407434336
Station 3,131970.0,5135.598297147003,3.1646896257147565,0.5264980282138768
Station 3,131980.0,5167.331247131015,3.181830297491493,0.5172338826381108
Station 3,131990.0,5199.23351413545,3.198554271860581,0.508047214531252
Station 3,132000.0,5231.3009679416355,3.2148688855702874,0.4989370344564896
Station 3,132010.0,5263.529551254983,3.230781384486387,0.48990235398999565
Station 3,132020.0,5295.915278783186,3.246298920482524,0.4809421866206826
Station 3,132030.0,5328.45423628561,3.261428548709843,0.4720555485879344
Station 3,132040.0,5361.142579597581,3.2761772252226726,0.4632414596603365
Station 3,132050.0,5393.976533624911,3.2905518049448603,0.4544989438571058
Station 3,132060.0,5426.9523911696115,3.304559040083756,0.445827030092533
Station 3,132070.0,5460.066512082422,3.318205578543618,0.4372247528208865
Station 3,132080.0,5493.3153222069195,3.3314979627632666,0.4286911526069048
Station 3,132090.0,5526.6953122728655,3.3444426288515845,0.42022527664295917
Station 3,132100.0,5560.203036831985,3.3570459059168063,0.4118261792304294
Station 3,132110.0,5593.835113187652,3.369314015614724,0.4034929222202525
Station 3,132120.0,5627.588220320581,3.3812530718996494,0.3952245754148699
Station 3,132130.0,5661.459097812583,3.3928690809627082,0.38702021693369965
Station 3,132140.0,5695.4445447701955,3.404167941342904,0.3788789335441842
Station 3,132150.0,5729.541418749898,3.4151554441971435,0.3707998209603623
Station 3,132160.0,5763.746634686487,3.4258372737161817,0.36278198411084245
Station 3,132170.0,5798.057163826047,3.4362190076741443,0.3548245373779614
Station 3,132180.0,5832.470032664849,3.4463061181000465,0.3469266048098346
Station 3,132190.0,5866.982321895346,3.4561039720603453,0.33908732030693434
Station 3,132200.0,5901.5911653604335,3.465617832542256,0.3313058277847383
Station 3,132210.0,5936.293749016876,3.4748528594281565,0.3235812813139386
Station 3,132220.0,5971.087309908899,3.4838141105520277,0.31591284523961605
Station 3,132230.0,6005.969135152703,3.492506542829444,0.30829969428071663
Station 3,132240.0,6040.936560932626,3.5009350134531374,0.3007410136111136
Station 3,132250.0,6075.986971509655,3.509104281146737,0.2932359989234563
Station 3,132260.0,6111.117798242789,3.5170190074697483,0.2857838564769628
Station 3,132270.0,6146.326518623876,3.5246837581672597,0.2783838031302401
Station 3,132280.0,6181.610655326163,3.532103004558425,0.2710350663601867
Station 3,132290.0,6216.967775267289,3.539281124958078,0.26373688426790615
Station 3,132300.0,6252.395488686661,3.5462224061262746,0.2564885055726304
Station 3,132310.0,6287.891448237753,3.5529310447409688,0.24928918959447668
Station 3,132320.0,6323.453348095488,3.5594111488893323,0.2421382062268886
Station 3,132330.0,6359.078923078858,3.56566673957359,0.23503483589954782
Station 3,132340.0,6394.765947788967,3.571701752227577,0.22797836953249107
Station 3,132350.0,6430.512235762597,3.57752003824046,0.22096810848213733
Station 3,132360.0,6466.315638641332,3.58312536648444,0.2140033644798825
Station 3,132370.0,6502.1740453563525,3.588521424843423,0.2070834595638849
Station 3,132380.0,6538.085381328819,3.593711821739935,0.20020772600463124
Station 3,132390.0,6574.047607685917,3.5987000876578317,0.19337550622482585
Station 3,132400.0,6610.058720492443,3.6034896766584623,0.1865861527141355
Station 3,132410.0,6646.1167499979165,3.608083967888265,0.17983902793926757
Station 3,140850.0,6634.011026750048,-3.3892391067964085,0.18035794652139586
Station 3,140860.0,6600.159365299897,-3.381053317519128,0.18671607069112828
Station 3,140870.0,6566.390763517722,-3.372626566035038,0.1931039405138105
Station 3,140880.0,6532.707649654387,-3.3639551024446313,0.19952176790209308
Station 3,140890.0,6499.112489845795,-3.3550351154975226,0.20596975905058992
Station 3,140900.0,6465.60778864166,-3.3458627323887686,0.21244811391031396
Station 3,140910.0,6432.196089624044,-3.3364340185757637,0.21895702564436284
Station 3,140920.0,6398.879976027149,-3.326744977661053,0.22549668005388931
Station 3,140930.0,6365.662071357451,-3.3167915513460584,0.23206725497302155
Station 3,140940.0,6332.545040013806,-3.30656961946104,0.2386689196312292
Station 3,140950.0,6299.531587906493,-3.29607500007682,0.245301833981686
Station 3,140960.0,6266.624463074457,-3.2853034497041027,0.2519661479940654
Station 3,140970.0,6233.826456299863,-3.2742506635864546,0.25866200091015595
Station 3,140980.0,6201.140401719025,-3.26291227609336,0.2653895204606355
Station 3,140990.0,6168.569177428674,-3.2512838612199775,0.2721488220412668
Station 3,141000.0,6136.11570608651,-3.239360933200585,0.27894000784673345
Station 3,141010.0,6103.782955504879,-3.2271389472429353,0.28576316596026347
Station 3,141020.0,6071.573939236373,-3.2146133003910826,0.29261836939712915
Station 3,141030.0,6039.491717150039,-3.2017793325245516,0.2995056751000479
Station 3,141040.0,6007.539395996842,-3.18863232750196,0.30642512288445783
Station 3,141050.0,5975.720129962913,-3.175167514457583,0.31337673433156704
Station 3,141060.0,5944.037121209061,-3.1613800692596072,0.3203605116270246
Station 3,141070.0,5912.4936203949055,-3.147265116139111,0.3273764363430037
Station 3,141080.0,5881.092927185928,-3.1328177294991164,0.33442446816142796
Station 3,141090.0,5849.83839074161,-3.1180329359133454,0.34150454353601767
Station 3,141100.0,5818.733410182785,-3.1029057163245612,0.3486165742907835
Station 3,141110.0,5787.7814350361605,-3.087431008452654,0.35576044615254804
Station 3,141120.0,5756.985965653934,-3.0716037094228845,0.36293601721503027
Station 3,141130.0,5726.35055360627,-3.0554186786248874,0.3701431163319939
Station 3,141140.0,5695.878802044329,-3.038870740813308,0.3773815414369233
Station 3,141150.0,5665.574366031422,-3.0219546894610523,0.3846510577866718
Station 3,141160.0,5635.440952839753,-3.004665290376345,0.3919513961265084
Station 3,141170.0,5605.482322210095,-2.986997285594888,0.3992822507739802
Station 3,141180.0,5575.702286571656,-2.9689453975584827,0.4066432776190173
Station 3,141190.0,5546.10471121923,-2.950504333591557,0.4140340920377206
Station 3,141200.0,5516.693514444677,-2.9316687906870054,0.42145426671730085
Station 3,141210.0,5487.472667619609,-2.9124334606127094,0.42890332938969705
Station 3,141220.0,5458.446195226066,-2.892793035350034,0.4363807604714475
Station 3,141230.0,5429.618174767278,-2.8727422129021623,0.44388599060040956
Station 3,141240.0,5400.992736564484,-2.8522757034695663,0.451418398069556
Station 3,141250.0,5372.574063865142,-2.8313882358403806,0.4589773062005187
Station 3,141260.0,5344.3663925095125,-2.810074564319775,0.46656198057234005
Station 3,141270.0,5316.374010631986,-2.7883294759910546,0.4741716261591107
Station 3,141280.0,5288.601258297336,-2.766147798365806,0.48180538436310305
Station 3,141290.0,5261.052527058075,-2.743524407435561,0.48946232994117805
Station 3,141300.0,5233.7322594289435,-2.720454236132555,0.497141467823564
Station 3,141310.0,5206.644948274438,-2.6969322832061318,0.504841729824523
Station 3,141320.0,5179.795136105188,-2.6729536225204065,0.5125619712448316
Station 3,141330.0,5153.187414278978,-2.6485134127775773,0.5203009673665051
Station 3,141340.0,5126.826422102161,-2.6236069076700876,0.5280574098407382
Station 3,141350.0,5100.716845827193,-2.598229466463291,0.5358299029706856
Station 3,141360.0,5074.8634175420075,-2.5723765650088533,0.5436169598914008
Station 3,141370.0,5049.270913946954,-2.5460438071872846,0.551416998650077
Station 3,141380.0,5023.944155015057,-2.519226936776227,0.5592283381906148
Station 3,141390.0,4998.888002531388,-2.4919218497390103,0.5670491942475793
Station 3,141400.0,4974.107358507443,-2.464124606925907,0.5748776751557109
Station 3,141410.0,4949.607163466435,-2.435831447178083,0.5827117775824288
Station 3,141420.0,4925.392394595626,-2.4070388008218004,0.5905493821921539
Station 3,141430.0,4901.468063761855,-2.3777433035377538,0.598388249252813
Station 3,141440.0,4877.8392153866835,-2.347941810587582,0.6062260141966023
Station 3,141450.0,4854.510924177683,-2.317631411376672,0.6140601831489515
Station 3,141460.0,4831.488292712711,-2.286809444329229,0.6218881284416845
Station 3,141470.0,4808.776448874171,-2.2554735120483467,0.6297070841286398
Station 3,141480.0,4786.380543130658,-2.223621496730451,0.6375141415244361
Station 3,141490.0,4764.305745663613,-2.191251575799983,0.645306244789776
Station 3,141500.0,4742.557243337029,-2.1583622377266245,0.653080186589537
Station 3,141510.0,4721.140236508639,-2.1249522979837137,0.6608326038530349
Station 3,141520.0,4700.059935681432,-2.091020915102737,0.6685599736691926
Station 3,141530.0,4679.321557994816,-2.056567606775128,0.6762586093529275
Station 3,141540.0,4658.930323555272,-2.0215922659486987,0.6839246567228894
Station 3,141550.0,4638.891451606861,-1.9860951768624413,0.6915540906347093
Station 3,141560.0,4619.210156542555,-1.9500770309596813,0.6991427118181613
Station 3,141570.0,4599.891643757947,-1.9135389426159464,0.7066861440710693
Station 3,141580.0,4580.941105349582,-1.8764824646145009,0.7141798318673631
Station 3,141590.0,4562.363715624489,-1.8389096033089536,0.7216190384375928
Station 3,141600.0,4544.164626325072,-1.8008228334149448,0.7289988443795481
Station 3,141610.0,4526.348962149893,-1.7622251122114974,0.736314146929101
Station 3,141620.0,4508.9218157705045,-1.7231198933059444,0.7435596598822393
Station 3,141630.0,4491.888242779853,-1.683511139736112,0.75072991429674
Station 3,141640.0,4475.253256537606,-1.6434033363488676,0.7578192600528391
Station 3,141650.0,4459.021822895285,-1.602801501378254,0.7648218683586889
Station 3,141660.0,4443.198854809584,-1.5617111971378717,0.7717317352922266
Station 3,141670.0,4427.7892068532465,-1.520138539741673,0.7785426864733697
Station 3,141680.0,4412.797669633616,-1.4780902077676896,0.7852483829617419
Station 3,141690.0,4398.228964129912,-1.4355734497798722,0.7918423284752512
Station 3,141700.0,4384.087735961064,-1.3925960906247732,0.7983178780234608
Station 3,141710.0,4370.378549596834,-1.3491665364218766,0.804668248046636
Station 3,141720.0,4357.1058825256805,-1.3052937781692644,0.8108865281463086
Station 3,141730.0,4344.27411939363,-1.2609873938898457,0.8169656944859391
Station 3,141740.0,4331.887546129146,-1.2162575492477194,0.8228986249304812
Station 3,141750.0,4319.950344069677,-1.1711149965692553,0.82867811598119
Station 3,141760.0,4308.466584106125,-1.1255710722094117,0.8342969015465738
Station 3,141770.0,4297.440220862162,-1.079637692210201,0.839747673571909
Station 3,141780.0,4286.875086925682,-1.0333273462056654,0.8450231045280312
Station 3,141790.0,4276.774887150213,-0.9866530895355686,0.8501158717352493
Station 3,141800.0,4267.143193044351,-0.9396285335387352,0.8550186834702482
Station 3,141810.0,4257.983437267613,-0.892267834006121,0.8597243067729702
Station 3,141820.0,4249.298908251159,-0.8445856777835946,0.8642255968370429
Station 3,141830.0,4241.092744961993,-0.7965972675245663,0.8685155278318445
Station 3,141840.0,4233.367931829092,-0.7483183046033335,0.8725872249673938
Station 3,141850.0,4226.127293849833,-0.6997649702110353,0.8764339975757247
Station 3,141860.0,4219.373491894738,-0.6509539046672506,0.8800493729452387
Station 3,141870.0,4213.109018228256,-0.601902184991648,0.8834271306087096
Station 3,141880.0,4207.336192262695,-0.5526273007915292,0.8865613367524546
Station 3,141890.0,4202.057156561896,-0.5031471285322464,0.8894463783848044
Station 3,141900.0,4197.273873110463,-0.45347990426865503,0.8920769968777815
Station 3,141910.0,4192.988119863503,-0.4036441949264667,0.894448320477997
Station 3,141920.0,4189.201487590987,-0.3536588682326725,0.8965558953723787
Station 3,141930.0,4185.91537702965,-0.30354306140401677,0.898395714892421
Station 3,141940.0,4183.130996354345,-0.2533161487115539,0.8999642464479402
Station 3,141950.0,4180.849358962277,-0.20299770804589184,0.9012584557965576
Station 3,141960.0,4179.071281421535,-0.15260748658784845,0.9022758282680551
Station 3,141970.0,4177.797382203871,-0.10216536579931029,0.9030143866755919
Station 3,141980.0,4177.028080478597,-0.05169132583008773,0.9034727055574017
Station 3,141990.0,4176.763595262983,-0.0012054094824907047,0.9036499215484641
Station 3,142000.0,4177.003944979629,0.04927231409468774,0.903545739716554
Station 3,142010.0,4177.74894737717,0.09972178583000063,0.9031604357530981
Station 3,142020.0,4178.99821981472,0.15012299311429467,0.9024948539820224
Station 3,142030.0,4180.751179908948,0.20045600599036428,0.9015504012190586
Station 3,142040.0,4183.007046541042,0.2507010129923701,0.9003290365822936
Station 3,142050.0,4185.764841219368,0.30083835648279433,0.8988332574200704
Station 3,142060.0,4189.023389792066,0.35084856733854874,0.8970660815828035
Station 3,142070.0,4192.78132450239,0.4007123988427871,0.8950310263191947
Station 3,142080.0,4197.037086378216,0.45041085964505,0.8927320841233327
Station 3,142090.0,4201.788927945744,0.4999252456593071,0.8901736958962516
Station 3,142100.0,4207.034916256244,0.5492371707774363,0.8873607218130287
Station 3,142110.0,4212.772936213405,0.5983285962843461,0.88429841030418
Station 3,142120.0,4219.000694187877,0.6471818588704036,0.8809923655680587
Station 3,142130.0,4225.715721904491,0.695779697146859,0.8774485140296314
Station 3,142140.0,4232.915380586811,0.7441052765804808,0.8736730701511325
Station 3,142150.0,4240.596865342911,0.7921422127745287,0.8696725019826328
Station 3,142160.0,4248.757209775504,0.8398745930343687,0.8654534968166527
Station 3,142170.0,4257.393290799102,0.8872869961673564,0.8610229272818312
Station 3,142180.0,4266.501833646345,0.9343645104779753,0.8563878181776042
Station 3,142190.0,4276.079417045365,0.9810927499305502,0.8515553143160939
Station 3,142200.0,4286.122478549771,1.0274578684629114,0.846532649600198
Station 3,142210.0,4296.62732000282,1.0734465724453357,0.8413271175292159
Station 3,142220.0,4307.590113117202,1.1190461312895077,0.8359460432863014
Station 3,142230.0,4319.006905152084,1.1642443862223482,0.8303967575263134
Station 3,142240.0,4330.87362466919,1.2090297572490696,0.8246865719489823
Station 3,142250.0,4343.1860873499845,1.2533912483388356,0.8188227567111632
Station 3,142260.0,4355.940001856427,1.2973184508746645,0.8128125197036921
Station 3,142270.0,4369.130975718188,1.3408015454169493,0.806662987693216
Station 3,142280.0,4382.754521229759,1.3838313018368613,0.8003811893074172
Station 3,142290.0,4396.806061341487,1.4263990778821936,0.7939740398232914
Station 3,142300.0,4411.280935529201,1.4684968162435021,0.7874483277025048
Station 3,142310.0,4426.174405627379,1.5101170401937485,0.7808107028051259
Station 3,142320.0,4441.481661460887,1.5512528479631607,0.7740676661836349
Station 3,142330.0,4457.197826657974,1.5918979057279379,0.7672255614201131
Station 3,142340.0,4473.3179643979765,1.6320464393787297,0.7602905673896859
Station 3,142350.0,4489.837082871475,1.671693225301781,0.7532686923261525
Station 3,142360.0,4506.750140737485,1.7108335800968422,0.7461657691314493
Station 3,142370.0,4524.052052472577,1.749463349363495,0.7389874518216585
Station 3,142380.0,4541.737693603091,1.787578895641876,0.7317392130150709
Station 3,142390.0,4559.801905812448,1.825177085592962,0.7244263423701144
Station 3,142400.0,4578.239501916411,1.8622552765026112,0.7170539458840316
Station 3,142410.0,4597.04527070001,1.8988113021917803,0.709626945966894
Station 3,142420.0,4616.2139816106055,1.9348434584133933,0.7021500822097144
Station 3,142430.0,4635.74038930244,1.9703504878139142,0.6946279127698773
Station 3,142440.0,4655.619238028679,2.0053315645349397,0.6870648163018118
Station 3,142450.0,4675.845265877826,2.039786278527166,0.6794649943655799
Station 3,142460.0,4696.413208851953,2.073714619645802,0.6718324742508591
Station 3,142470.0,4717.317804784991,2.107116961593147,0.6641711121585173
Station 3,142480.0,4738.553797099863,2.139994045770434,0.6564845966865964
Station 3,142490.0,4760.115938403921,2.172346965097417,0.6487764525719935
Station 3,142500.0,4781.9989939226525,2.2041771478544017,0.6410500446433999
Station 3,142510.0,4804.197744772192,2.235486341597661,0.6333085819451386
Station 3,142520.0,4826.706991071647,2.2662765971954055,0.6255551219953817
Station 3,142530.0,4849.521554896702,2.296550253027669,0.6177925751458594
Station 3,142540.0,4872.636283076338,2.3263099193898045,0.6100237090135345
Station 3,142550.0,4896.046049834977,2.3555584631356137,0.6022511529578931
Station 3,142560.0,4919.745759282607,2.3842989925925653,0.5944774025803822
Station 3,142570.0,4943.730347755775,2.4125348427781175,0.5867048242252509
Station 3,142580.0,4967.994786012661,2.440269560942837,0.578935659463503
Station 3,142590.0,4992.534081285583,2.4675068924627777,0.5711720295439511
Station 3,142600.0,5017.3432791945925,2.4942507671005445,0.5634159397974254
Station 3,142610.0,5042.417465525939,2.52050528565156,0.5556692839820889
Station 3,142620.0,5067.7517678793465,2.54627470698926,0.5479338485595097
Station 3,142630.0,5093.341357188141,2.5715634355204378,0.5402113168927143
Station 3,142640.0,5119.181449116447,2.596376009059396,0.5325032733588203
Station 3,142650.0,5145.2673053376175,2.6207170871273577,0.5248112073701462
Station 3,142660.0,5171.594234698269,2.6445914396816024,0.517136517298779
Station 3,142670.0,5198.157594272141,2.6680039362765138,0.5094805143006554
Station 3,142680.0,5224.952790270323,2.6909595356853515,0.5018444260304901
Station 3,142690.0,5251.975278740941,2.7134632760441004,0.4942294002334724
Station 3,142700.0,5279.220566575411,2.7355202651217314,0.48663650828945226
Station 3,142710.0,5306.684212064054,2.757135671266825,0.4790667485981088
Station 3,142720.0,5334.361825440474,2.7783147147278893,0.4715210498653001
Station 3,142730.0,5362.249069361355,2.7990626593734644,0.4640002742836999
Station 3,142740.0,5390.341659305048,2.8193848048196024,0.4565052206053105
Station 3,142750.0,5418.635363892924,2.839286478956751,0.449036627106777
Station 3,142760.0,5447.12600513757,2.8587730308673103,0.441595174448754
Station 3,142770.0,5475.809458621695,2.877849824124465,0.43418148843084586
Station 3,142780.0,5504.681653611578,2.896522230462403,0.4267961426438847
Station 3,142790.0,5533.738573108735,2.914795623807533,0.41943966102149555
Station 3,142800.0,5562.976253843418,2.932675374660002,0.41211252029307455
Station 3,142810.0,5592.390786213456,2.950166844814448,0.40481515234043414
Station 3,142820.0,5621.978314171783,2.96727538240882,0.3975479464604784
Station 3,142830.0,5651.735035065925,2.98400631728982,0.3903112515363634
Station 3,142840.0,5681.657199432611,3.0003649566835504,0.3831053781196482
Station 3,142850.0,5711.741110750534,3.016356581159835,0.37593060042600834
Station 3,142860.0,5741.983125154143,3.03198644087873,0.3687871582470898
Station 3,142870.0,5772.379651111342,3.0472597521078137,0.36167525878112067
Station 3,142880.0,5802.927149067692,3.0621816939989053,0.3545950783848796
Station 3,142890.0,5833.622131059767,3.0767574056130274,0.34754676424962677
Station 3,142900.0,5864.461160300043,3.090991983182602,0.34053043600357863
Station 3,142910.0,5895.440850735758,3.1048904776000037,0.33354618724348345
Station 3,142920.0,5926.557866583905,3.1184578921218953,0.3265940869978192
Station 3,142930.0,5957.808921844517,3.1316991802789333,0.3196741811241038
Station 3,142940.0,5989.190779794297,3.144619243980719,0.3127864936427477
Station 3,142950.0,6020.7002524624695,3.157222931806137,0.30593102800985467
Station 3,142960.0,6052.334200090745,3.1695150374694925,0.29910776833129704
Station 3,142970.0,6084.089530579058,3.1815002984531406,0.2923166805203558
Station 3,142980.0,6115.963198918783,3.193183394797634,0.2855577134011534
Station 3,142990.0,6147.952206614895,3.2045689480406065,0.2788307997600506
Station 3,143000.0,6180.053601098679,3.2156615202961376,0.2721358573470953
Station 3,143010.0,6212.264475132193,3.226465613466316,0.2654727898296013
Station 3,143020.0,6244.581966205892,3.2369856685773484,0.2588414876998142
Station 3,143030.0,6277.003255930597,3.24722606523265,0.25224182913859944
Station 3,143040.0,6309.52556942498,3.2571911211757447,0.24567368083700972
Station 3,143050.0,6342.1461746257955,3.2668850920122465,0.23913689876686495
Station 3,143060.0,6374.862381598506,3.276312171036177,0.23263132891157162
Station 3,143070.0,6407.6715421416675,3.2854764889123107,0.2261568080041918
Station 3,143080.0,6440.571049043321,3.2943821137006806,0.21971316418094258
Station 3,143090.0,6473.558335452688,3.3030330508800447,0.2133002176162736
Station 3,143100.0,6506.630874257257,3.3114332434409173,0.206917781126315
Station 3,143110.0,6539.786177460678,3.319586572046892,0.2005656607413854
Station 3,143120.0,6573.021795562085,3.32749685525934,0.19424365624894394
Station 3,143130.0,6606.335316937616,3.3351678498207042,0.18795156170832744
Station 3,143140.0,6639.7243672246395,3.3426032509919814,0.181689165938547
Station 3,143150.0,6673.186608709301,3.3498066929400947,0.17545625298038175
