station,t,rho_km,rho_dot_km_s,elev_rad
Station 2,0.0,4281.990138131059,-1.8725898946107402,0.8430926972540939
Station 2,10.0,4263.468490654104,-1.831763840826508,0.8523940008780513
Station 2,20.0,4245.359134875376,-1.7903391662525783,0.8616465622723023
Station 2,30.0,4227.664232341419,-1.7483230231283269,0.870843091863203
Station 2,40.0,4210.394258293384,-1.705720888454834,0.8799758981652922
Station 2,50.0,4193.552181509653,-1.6625298161234126,0.889036875657279
Station 2,60.0,4177.144005333537,-1.6187653876838288,0.8980174936168231
Station 2,70.0,4161.178735483095,-1.5744289037088899,0.9069087861969782
Station 2,80.0,4145.657617908623,-1.529530521745051,0.9157013440685832
Station 2,90.0,4130.589141395545,-1.484072913983899,0.924385307997274
Station 2,100.0,4115.978394211258,-1.4380705982114896,0.9329503647692275
Station 2,110.0,4101.828332994029,-1.3915289424186015,0.9413857459356425
Station 2,120.0,4088.150667446425,-1.3444587189606685,0.9496802298782557
Station 2,130.0,4074.941694260268,-1.296877203571324,0.9578221477601359
Station 2,140.0,4062.214634169711,-1.2487887158929212,0.965799393966177
Station 2,150.0,4049.968399671226,-1.2002062126020407,0.9735994416704615
Station 2,160.0,4038.212637928972,-1.151146782584774,0.98120936419637
Station 2,170.0,4026.946215696791,-1.1016227852029659,0.9886158628480485
Station 2,180.0,4016.1798291354507,-1.051648728550321,0.9958053018859298
Station 2,190.0,4005.915654157492,-1.0012444876396542,1.0027637512894587
Station 2,200.0,3996.154448099698,-0.9504198321280936,1.0094770378916407
Station 2,210.0,3986.9090712964,-0.8991981665052189,1.0159308053772123
Station 2,220.0,3978.17553039816,-0.8475930933542317,1.0221105835043252
Station 2,230.0,3969.958744489685,-0.7956231055794134,1.0280018667347142
Station 2,240.0,3962.263420910915,-0.7433103778256714,1.03359020223709
Station 2,250.0,3955.0923276454732,-0.6906754345861231,1.0388612869629406
Station 2,260.0,3948.451458623504,-0.6377366646989416,1.0438010731860061
Station 2,270.0,3942.3397771287673,-0.584515258821634,1.0483958815529872
Station 2,280.0,3936.761158402368,-0.531032416107415,1.0526325203243094
Station 2,290.0,3931.7188629306265,-0.47731200244805094,1.0564984091050018
Station 2,300.0,3927.214885534841,-0.42337568274110815,1.0599817049960876
Station 2,310.0,3923.2507426029742,-0.3692492648098011,1.063071428758942
Station 2,320.0,3919.8320656140445,-0.3149534351129472,1.0657575883034283
Station 2,330.0,3916.9512425656685,-0.26051200219440807,1.0680312966104257
Station 2,340.0,3914.620655498525,-0.2059506525474442,1.069884881103603
Station 2,350.0,3912.834920754723,-0.15129160577412798,1.0713119815128134
Station 2,360.0,3911.596305064899,-0.0965615566975822,1.0723076334341306
Station 2,370.0,3910.9054448968527,-0.041784076828881946,1.072868335092368
Station 2,380.0,3910.7608065736563,0.013014177715598084,1.0729920952438388
Station 2,390.0,3911.163637284118,0.06780874417612474,1.0726784607024529
Station 2,400.0,3912.116602295128,0.12257402839038738,1.0719285226038384
Station 2,410.0,3913.6139830376574,0.1772883734965796,1.0707449012050618
Station 2,420.0,3915.662817368493,0.23192563501987717,1.0691317097122814
Station 2,430.0,3918.2532465854206,0.286459425200266,1.0670944982946506
Station 2,440.0,3921.3894734969467,0.340867812966976,1.0646401800420076
Station 2,450.0,3925.0695942966026,0.39512253035008627,1.0617769411243945
Station 2,460.0,3929.291973690473,0.44920638618161524,1.0585141377749285
Station 2,470.0,3934.053297074004,0.5030905224644687,1.0548621830137108
Station 2,480.0,3939.35539296608,0.5567537453164002,1.0508324260753001
Station 2,490.0,3945.187233676631,0.6101739201078769,1.0464370274791874
Station 2,500.0,3951.5557227152854,0.6633266999624847,1.0416888325861728
Station 2,510.0,3958.453581420031,0.7161954848186776,1.036601246211473
Station 2,520.0,3965.878592670463,0.7687536889936195,1.0311881105654945
Station 2,530.0,3973.8275942964347,0.8209841655209514,1.0254635884391428
Station 2,540.0,3982.296610370202,0.8728662284589123,1.0194420531745851
Station 2,550.0,3991.283060432288,0.9243830997036978,1.013137986585826
Station 2,560.0,4000.7825653021077,0.9755103225929016,1.0065658856337234
Station 2,570.0,4010.7910066687477,1.0262354421117246,0.9997401783304061
Station 2,580.0,4021.3069407463818,1.0765412922909035,0.9926751490574217
Station 2,590.0,4032.322812851294,1.1264083962549984,0.98538487323526
Station 2,600.0,4043.8328173623786,1.1758237518412011,0.9778831610808835
Station 2,610.0,4055.8361641443685,1.2247699790955568,0.9701835100334337
Station 2,620.0,4068.326857979048,1.273238086435566,0.9622990653133312
Station 2,630.0,4081.299378413237,1.3212112431277627,0.9542425880021628
Station 2,640.0,4094.7482760663747,1.3686788696472636,0.9460264299850532
Station 2,650.0,4108.673035400831,1.4156279004575771,0.9376625150781539
Station 2,660.0,4123.060915951352,1.4620465938177507,0.929162325666417
Station 2,670.0,4137.910080532826,1.5079273353010467,0.9205368941958528
Station 2,680.0,4153.217476885758,1.5532599104389428,0.911796798895832
Station 2,690.0,4168.973675937279,1.5980350917853783,0.9029521631467426
Station 2,700.0,4185.175778632881,1.642244641467358,0.8940126579534367
Station 2,710.0,4201.817491833963,1.6858865425557321,0.884987507032695
Station 2,720.0,4218.892734598345,1.7289474755961665,0.8758854940715192
Station 2,730.0,4236.395666674478,1.7714266388911757,0.8667149717608
Station 2,740.0,4254.320072145492,1.8133193268131076,0.8574838722547439
Station 2,750.0,4272.658294982141,1.8546167576374517,0.8481997187496492
Station 2,760.0,4291.408235021202,1.8953217523295909,0.8388696379155912
Station 2,770.0,4310.563069807519,1.935425760103214,0.829500372951251
Station 2,780.0,4330.115382397406,1.9749304249593074,0.8200982970651912
Station 2,790.0,4350.058836790843,2.013832221459329,0.8106694272166106
Station 2,800.0,4370.389272033155,2.052131707102593,0.8012194379749217
Station 2,810.0,4391.100995622178,2.0898258829841403,0.7917536753807549
Station 2,820.0,4412.186043914918,2.1269169905033785,0.7822771707035902
Station 2,830.0,4433.636289742501,2.1634055408641073,0.7727946540116858
Station 2,840.0,4455.449849323177,2.1992906705739914,0.7633105675594569
Station 2,850.0,4477.62004717298,2.234574179493626,0.7538290788324624
Station 2,860.0,4500.139023421796,2.269261570987144,0.7443540932749227
Station 2,870.0,4523.003312519079,2.303351127354785,0.7348892666585878
Station 2,880.0,4546.205503166048,2.336848864306069,0.7254380170688782
Station 2,890.0,4569.738502285656,2.3697545119362577,0.7160035364928217
Station 2,900.0,4593.599440792919,2.402073500314421,0.7065888019989973
Station 2,910.0,4617.778247880543,2.433809013693136,0.6971965865043503
Station 2,920.0,4642.272925164437,2.4649659222199722,0.6878294691266579
Station 2,930.0,4667.075329230901,2.495546695878552,0.6784898451245455
Station 2,940.0,4692.182790386895,2.5255589044694493,0.6691799354295512
Station 2,950.0,4717.58353562853,2.55500495427688,0.6599017957767619
Station 2,960.0,4743.279398075918,2.5838910516846063,0.6506573254421918
Station 2,970.0,4769.25955838875,2.612220909383835,0.6414482755963206
Station 2,980.0,4795.523156097681,2.6400056884683147,0.6322762572841669
Station 2,990.0,4822.05988200228,2.66724516110085,0.6231427490429892
Station 2,1000.0,4848.864916444054,2.693946172560263,0.6140491041691738
Station 2,1010.0,4875.93784337257,2.7201159949449973,0.6049965576462213
Station 2,1020.0,4903.2657079971605,2.74576088620621,0.5959862327458904
Station 2,1030.0,4930.848285044489,2.7708844604458784,0.5870191473146281
Station 2,1040.0,4958.681732552793,2.7954986957570607,0.5780962197573736
Station 2,1050.0,4986.7583040008885,2.8196043644938666,0.5692182747307132
Station 2,1060.0,5015.072191881616,2.843212257892535,0.5603860485571757
Station 2,1070.0,5043.622758455371,2.8663210323911663,0.5516001943722533
Station 2,1080.0,5072.398097292803,2.8889460618979927,0.5428612870154381
Station 2,1090.0,5101.399568474099,2.911095025025525,0.5341698276763134
Station 2,1100.0,5130.618895073394,2.9327660508826456,0.5255262483063882
Station 2,1110.0,5160.049869088258,2.9539683639820478,0.5169309158070645
Station 2,1120.0,5189.6949602037375,2.974712025317071,0.5083841360037731
Station 2,1130.0,5219.541560449292,2.995001214577373,0.4998861574159758
Station 2,1140.0,5249.59325859834,3.0148460822330923,0.4914371748323892
Station 2,1150.0,5279.84086506029,3.0342500230878655,0.48303733270043603
Station 2,1160.0,5310.276610842502,3.0532199527118324,0.4746867283385913
Station 2,1170.0,5340.902077004906,3.0717637690144373,0.4663854149799456
Station 2,1180.0,5371.71161725876,3.0898841770219083,0.4581334046530517
Station 2,1190.0,5402.699801223914,3.1075933337252066,0.44993067088538063
Station 2,1200.0,5433.861418384395,3.1248921274875805,0.44177715131765805
Station 2,1210.0,5465.195274930258,3.1417937418784416,0.4336727501450032
Station 2,1220.0,5496.697112300386,3.1582960347182785,0.42561734042268873
Station 2,1230.0,5528.3604312350035,3.174414207891631,0.41761076625265325
Station 2,1240.0,5560.183014655009,3.1901473985739783,0.40965284485050074
Station 2,1250.0,5592.162195991511,3.205506717960291,0.4017433684988806
Station 2,1260.0,5624.292269394826,3.2204956610935263,0.3938821063928794
Station 2,1270.0,5656.570822285078,3.235120089579389,0.3860688063828072
Station 2,1280.0,5688.995398392215,3.249384933191705,0.37830319661951706
Station 2,1290.0,5721.556828574124,3.26330348274571,0.3705849871071608
Station 2,1300.0,5754.257748423958,3.2768723732862637,0.3629138711680544
Station 2,1310.0,5787.094842594007,3.290101092293181,0.35528952682412496
Station 2,1320.0,5820.058476126578,3.3029945009428325,0.34771161809918977
Station 2,1330.0,5853.1539487116,3.315559148987227,0.3401797962461237
Station 2,1340.0,5886.369113309215,3.3278017910831696,0.33269370090277867
Station 2,1350.0,5919.707283976157,3.3397243144914577,0.32525296118034264
Station 2,1360.0,5953.163516462464,3.351335930797633,0.31785719668764223
Station 2,1370.0,5986.734137868642,3.3626415322624936,0.31050601849473025
Station 2,1380.0,6020.415584268881,3.3736386958334825,0.3031990300389323
Station 2,1390.0,6054.204569453634,3.384346658733964,0.2959358279763849
Station 2,1400.0,6088.1001690297935,3.3947569085061553,0.28871600298194094
Station 2,1410.0,6122.099324778777,3.4048834876275236,0.2815391405001772
Station 2,1420.0,6156.19738512381,3.414724728712387,0.27440482145011597
Station 2,1430.0,6190.391912266113,3.424290015109423,0.26731262288612506
Station 2,1440.0,6224.6825474028265,3.433580160743847,0.26026211861736354
Station 2,1450.0,6259.064284249895,3.442604626611607,0.25325287978799776
Station 2,1460.0,6293.533520263904,3.4513654078629403,0.2462844754203236
Station 2,1470.0,6328.091275123951,3.459864573521051,0.23935647292280357
Station 2,1480.0,6362.730200011108,3.4681083155817296,0.23246843856494512
Station 2,1490.0,6397.450904283982,3.4761042402523574,0.22561993792083804
Station 2,1500.0,6432.25113540368,3.483850001431989,0.21881053628307778
Station 2,1510.0,6467.126709305638,3.491357083733479,0.21203979904872197
Station 2,1520.0,6502.0763266654085,3.4986221175507946,0.2053072920788272
Station 2,1530.0,6537.099412536253,3.5056547948067496,0.19861258203305668
Station 2,1540.0,6572.18882470515,3.5124550066739464,0.19195523668056347
Station 2,1550.0,6607.346938272583,3.5190313303367917,0.18533482516903138
Station 2,1560.0,6642.569453115949,3.5253831190712894,0.17875091830651763
Station 1,3950.0,6643.409062871454,-3.521643684924287,0.18105742897806965
Station 1,3960.0,6608.220965393887,-3.5159553228338702,0.18766523165107835
Station 1,3970.0,6573.0903455850475,-3.5100534484726627,0.19431104293722817
Station 1,3980.0,6538.018281288234,-3.5039258536517086,0.20099533996480792
Station 1,3990.0,6503.012271413109,-3.497582022357351,0.2077186035391364
Station 1,4000.0,6468.068559494845,-3.491008938102195,0.2144813179612953
Station 1,4010.0,6433.192957901888,-3.4842028614243987,0.2212839708296192
Station 1,4020.0,6398.386996435549,-3.4771676458790663,0.2281270528228637
Station 1,4030.0,6363.65131156221,-3.469893188668943,0.23501105746387632
Station 1,4040.0,6328.989199042177,-3.462373196185666,0.2419364808625623
Station 1,4050.0,6294.404372619258,-3.4546069516855056,0.24890382143683795
Station 1,4060.0,6259.896170660576,-3.446592208818523,0.2559135796102139
Station 1,4070.0,6225.47308097487,-3.4383206744714654,0.26296625748455565
Station 1,4080.0,6191.132746962175,-3.429790327626005,0.2700623584864932
Station 1,4090.0,6156.87728099679,-3.420995660246539,0.27720238698587546
Station 1,4100.0,6122.7135493937685,-3.4119299690883755,0.2843868478699651
Station 1,4110.0,6088.639923879698,-3.402594028012604,0.29161624610428116
Station 1,4120.0,6054.663226117363,-3.392974478810102,0.29889108627595384
Station 1,4130.0,6020.782821044512,-3.3830796504727854,0.3062118720677859
Station 1,4140.0,5987.001085261535,-3.372892265741328,0.3135791057090625
Station 1,4150.0,5953.32631474494,-3.3624123129618018,0.3209932873865672
Station 1,4160.0,5919.754172372518,-3.3516349510594834,0.32845491461340726
Station 1,4170.0,5886.295219792876,-3.3405555816235086,0.33596448155318503
Station 1,4180.0,5852.943804665928,-3.3291654780532793,0.3435224782968828
Station 1,4190.0,5819.710952715477,-3.3174621793563857,0.35112939008970867
Station 1,4200.0,5786.596314704471,-3.305441992859165,0.35878569650499
Station 1,4210.0,5753.602403476726,-3.293092422443062,0.36649187056203547
Station 1,4220.0,5720.7335980452635,-3.2804167616731843,0.3742483777847332
Station 1,4230.0,5687.995142233457,-3.2674043636213677,0.3820556751974644
Station 1,4240.0,5655.389479515098,-3.254048917492743,0.389914210254728
Station 1,4250.0,5622.915817754825,-3.2403457771641078,0.39782441970067833
Station 1,4260.0,5590.582362666816,-3.226285977767976,0.4057867283545702
Station 1,4270.0,5558.3931136108195,-3.211869279451869,0.4138015478178798
Station 1,4280.0,5526.3469911609445,-3.197087193008701,0.4218692750986654
Station 1,4290.0,5494.451784661271,-3.1819335136756295,0.42999029114845083
Station 1,4300.0,5462.709953394123,-3.1663970286266774,0.43816495930669735
Station 1,4310.0,5431.12347108589,-3.15048219531828,0.4463936236476391
Station 1,4320.0,5399.70091073186,-3.1341724378237497,0.45467660722398334
Station 1,4330.0,5368.442421208986,-3.117463919464029,0.4630142102016734
Station 1,4340.0,5337.352684357577,-3.100351598474925,0.4714067078795984
Station 1,4350.0,5306.435485270964,-3.0828331199304446,0.47985434858780684
Station 1,4360.0,5275.6980820281315,-3.0648905911257605,0.48835735145741926
Station 1,4370.0,5245.138513574632,-3.0465277726596716,0.49691590405507935
Station 1,4380.0,5214.767579024081,-3.027733109176405,0.5055301598743782
Station 1,4390.0,5184.586185372012,-3.0084985110801084,0.5142002356762838
Station 1,4400.0,5154.599608326204,-2.988821756028874,0.5229262086701663
Station 1,4410.0,5124.812915569065,-2.9686919428637437,0.5317081135265541
Station 1,4420.0,5095.229363421861,-2.9481067099966602,0.5405459392122631
Station 1,4430.0,5065.853258539145,-2.9270510370596456,0.5494396256380351
Station 1,4440.0,5036.689057355788,-2.905525036631772,0.5583890601082719
Station 1,4450.0,5007.743048252318,-2.883523119492,0.567394073561888
Station 1,4460.0,4979.017098424308,-2.861032290524978,0.5764544365926878
Station 1,4470.0,4950.524755732013,-2.8380471386128305,0.5855698552370515
Station 1,4480.0,4922.262773231325,-2.8145632412078965,0.594739966501823
Station 1,4490.0,4894.234475801471,-2.7905741079567736,0.6039643336445187
Station 1,4500.0,4866.4505954436345,-2.7660701526101237,0.6132424412120208
Station 1,4510.0,4838.915025467924,-2.7410506801684864,0.622573689743091
Station 1,4520.0,4811.631881158837,-2.7154994055329222,0.6319573901842485
Station 1,4530.0,4784.606272692768,-2.6894148907686812,0.6413927579844666
Station 1,4540.0,4757.844272391469,-2.662792253642034,0.6508789068507684
Station 1,4550.0,4731.352466734037,-2.6356243889727753,0.660414842146128
Station 1,4560.0,4705.132631598605,-2.607904652619244,0.6699994539101797
Station 1,4570.0,4679.194009026148,-2.5796253965344857,0.6796315094822403
Station 1,4580.0,4653.544739183913,-2.5507844193756526,0.68930964570521
Station 1,4590.0,4628.181672045723,-2.5213720562678823,0.6990323606879115
Station 1,4600.0,4603.118584614245,-2.491386671755114,0.7087980051024991
Station 1,4610.0,4578.357923218339,-2.4608197558072793,0.7186047729926393
Station 1,4620.0,4553.904675738785,-2.4296665722708,0.7284506920672971
Station 1,4630.0,4529.764449378198,-2.3979243524852185,0.7383336134542315
Station 1,4640.0,4505.947254296111,-2.365590652113046,0.748251200886649
Station 1,4650.0,4482.454031035592,-2.3326568846218163,0.7582009192960576
Station 1,4660.0,4459.29570143899,-2.2991193738371702,0.7681800227841792
Station 1,4670.0,4436.47583842896,-2.264982156217471,0.7781855419469439
Station 1,4680.0,4413.99825657311,-2.230232598612577,0.7882142705241771
Station 1,4690.0,4391.869347381346,-2.194871640270598,0.7982627513497602
Station 1,4700.0,4370.1005840507705,-2.158899047027541,0.8083272615788779
Station 1,4710.0,4348.695472505303,-2.1223105985731636,0.818403797171714
Station 1,4720.0,4327.660003100146,-2.08510755885895,0.8284880566167634
Station 1,4730.0,4306.996386521023,-2.047285120081824,0.8385754238821018
Station 1,4740.0,4286.715137826547,-2.0088487451561643,0.8486609505897365
Station 1,4750.0,4266.8199505130115,-1.9697933333894488,0.8587393374169863
Station 1,4760.0,4247.32130683709,-1.9301242913714833,0.8688049147400071
Station 1,4770.0,4228.2185544088425,-1.8898408204265797,0.878851622548685
Station 1,4780.0,4209.52674905953,-1.8489422841674061,0.8888729896796259
Station 1,4790.0,4191.245181446306,-1.8074363182375088,0.8988621124355503
Station 1,4800.0,4173.378874882407,-1.765324977681521,0.908811632685736
Station 1,4810.0,4155.940602690552,-1.7226116693188815,0.9187137155740085
Station 1,4820.0,4138.928755407736,-1.6793006729114097,0.9285600269990293
Station 1,4830.0,4122.3556546681,-1.635396895908159,0.9383417110771066
Station 1,4840.0,4106.223362944325,-1.5909089099682767,0.9480493678514136
Station 1,4850.0,4090.5393618335775,-1.5458422731424915,0.9576730315738596
Station 1,4860.0,4075.3100847781457,-1.5002057030282032,0.9672021499416694
Station 1,4870.0,4060.5379106885975,-1.4540076412791936,0.9766255648230731
Station 1,4880.0,4046.229576081549,-1.4072576480816075,0.9859314949993498
Station 1,4890.0,4032.3909384696594,-1.3599630161208254,0.9951075216027584
Station 1,4900.0,4019.0336393746297,-1.3121391996552088,1.0041405770655785
Station 1,4910.0,4006.153392752596,-1.2637963348613654,1.0130169384869885
Station 1,4920.0,3993.758650572433,-1.214947399031803,1.0217222264602794
Station 1,4930.0,3981.8547528133245,-1.165605434060614,1.030241410530888
Station 1,4940.0,3970.4495636189417,-1.1157817674084431,1.038558822578396
Station 1,4950.0,3959.5393716079698,-1.0654998104062374,1.0466581795249175
Station 1,4960.0,3949.138663105046,-1.0147691234602474,1.054522616857562
Station 1,4970.0,3939.245757045419,-0.9636073599451579,1.0621347345009908
Station 1,4980.0,3929.8690787291357,-0.9120290874430584,1.069476656572231
Station 1,4990.0,3921.0074749271607,-0.8600590890831462,1.076530106476584
Station 1,5000.0,3912.670892144931,-0.8077126283614177,1.0832764986423928
Station 1,5010.0,3904.854905375864,-0.7550086991225521,1.089697047925628
Station 1,5020.0,3897.5694834722713,-0.7019708962784922,1.095772897326716
Station 1,5030.0,3890.8171113092467,-0.648616908028842,1.1014852641407278
Station 1,5040.0,3884.597644050356,-0.5949702746550832,1.106815604004393
Station 1,5050.0,3878.9169710883275,-0.5410522831135302,1.111745791516806
Station 1,5060.0,3873.7787041070515,-0.48688527591398967,1.1162583152163894
Station 1,5070.0,3869.1805929410107,-0.4324968868692714,1.1203364837321264
Station 1,5080.0,3865.1298972573068,-0.3779043755962583,1.123964638946439
Station 1,5090.0,3861.6239094655016,-0.323137389306399,1.127128371080291
Station 1,5100.0,3858.6668021724117,-0.2682190453458306,1.1298147298192858
Station 1,5110.0,3856.2597190372653,-0.21316933136420543,1.1320124250285688
Station 1,5120.0,3854.403528570876,-0.15802098873459813,1.1337120103349985
Station 1,5130.0,3853.099879014346,-0.10279715473744236,1.1349060429523485
Station 1,5140.0,3852.3474613014496,-0.04751968200695401,1.1355892136273273
Station 1,5150.0,3852.147200357899,0.007780859585670595,1.13575844149348
Station 1,5160.0,3852.503573081826,0.06308414947941993,1.1354129298985016
Station 1,5170.0,3853.410277668964,0.11835899134618563,1.1345541808400876
Station 1,5180.0,3854.8691213786383,0.1735829159687918,1.1331859673949742
Station 1,5190.0,3856.8829114160826,0.2287280815284597,1.1313142653226493
Station 1,5200.0,3859.444356144925,0.2837728662999683,1.1289471467310968
Station 1,5210.0,3862.5554183059544,0.33868872252751486,1.1260946401795673
Station 1,5220.0,3866.2179355819153,0.39345248984123843,1.1227685627599462
Station 1,5230.0,3870.4249529056206,0.44803921789859746,1.1189823304647275
Station 1,5240.0,3875.1764212786343,0.5024221851445466,1.114750753592283
Station 1,5250.0,3880.473675737772,0.5565845894516764,1.110089823802461
Station 1,5260.0,3886.307931848716,0.6104958152056,1.1050164991363112
Station 1,5270.0,3892.6831000495754,0.6641359053662502,1.0995484926572838
Station 1,5280.0,3899.5898412021716,0.717485647895969,1.093704069513336
Station 1,5290.0,3907.0319885835247,0.7705179425428687,1.0875018562725465
Station 1,5300.0,3915.0003705807003,0.8232112114473998,1.0809606654029646
Station 1,5310.0,3923.494186384083,0.8755518941827881,1.0740993368205995
Station 1,5320.0,3932.5089917978057,0.9275177219346245,1.0669365975665812
Station 1,5330.0,3942.0440048382798,0.9790855246654564,1.05949093992773
Station 1,5340.0,3952.09059813353,1.0302422413984182,1.0517805177004778
Station 1,5350.0,3962.646150333899,1.0809677459344482,1.0438230598200493
Station 1,5360.0,3973.7085461012366,1.1312468846633559,1.0356358002285155
Station 1,5370.0,3985.2688755360264,1.1810616174592263,1.0272354226240816
Station 1,5380.0,3997.3263336411096,1.230399541061757,1.018638018602715
Station 1,5390.0,4009.876153926191,1.2792443231277522,1.0098590576538793
Station 1,5400.0,4022.9108892655418,1.3275833066477813,1.0009133674864994
Station 1,5410.0,4036.426625870646,1.375404935434361,0.9918151232227587
Station 1,5420.0,4050.417210609719,1.4226950037462176,0.9825778440913615
Station 1,5430.0,4064.879544529162,1.469443816201861,0.9732143963662644
Station 1,5440.0,4079.80291951037,1.5156433418120228,0.9637370014218256
Station 1,5450.0,4095.189872312894,1.5612801669622647,0.9541572479034749
Station 1,5460.0,4111.028161776653,1.6063502425283471,0.9444861071386158
Station 1,5470.0,4127.3157315686185,1.6508411675567116,0.9347339510319933
Station 1,5480.0,4144.042941788448,1.6947486876825981,0.9249105718005197
Station 1,5490.0,4161.207706174532,1.7380679280558022,0.915025203003274
Station 1,5500.0,4178.803926317775,1.7807886739691203,0.905086541412491
Station 1,5510.0,4196.821958160509,1.8229103254263195,0.8951027693507998
Station 1,5520.0,4215.258964419113,1.864428815954211,0.8850815771891513
Station 1,5530.0,4234.107295298187,1.9053376594036975,0.8750301857595851
Station 1,5540.0,4253.363197613871,1.9456363132310777,0.8649553684878444
Station 1,5550.0,4273.016707439598,1.9853229511943882,0.8548634730939147
Station 1,5560.0,4293.066612063879,2.0243945031775246,0.8447604427446516
Station 1,5570.0,4313.504848829873,2.0628519169412276,0.8346518365726403
Station 1,5580.0,4334.320668588653,2.100693132690287,0.8245428495001739
Station 1,5590.0,4355.516136127873,2.1379212840599533,0.8144383313179346
Station 1,5600.0,4377.078860954517,2.174534968543521,0.8043428049962383
Station 1,5610.0,4399.005101884545,2.2105373444733636,0.7942604842753358
Station 1,5620.0,4421.28583656494,2.2459252185983085,0.7841952904318478
Station 1,5630.0,4443.919172975225,2.2807071386904134,0.7741508682933024
Station 1,5640.0,4466.9007599751285,2.3148819835190735,0.7641306015010088
Station 1,5650.0,4490.216936363876,2.3484535297504747,0.7541376270381207
Station 1,5660.0,4513.8671249721665,2.3814260075347202,0.7441748490443109
Station 1,5670.0,4537.844955702971,2.413799579738468,0.7342449519409412
Station 1,5680.0,4562.140932725822,2.445586327051498,0.724350412892207
Station 1,5690.0,4586.751113062673,2.4767802422721656,0.714493513628732
Station 1,5700.0,4611.674130373319,2.5073947793572953,0.7046763516605038
Station 1,5710.0,4636.899869656635,2.537431402344341,0.6949008509061442
Station 1,5720.0,4662.420725682535,2.566893794053899,0.6851687717652154
Station 1,5730.0,4688.234739567265,2.595788987620712,0.6754817206597848
Station 1,5740.0,4714.334479584188,2.6241222435525184,0.6658411590708241
Station 1,5750.0,4740.717148140839,2.6519029616143226,0.656248412094199
Station 1,5760.0,4767.372555202665,2.6791335044472633,0.6467046765401846
Station 1,5770.0,4794.294698970085,2.7058185129563492,0.6372110285994586
Station 1,5780.0,4821.487769970812,2.731962920424828,0.6277684310976256
Station 1,5790.0,4848.933266713761,2.75758226298855,0.6183777403593063
Station 1,5800.0,4876.637784398099,2.782674702471488,0.609039712701913
Station 1,5810.0,4904.584487759497,2.8072477119683783,0.5997550105782382
Station 1,5820.0,4932.780131655529,2.8313110463604905,0.5905242083860897
Station 1,5830.0,4961.209796832062,2.854870290330431,0.5813477979622829
Station 1,5840.0,4989.874634729549,2.8779311550262268,0.5722261937774477
Station 1,5850.0,5018.768252154393,2.9005017859216236,0.563159737847266
Station 1,5860.0,5047.882484219079,2.9225876717855606,0.5541487043749558
Station 1,5870.0,5077.217865375127,2.944198564836451,0.5451933041390699
Station 1,5880.0,5106.765917989485,2.9653358765050983,0.5362936886399234
Station 1,5890.0,5136.523928633869,2.9860115176236333,0.5274499540173082
Station 1,5900.0,5166.485698246628,3.0062292507291186,0.5186621447514688
Station 1,5910.0,5196.6477419940065,3.0260005532400363,0.5099302571587081
Station 1,5920.0,5227.003173806458,3.0453267763151914,0.501254242692392
Station 1,5930.0,5257.551367935838,3.0642167075907643,0.4926340110595711
Station 1,5940.0,5288.285237013464,3.082679115334411,0.48406943316290507
Station 1,5950.0,5319.202384679815,3.1007191476913083,0.47556034387558505
Station 1,5960.0,5350.297485406856,3.1183433370573677,0.4671065446351366
Station 1,5970.0,5381.56842063475,3.1355590682431984,0.458707805942579
Station 1,5980.0,5413.008771465839,3.1523722565583627,0.4503638696909849
Station 1,5990.0,5444.6147392920775,3.1687855272845407,0.44207445135444745
Station 1,6000.0,5476.383605304259,3.184811079933442,0.43383924205774677
Station 1,6010.0,5508.308334929376,3.2004560883295006,0.4256579105263052
Station 1,6020.0,5540.392630072465,3.215722105102481,0.4175301049227834
Station 1,6030.0,5572.623221988876,3.2306193057417794,0.40945545457632554
Station 1,6040.0,5605.003162591982,3.245152160175228,0.4014335716101639
Station 1,6050.0,5637.525093661771,3.2593253589616347,0.39346405247299543
Station 1,6060.0,5670.186523464937,3.273147120655237,0.38554647937927666
Station 1,6070.0,5702.986206035956,3.286622201960321,0.3776804216633102
Station 1,6080.0,5735.915412684217,3.2997563551760583,0.3698654370517476
Station 1,6090.0,5768.980775944842,3.3125565587605195,0.36210107285890814
Station 1,6100.0,5802.168698183266,3.325027845887334,0.3543868671090694
Station 1,6110.0,5835.4812788014715,3.3371777851585493,0.34672234958969483
Station 1,6120.0,5868.909495221076,3.349007040041005,0.33910704283934145
Station 1,6130.0,5902.459093974413,3.3605258314725126,0.3315404630738061
Station 1,6140.0,5936.120427219285,3.37173549765787,0.3240221210538882
Station 1,6150.0,5969.89162384118,3.3826446487331783,0.3165515228979761
Station 1,6160.0,6003.771175314488,3.3932575865561976,0.30912817084248
Station 1,6170.0,6037.75588535237,3.4035779232437244,0.30175156395300734
Station 1,6180.0,6071.844232276032,3.413611019183158,0.2944211987890001
Station 1,6190.0,6106.029350002711,3.423363550631999,0.2871365700244306
Station 1,6200.0,6140.308177084526,3.4328403549077167,0.27989717102700856
Station 1,6210.0,6174.684093544808,3.4420414175733383,0.27270249439822936
Station 1,6220.0,6209.150069600834,3.4509802020858467,0.26555203247646136
Station 1,6230.0,6243.703298262076,3.4596526673602144,0.2584452778051762
Station 1,6240.0,6278.340263882266,3.468066881939537,0.25138172356829386
Station 1,6250.0,6313.062861040492,3.476228075328739,0.24436086399451937
Station 1,6260.0,6347.864058649737,3.4841376793012637,0.23738219473246008
Station 1,6270.0,6382.746417168107,3.491803881945253,0.2304452131981908
Station 1,6280.0,6417.703342381286,3.499227171988439,0.22354941889687974
Station 1,6290.0,6452.729089775681,3.506412494355132,0.21669431371997433
Station 1,6300.0,6487.826079365671,3.5133648934843604,0.20987940221938292
Station 1,6310.0,6522.996507913917,3.5200893931818387,0.2031041918600032
Station 1,6320.0,6558.230814084301,3.5265868497642194,0.1963681932367757
Station 1,6330.0,6593.528169996832,3.532862495826115,0.18967092028960258
Station 1,6340.0,6628.885956083385,3.5389208205223457,0.18301189051765632
Station 1,6350.0,6664.30492373105,3.5447633878187625,0.1763906251439839
Station 2,9970.0,6657.742517831681,-3.6274309080799614,0.1751075592811569
Station 2,9980.0,6621.4910138104915,-3.6229609813432386,0.18186846792451283
Station 2,9990.0,6585.284798904358,-3.618292132198524,0.188671964334786
Station 2,10000.0,6549.124332759674,-3.613426633760171,0.19551869879051853
Station 2,10010.0,6513.015398419154,-3.6083571130272505,0.20240933203845468
Station 2,10020.0,6476.958251840165,-3.603084436820973,0.20934453538960307
Station 2,10030.0,6440.954757939176,-3.5976022596553103,0.21632499082518744
Station 2,10040.0,6405.007473703857,-3.5919039270573867,0.22335139109835295
Station 2,10050.0,6369.118743753654,-3.5859894457007164,0.2304244398309536
Station 2,10060.0,6333.286899769414,-3.5798574526481173,0.23754485160492367
Station 2,10070.0,6297.522172154853,-3.573496321532439,0.24471335204770261
Station 2,10080.0,6261.818838020701,-3.566906663410855,0.251930677911138
Station 2,10090.0,6226.180993325797,-3.560086615956376,0.25919757714327296
Station 2,10100.0,6190.617678984528,-3.5530274966257585,0.26651480895237034
Station 2,10110.0,6155.123810446291,-3.5457293516312136,0.27388314386250884
Station 2,10120.0,6119.704861812631,-3.538184379655806,0.28130336376001563
Station 2,10130.0,6084.361839927523,-3.5303868572257513,0.288776261929991
Station 2,10140.0,6049.097414710702,-3.5223357610227204,0.29630264308211113
Station 2,10150.0,6013.914585283825,-3.514023816153471,0.303883323364861
Station 2,10160.0,5978.818760632198,-3.5054490365787827,0.31151913036730317
Station 2,10170.0,5943.806638441326,-3.4966046711308585,0.319210903107427
Station 2,10180.0,5908.885454041515,-3.4874839704087495,0.3269594920060819
Station 2,10190.0,5874.057917350363,-3.4780844490893714,0.3347657588454454
Station 2,10200.0,5839.325347881847,-3.46840334687164,0.3426305767109071
Station 2,10210.0,5804.69138583844,-3.4584287252460815,0.35055482991520837
Station 2,10220.0,5770.157879560227,-3.4481569006758104,0.35853941390360866
Station 2,10230.0,5735.7289878993415,-3.4375856395603153,0.3665852351387904
Station 2,10240.0,5701.408354846243,-3.426710137306126,0.3746932109641474
Station 2,10250.0,5667.197002870813,-3.4155215248034327,0.38286426944405005
Station 2,10260.0,5633.098818667424,-3.40401306557905,0.39109934917958944
Station 2,10270.0,5599.11675542336,-3.3921785272058105,0.39939939909826183
Station 2,10280.0,5565.255149906039,-3.380016442981108,0.4077653782159651
Station 2,10290.0,5531.517646002555,-3.3675146834595084,0.41619825536961913
Station 2,10300.0,5497.906497647913,-3.3546735519800013,0.4246990089186453
Station 2,10310.0,5464.4264196258655,-3.341482027795631,0.4332686264134694
Station 2,10320.0,5431.0779251830645,-3.3279340373857185,0.44190810422913873
Station 2,10330.0,5397.86691331759,-3.314024361580796,0.4506184471620775
Station 2,10340.0,5364.798137880855,-3.2997436578743713,0.45940066798791834
Station 2,10350.0,5331.87626810706,-3.2850873511580154,0.4682557869774524
Station 2,10360.0,5299.097567868639,-3.270050549273885,0.47718483134987255
Station 2,10370.0,5266.4735676623395,-3.254618908878814,0.4861888347240603
Station 2,10380.0,5234.007142882103,-3.2387925888146993,0.4952688364985159
Station 2,10390.0,5201.702081043227,-3.222562395079243,0.5044258811740187
Station 2,10400.0,5169.557667691913,-3.2059204880924654,0.5136610176308543
Station 2,10410.0,5137.5836388552225,-3.1888561396658135,0.5229752983507892
Station 2,10420.0,5105.780301392054,-3.1713663755554995,0.5323697785812547
Station 2,10430.0,5074.155976968142,-3.1534417416646905,0.5418455154391439
Station 2,10440.0,5042.714523717142,-3.135074098327052,0.5514035669515991
Station 2,10450.0,5011.457035476338,-3.116255563751951,0.5610449910311431
Station 2,10460.0,4980.391309378961,-3.0969823460434873,0.5707708443824693
Station 2,10470.0,4949.518325819078,-3.077240347360584,0.5805821813382163
Station 2,10480.0,4918.848774237759,-3.0570221315784236,0.5904800526210473
Station 2,10490.0,4888.381938895063,-3.036323412375559,0.6004655040293668
Station 2,10500.0,4858.121326279204,-3.0151352870733605,0.6105395750440398
Station 2,10510.0,4828.079787421846,-2.993447989565531,0.6207032973535305
Station 2,10520.0,4798.255337272314,-2.9712517804527057,0.6309576932949247
Station 2,10530.0,4768.657648432363,-2.948542830712026,0.6413037742083956
Station 2,10540.0,4739.286728503244,-2.9253104180833978,0.6517425387027732
Station 2,10550.0,4710.152735136453,-2.9015458831560785,0.6622749708299867
Station 2,10560.0,4681.257324413946,-2.8772406238040635,0.6729020381663169
Station 2,10570.0,4652.609112680929,-2.852387312819352,0.6836246897985546
Station 2,10580.0,4624.213629422414,-2.826977532985379,0.694443854213358
Station 2,10590.0,4596.073174050578,-2.8010057124241112,0.7053604370883418
Station 2,10600.0,4568.19158882124,-2.7744606467391977,0.7163753189836692
Station 2,10610.0,4540.584204029412,-2.747335446962773,0.7274893529332097
Station 2,10620.0,4513.248794125081,-2.719620919770004,0.7387033619346559
Station 2,10630.0,4486.192322110706,-2.691311842137028,0.7500181363383085
Station 2,10640.0,4459.423581063829,-2.662396232871248,0.7614344311346462
Station 2,10650.0,4432.947669499943,-2.632874005502735,0.7729529631411933
Station 2,10660.0,4406.76990394244,-2.602730730078773,0.7845744080896334
Station 2,10670.0,4380.895479303434,-2.5719623458866945,0.7962993976145889
Station 2,10680.0,4355.331376802679,-2.5405622222497772,0.8081285161459804
Station 2,10690.0,4330.084757852694,-2.508525718969892,0.8200622977073787
Station 2,10700.0,4305.1613505230625,-2.4758400959050237,0.8321012226232999
Station 2,10710.0,4280.572688326307,-2.442510884547807,0.8442457141389352
Station 2,10720.0,4256.314912079749,-2.408519233088764,0.8564961349486249
Station 2,10730.0,4232.4021365555,-2.3738665962805015,0.8688527836482914
Station 2,10740.0,4208.84070890202,-2.338546777462314,0.8813158911413284
Station 2,10750.0,4185.634196896383,-2.302558121836803,0.893885616940878
Station 2,10760.0,4162.79144422386,-2.2658927212529467,0.9065620454223736
Station 2,10770.0,4140.319330613721,-2.2285509595995974,0.9193451820202904
Station 2,10780.0,4118.222234707962,-2.1905254281879207,0.932234949375071
Station 2,10790.0,4096.509373302949,-2.1518169452156073,0.9452311834366649
Station 2,10800.0,4075.1885103413665,-2.112422736951686,0.9583336295309421
Station 2,10810.0,4054.264316988771,-2.072341396753452,0.9715419383947539
Station 2,10820.0,4033.7430122089636,-2.0315716691050048,0.9848556621845895
Station 2,10830.0,4013.633972176821,-1.9901176195231824,0.9982742504624916
Station 2,10840.0,3993.9430063755776,-1.947973255543543,1.0117970461609862
Station 2,10850.0,3974.6787065249127,-1.905146971286476,1.025423281526193
Station 2,10860.0,3955.844814001549,-1.861634626913953,1.039152074034626
Station 2,10870.0,3937.4487581425,-1.8174404459853055,1.052982422274386
Station 2,10880.0,3919.495921607745,-1.7725744489757596,1.0669132017749836
Station 2,10890.0,3901.9975209371137,-1.7270366337682264,1.0809431607614586
Station 2,10900.0,3884.957029232419,-1.6808336725959805,1.0950709157971668
Station 2,10910.0,3868.385567013849,-1.633972262851116,1.1092949472646783
Station 2,10920.0,3852.2805511921724,-1.5864598481011838,1.123613594614425
Station 2,10930.0,3836.6566523515103,-1.538303247895011,1.1380250512844523
Station 2,10940.0,3821.5165956726923,-1.48951473250179,1.1525273591594545
Station 2,10950.0,3806.86862539439,-1.4401070097964455,1.1671184023899284
Station 2,10960.0,3792.715967034183,-1.390084316478319,1.1817959003279679
Station 2,10970.0,3779.068170570215,-1.339462872656851,1.1965573992481204
Station 2,10980.0,3765.9287867253042,-1.288259968698931,1.2114002623994948
Station 2,10990.0,3753.3031478069906,-1.2364847861599395,1.2263216577640386
Station 2,11000.0,3741.2021095897203,-1.1841542541043164,1.241318542652309
Station 2,11010.0,3729.6249229583977,-1.1312885354173663,1.2563876439169401
Station 2,11020.0,3718.5787594837684,-1.077904345109115,1.2715254320496387
Station 2,11030.0,3708.0693321908425,-1.024018230382353,1.2867280866610638
Station 2,11040.0,3698.099996995416,-0.9696482957488258,1.3019914496792782
Station 2,11050.0,3688.676248296291,-0.914819233017074,1.31731096079895
Station 2,11060.0,3679.8046321392494,-0.8595547274526811,1.3326815668548406
Station 2,11070.0,3671.486096175007,-0.803870159179557,1.3480975921473914
Station 2,11080.0,3663.728770721563,-0.7477961313296562,1.3635525489861957
Station 2,11090.0,3656.5316571468575,-0.6913527095098057,1.3790388543434644
Station 2,11100.0,3649.8997562025515,-0.6345651697197755,1.3945473946515812
Station 2,11110.0,3643.841655540921,-0.577462101925834,1.4100668364702544
Station 2,11120.0,3638.353857943983,-0.5200694230092469,1.42558249481074
Station 2,11130.0,3633.4399991949163,-0.4624143675416611,1.4410743951741904
Station 2,11140.0,3629.1067808917937,-0.40452524890509467,1.4565137840844224
Station 2,11150.0,3625.3525849731373,-0.34642371732917443,1.471856456004416
Station 2,11160.0,3622.177207754878,-0.28815306816600567,1.4870290279260476
Station 2,11170.0,3619.589583322052,-0.22973132504738236,1.501898108623615
Station 2,11180.0,3617.5849822419677,-0.17119166588511556,1.5161934834287556
Station 2,11190.0,3616.1643024467476,-0.112567577054243,1.52929557509519
Station 2,11200.0,3615.332522323314,-0.053883691812188314,1.5396388040677722
Station 2,11210.0,3615.0865794212336,0.004826347676839549,1.5438209573236485
Station 2,11220.0,3615.4289105807593,0.06353128194535826,1.5392816687383875
Station 2,11230.0,3616.3581748413876,0.12220443067785706,1.5287608328248985
Station 2,11240.0,3617.874549908958,0.18081331821105523,1.5155854576583392
Station 2,11250.0,3619.973527534695,0.2393250879337224,1.5012581998215273
Station 2,11260.0,3622.657917218579,0.29771296735949127,1.4863748271878687
Station 2,11270.0,3625.924755111737,0.35594460721041826,1.4711966053034655
Station 2,11280.0,3629.777083726896,0.4139936552702788,1.4558531718050327
Station 2,11290.0,3634.2057312112324,0.47182718016773645,1.440416150834029
Station 2,11300.0,3639.2136844266724,0.5294206501249884,1.4249288415436545
Station 2,11310.0,3644.7947882866524,0.5867454978261206,1.4094194910335929
Station 2,11320.0,3650.945805194044,0.643770722770571,1.3939077701944718
Station 2,11330.0,3657.6692591168144,0.7004761716568603,1.378408169898734
Station 2,11340.0,3664.9554974646494,0.7568265893263265,1.3629318917323188
Station 2,11350.0,3672.8039572284174,0.812806898179599,1.347487954345599
Station 2,11360.0,3681.2100155102025,0.8683885196076444,1.3320838685340135
Station 2,11370.0,3690.171543728452,0.9235481189230319,1.3167260640980463
Station 2,11380.0,3699.68061485483,0.9782650795393417,1.3014201681291222
Station 2,11390.0,3709.734482531868,1.032513474250587,1.2861711913108653
Station 2,11400.0,3720.329797377676,1.0862754475995935,1.2709836555816743
Station 2,11410.0,3731.458145889799,1.13953223524333,1.255861683455921
Station 2,11420.0,3743.1176750381774,1.1922629451374471,1.240809061717753
Station 2,11430.0,3755.302123819616,1.2444547076690817,1.2258292876568122
Station 2,11440.0,3768.004493578108,1.2960879580821898,1.2109256032147748
Station 2,11450.0,3781.2201970983583,1.3471432161716095,1.1961010206270288
Station 2,11460.0,3794.947443296538,1.3976124707377777,1.1813583420688043
Station 2,11470.0,3809.1726002230466,1.4474808371783743,1.1667001749687282
Station 2,11480.0,3823.891948045987,1.4967351112839968,1.152128944192781
Station 2,11490.0,3839.103269449401,1.545363589302669,1.1376469019690414
Station 2,11500.0,3854.7972998482296,1.5933552982633605,1.1232561361639068
Station 2,11510.0,3870.9676570168112,1.640700445323011,1.1089585773570718
Station 2,11520.0,3887.61056677153,1.6873966828059894,1.0947560050421747
Station 2,11530.0,3904.716367679787,1.7334260577295104,1.0806500531931726
Station 2,11540.0,3922.276909411106,1.7787919274120472,1.0666422153731048
Station 2,11550.0,3940.29003339245,1.8234856497956122,1.052733849515229
Station 2,11560.0,3958.7435517714666,1.8674995850573721,1.0389261824718417
Station 2,11570.0,3977.636479476419,1.9108355114444355,1.0252203144001206
Station 2,11580.0,3996.957460336292,1.9534868341525922,1.0116172230348712
Station 2,11590.0,4016.7036508224764,1.9954491669485417,0.9981177678832807
Station 2,11600.0,4036.8661483899764,2.036722885637983,0.9847226943656745
Station 2,11610.0,4057.4365561638706,2.0773135296119127,0.9714326379178204
Station 2,11620.0,4078.410072735247,2.117214237682289,0.9582481280639835
Station 2,11630.0,4099.777418313182,2.156426635013846,0.9451695924651398
Station 2,11640.0,4121.5362093966105,2.1949530626983553,0.9321973609432495
Station 2,11650.0,4143.676065082144,2.2327964246760006,0.9193316694798775
Station 2,11660.0,4166.189517277794,2.2699568500544056,0.9065726641856079
Station 2,11670.0,4189.070125079661,2.306441585803635,0.8939204052354535
Station 2,11680.0,4212.315817339376,2.342250118613872,0.8813748707646263
Station 2,11690.0,4235.9145319901245,2.3773881755051023,0.8689359607185911
Station 2,11700.0,4259.860419155353,2.4118632816076295,0.8566035006511423
Station 2,11710.0,4284.148280396491,2.445672339356204,0.8443772454642531
Station 2,11720.0,4308.77155260643,2.4788299953256665,0.8322568830836605
Station 2,11730.0,4333.724874243461,2.5113359444520884,0.8202420380644352
Station 2,11740.0,4358.99705703218,2.543199045486058,0.8083322751211932
Station 2,11750.0,4384.587225634045,2.574420063489191,0.7965271025780538
Station 2,11760.0,4410.481479038571,2.6050167791439693,0.7848259757339653
Station 2,11770.0,4436.684236555806,2.6349859919257748,0.7732283001395166
Station 2,11780.0,4463.182565063561,2.6643408233475894,0.7617334347819048
Station 2,11790.0,4489.9704279911075,2.6930848220681205,0.7503406951752501
Station 2,11800.0,4517.0401120743745,2.7212259552309495,0.7390493563539411
Station 2,11810.0,4544.392737554784,2.7487759701613554,0.7278586557468819
Station 2,11820.0,4572.015270172503,2.775735792047848,0.7167677959802008
Station 2,11830.0,4599.905096584582,2.8021163874533355,0.7057759475876398
Station 2,11840.0,4628.054826816554,2.82793073532164,0.69488225158919
Station 2,11850.0,4656.461614630343,2.853176404867723,0.6840858219809294
Station 2,11860.0,4685.11721850466,2.877870675462639,0.6733857481237825
Station 2,11870.0,4714.015602593059,2.9020201171112574,0.6627810970319006
Station 2,11880.0,4743.1521850358,2.925627847559586,0.6522709155616594
Station 2,11890.0,4772.528151540033,2.948708422571719,0.6418542325025556
Station 2,11900.0,4802.128381670117,2.9712667494754186,0.6315300605715457
Station 2,11910.0,4831.951381481245,2.9933129296407857,0.621297398312579
Station 2,11920.0,4861.991464636673,3.0148497379849535,0.6111552319032642
Station 2,11930.0,4892.245599021676,3.0358936473985114,0.6011025368707994
Station 2,11940.0,4922.706545707664,3.056449060428016,0.5911382797194188
Station 2,11950.0,4953.374988987161,3.076521421993715,0.5812614194717312
Station 2,11960.0,4984.236895422489,3.0961228404412813,0.5714709091264368
Station 2,11970.0,5015.29512032776,3.115260238962868,0.5617656970349619
Station 2,11980.0,5046.5403030498655,3.133939507439697,0.5521447281996389
Station 2,11990.0,5077.969227186846,3.1521710313375935,0.5426069454960805
Station 2,12000.0,5109.58340681306,3.169961454260307,0.5331512908224336
Station 2,12010.0,5141.370603720177,3.1873212366880135,0.5237767061781978
Station 2,12020.0,5173.329466959973,3.204253793117568,0.5144821346753227
Station 2,12030.0,5205.45294526676,3.2207677283349048,0.5052665214842464
Station 2,12040.0,5237.74112172099,3.2368725536345435,0.49612881471755393
Station 2,12050.0,5270.189317738703,3.2525729999783684,0.4870679662538779
Station 2,12060.0,5302.790722939551,3.2678810436017964,0.47808293250463363
Station 2,12070.0,5335.54459700884,3.2827971391745403,0.469172675126145
Station 2,12080.0,5368.447056819226,3.297334021167522,0.46033616167965286
Station 2,12090.0,5401.490664473152,3.3114959429219004,0.4515723662416411
Station 2,12100.0,5434.674597346411,3.325290115731089,0.4428802699668734
Station 2,12110.0,5467.995874582615,3.338725383054718,0.4342588616064504
Station 2,12120.0,5501.448050152167,3.35180219491795,0.42570713798313314
Station 2,12130.0,5535.032766389811,3.3645313570511366,0.4172241044261274
Station 2,12140.0,5568.737625514726,3.3769232126232342,0.40880877516743186
Station 2,12150.0,5602.569249743217,3.3889785737437648,0.40046017370178766
Station 2,12160.0,5636.51707841396,3.400702465336353,0.39217733311220837
Station 2,12170.0,5670.581674152171,3.412106750010358,0.38395929635547776
Station 2,12180.0,5704.757826244018,3.423194097161354,0.3758051165055224
Station 2,12190.0,5739.043395569367,3.4339701812176364,0.3677138570222018
Station 2,12200.0,5773.435844050804,3.4444392875312158,0.35968459194197294
Station 2,12210.0,5807.930740772699,3.454611072758643,0.35171640605551663
Station 2,12220.0,5842.527452379884,3.4644880383442427,0.34380839506287253
Station 2,12230.0,5877.221108261678,3.4740769243471363,0.3359596657057708
Station 2,12240.0,5912.005218412232,3.4833822129414944,0.3281693358785803
Station 2,12250.0,5946.885558043822,3.492407743782727,0.3204365347192049
Station 2,12260.0,5981.85369591513,3.501162648534492,0.3127604026812132
Station 2,12270.0,6016.909804591757,3.5096464103567753,0.305140091588419
Station 2,12280.0,6052.0475760008085,3.5178689743842657,0.29757476467307803
Station 2,12290.0,6087.265266174729,3.5258335330857475,0.2900635965988034
Station 2,12300.0,6122.564281806622,3.533543041575081,0.2826057734692487
Station 2,12310.0,6157.935349451774,3.5410052590490415,0.27520049282355963
Station 2,12320.0,6193.382609740561,3.548222499507056,0.2678469636195367
Station 2,12330.0,6228.900170764655,3.555199986722017,0.26054440620540786
Station 2,12340.0,6264.485097795991,3.5619399373387,0.2532920522810626
Station 2,12350.0,6300.138432917663,3.5684492871623963,0.2460891448495466
Station 2,12360.0,6335.853104596137,3.5747308888053486,0.23893493815958386
Station 2,12370.0,6371.631231869273,3.5807867939283486,0.23182869763984243
Station 2,12380.0,6407.46861822011,3.5866266860170057,0.22476969982562328
Station 2,12390.0,6443.363823237098,3.592250498925496,0.2177572322786118
Station 2,12400.0,6479.314229995816,3.5976612330359314,0.2107905935003034
Station 2,12410.0,6515.314823779048,3.6028640492542414,0.2038690928396598
Station 2,12420.0,6551.367993560443,3.6078614440608923,0.19699205039554699
Station 2,12430.0,6587.472802801257,3.6126589656848203,0.19015879691445242
Station 2,12440.0,6623.6197863712505,3.6172576135307417,0.18336867368395177
Station 2,12450.0,6659.816699645265,3.621660808888478,0.17662103242238286
Station 1,14780.0,6669.3353663298285,-3.577258634769327,0.1763812902488889
Station 1,14790.0,6633.583418623477,-3.5726305575665798,0.1830529215574983
Station 1,14800.0,6597.8819588812985,-3.567811895159703,0.18976531950244083
Station 1,14810.0,6562.229298347599,-3.5627950445379026,0.19651908292904272
Station 1,14820.0,6526.627450793017,-3.55758045982351,0.20331481948603727
Station 1,14830.0,6491.078686947151,-3.552160682425651,0.21015314567763163
Station 1,14840.0,6455.585415371033,-3.5465394053217674,0.21703468690937786
Station 1,14850.0,6420.149313636378,-3.540704547202457,0.2239600775273245
Station 1,14860.0,6384.770038882483,-3.5346598348614457,0.23092996084986497
Station 1,14870.0,6349.45741139927,-3.528394091536615,0.23794498919168544
Station 1,14880.0,6314.2041521289775,-3.5219111466638253,0.24500582387916026
Station 1,14890.0,6279.018256457411,-3.515203155600824,0.25211313525651324
Station 1,14900.0,6243.902245948343,-3.5082673553092447,0.25926760268201815
Station 1,14910.0,6208.853588049273,-3.5010949340230804,0.26646991451346336
Station 1,14920.0,6173.879121262349,-3.493689541996592,0.2737207680820717
Station 1,14930.0,6138.979250520544,-3.4860432819759857,0.28102086965399514
Station 1,14940.0,6104.161240060812,-3.478148522186911,0.2883709343784819
Station 1,14950.0,6069.417214764081,-3.470004790577254,0.29577168622173
Station 1,14960.0,6034.759399453356,-3.461607597793668,0.30322385788540573
Station 1,14970.0,6000.1855685632945,-3.4529514451510437,0.3107281907087354
Station 1,14980.0,5965.702154758119,-3.444031670699104,0.31828543455301644
Station 1,14990.0,5931.306079615874,-3.434843760531323,0.3258963476673325
Station 1,15000.0,5897.007760311323,-3.4253814548351897,0.3335616965341827
Station 1,15010.0,5862.800540105244,-3.4156432584111602,0.3412822556936632
Station 1,15020.0,5828.6935121600945,-3.4056209972519147,0.34905880754476787
Station 1,15030.0,5794.690177973744,-3.3953080189924743,0.356892142122286
Station 1,15040.0,5760.788425503957,-3.384702434063219,0.364783056847699
Station 1,15050.0,5726.9966242526025,-3.3737988979256377,0.3727323562523836
Station 1,15060.0,5693.3154718908245,-3.362588887089612,0.3807408516713442
Station 1,15070.0,5659.745207447015,-3.3510711561322273,0.3888093609055895
Station 1,15080.0,5626.293858434162,-3.339234562976796,0.3969387078511758
Station 1,15090.0,5592.961662895824,-3.32707631003323,0.4051297220928356
Station 1,15100.0,5559.753466563643,-3.3145937871803617,0.4133832384599793
Station 1,15110.0,5526.67471916425,-3.3017752085348433,0.4217000965427716
Station 1,15120.0,5493.717282592375,-3.288616620276558,0.430081140165257
Station 1,15130.0,5460.901379658372,-3.2751126889574604,0.43852721679400475
Station 1,15140.0,5428.218363412773,-3.261258438828241,0.44703917694047657
Station 1,15150.0,5395.675785780709,-3.2470470820556443,0.4556178734937861
Station 1,15160.0,5363.279631559815,-3.232467065861588,0.46426416098968815
Station 1,15170.0,5331.029633091134,-3.21751577104058,0.47297889483106653
Station 1,15180.0,5298.928634631621,-3.2021896456664125,0.48176293044846163
Station 1,15190.0,5266.985795621195,-3.186475745367233,0.4906171223971572
Station 1,15200.0,5235.200703394995,-3.170371532643674,0.49954232338720855
Station 1,15210.0,5203.580225836431,-3.153870639775671,0.5085393832425603
Station 1,15220.0,5172.1254672305695,-3.1369608284634842,0.5176091477852307
Station 1,15230.0,5140.841928216368,-3.1196398656206505,0.5267524576403165
Station 1,15240.0,5109.7343406617465,-3.1018978405076427,0.5359701469573431
Station 1,15250.0,5078.805926228951,-3.0837287783310314,0.5452630420432439
Station 1,15260.0,5048.062255843299,-3.0651267726467375,0.5546319599020084
Station 1,15270.0,5017.503490777517,-3.0460813352241036,0.5640777066757312
Station 1,15280.0,4987.140555735972,-3.0265900956864655,0.5736010759815376
Station 1,15290.0,4956.9765512584245,-3.0066392029324063,0.5832028471384965
Station 1,15300.0,4927.008765773737,-2.9862238090286626,0.5928837832783223
Station 1,15310.0,4897.252432342735,-2.965336425240503,0.6026446293332565
Station 1,15320.0,4867.703273183327,-2.943972483221816,0.6124861098941263
Station 1,15330.0,4838.374114377622,-2.922118570978052,0.6224089269311108
Station 1,15340.0,4809.263341862165,-2.89977344853317,0.6324137573692394
Station 1,15350.0,4780.38002961691,-2.8769218026343766,0.6425012505101116
Station 1,15360.0,4751.726467804196,-2.853561492944397,0.6526720252906733
Station 1,15370.0,4723.311367508193,-2.829687299127256,0.6629266673692237
Station 1,15380.0,4695.1347273485035,-2.8052854339543734,0.67326572602803
Station 1,15390.0,4667.205962083889,-2.780350505798963,0.6836897108810581
Station 1,15400.0,4639.530002355801,-2.754876854505055,0.6941990883743303
Station 1,15410.0,4612.109680801956,-2.7288568026004603,0.7047942780653038
Station 1,15420.0,4584.951890724049,-2.70227889331865,0.7154756486663593
Station 1,15430.0,4558.065127260437,-2.675143499995371,0.7262435138360563
Station 1,15440.0,4531.452521722106,-2.6474378853325704,0.7370981277000774
Station 1,15450.0,4505.121504064628,-2.6191556777022087,0.7480396800818899
Station 1,15460.0,4479.074335538074,-2.590291562514663,0.759068291420901
Station 1,15470.0,4453.314563967511,-2.560838239296692,0.7701840073532897
Station 1,15480.0,4427.857432189446,-2.530789682198541,0.7813867929277247
Station 1,15490.0,4402.701442051061,-2.5001371011903792,0.7926765264199312
Station 1,15500.0,4377.856766325416,-2.46888083284159,0.8040529927072622
Station 1,15510.0,4353.325262986044,-2.437009304631763,0.8155158762126253
Station 1,15520.0,4329.118742570356,-2.4045199237748234,0.8270647532910205
Station 1,15530.0,4305.237432647914,-2.371405754377491,0.8386990840576518
Station 1,15540.0,4281.691162290802,-2.3376643312663967,0.8504182035892047
Station 1,15550.0,4258.486399986157,-2.303288882728856,0.8622213124281645
Station 1,15560.0,4235.626670357841,-2.2682782515174225,0.8741074663115601
Station 1,15570.0,4213.124303625399,-2.232626784821975,0.8860755650333126
Station 1,15580.0,4190.977443117812,-2.196332332399128,0.8981243403350238
Station 1,15590.0,4169.200647006118,-2.1593905462087744,0.9102523427031478
Station 1,15600.0,4147.793486195718,-2.1218025081350125,0.9224579269305041
Station 1,15610.0,4126.766519537637,-2.0835622533368285,0.9347392362765351
Station 1,15620.0,4106.1231517110455,-2.044673999128623,0.9470941850327568
Station 1,15630.0,4085.8753098211364,-2.005133871338715,0.9595204392668132
Station 1,15640.0,4066.0243851236796,-1.9649416172335905,0.9720153954792828
Station 1,15650.0,4046.5769131196216,-1.9240999115287538,0.9845761568608151
Station 1,15660.0,4027.543279561039,-1.882610742887486,0.9971995067817954
Station 1,15670.0,4008.9287064615614,-1.8404766006624913,1.009881879080833
Station 1,15680.0,3990.7360295980216,-1.797695738266277,1.0226193246399455
Station 1,15690.0,3972.9747683929127,-1.7542765562177594,1.0354074736408723
Station 1,15700.0,3955.6535601037062,-1.7102218197839656,1.04824149278561
Station 1,15710.0,3938.7743729322287,-1.6655371569206139,1.0611160366317172
Station 1,15720.0,3922.3429088534194,-1.6202287984556514,1.0740251920351207
Station 1,15730.0,3906.371071105098,-1.5743047522922926,1.0869624145056385
Station 1,15740.0,3890.8597656125494,-1.527770768641091,1.099920455058185
Station 1,15750.0,3875.818339728,-1.4806368656422053,1.112891275880055
Station 1,15760.0,3861.248211204849,-1.432913616832815,1.12586595282635
Station 1,15770.0,3847.1621883030493,-1.3846087847830826,1.1388345623961864
Station 1,15780.0,3833.559583094617,-1.3357374380902491,1.1517860504282291
Station 1,15790.0,3820.4475713104976,-1.286311391421954,1.1647080792845121
Station 1,15800.0,3807.833699811477,-1.2363382022126705,1.1775868497720618
Station 1,15810.0,3795.7217299357912,-1.1858393657048396,1.1904068934980885
Station 1,15820.0,3784.120571814483,-1.1348294381856971,1.203150830800246
Station 1,15830.0,3773.027002991532,-1.0833193556040313,1.2157990889007297
Station 1,15840.0,3762.4541204878697,-1.031334345860121,1.2283295746095986
Station 1,15850.0,3752.4047711466133,-0.978882936833762,1.2407172959262192
Station 1,15860.0,3742.878923498682,-0.9259920894882989,1.2529339275352447
Station 1,15870.0,3733.884750014297,-0.8726761206689047,1.2649473169418641
Station 1,15880.0,3725.426192851586,-0.8189597516224708,1.276720931377361
Station 1,15890.0,3717.506330322396,-0.7648599430390761,1.2882132517146225
Station 1,15900.0,3710.128530505999,-0.7104042324562243,1.2993771296172811
Station 1,15910.0,3703.300163504929,-0.6556096658649728,1.3101591396090984
Station 1,15920.0,3697.017600745654,-0.600507468530307,1.3204989804708298
Station 1,15930.0,3691.2925664683994,-0.5451144210808256,1.3303290117716982
Station 1,15940.0,3686.115677412919,-0.4894619356327908,1.3395740515320416
Station 1,15950.0,3681.5016811235605,-0.4335711574845642,1.3481516069480428
Station 1,15960.0,3677.4466452894585,-0.3774684802958629,1.3559727529360452
Station 1,15970.0,3673.952600393768,-0.321181622976064,1.3629438954437898
Station 1,15980.0,3671.0235051895256,-0.26474036598911166,1.3689696307437993
Station 1,15990.0,3668.659525573952,-0.20816897085670433,1.3739568057342257
Station 1,16000.0,3666.8619061283566,-0.15149543046030953,1.3778196742978484
Station 1,16010.0,3665.6293312354132,-0.09474541302906303,1.3804857417048546
Station 1,16020.0,3664.9656453761145,-0.03795464811421056,1.3819015620565074
Station 1,16030.0,3664.8705406872764,0.01885786931577754,1.38203753044335
Station 1,16040.0,3665.342822264391,0.07566013501548552,1.3808907302821167
Station 1,16050.0,3666.3824560381895,0.1324188617241458,1.3784852205723679
Station 1,16060.0,3667.990953554589,0.18911503157405393,1.3748696988107312
Station 1,16070.0,3670.1664392433927,0.24571336042397485,1.3701130510154345
Station 1,16080.0,3672.9049305614426,0.3021916421148541,1.364298684627436
Station 1,16090.0,3676.2085057884187,0.3585191051880582,1.3575186227649751
Station 1,16100.0,3680.0744503114183,0.41466943776328474,1.3498681560599972
Station 1,16110.0,3684.50173890037,0.47061314160462503,1.3414415312672945
Station 1,16120.0,3689.486471311653,0.5263267497590587,1.3323288396563544
Station 1,16130.0,3695.0272849679704,0.5817844793156247,1.3226140358407286
Station 1,16140.0,3701.1204758502663,0.6369609193255458,1.3123738906538773
Station 1,16150.0,3707.7626703055917,0.6918309992140499,1.3016776415327802
Station 1,16160.0,3714.955721052028,0.746374822483139,1.2905871184407551
Station 1,16170.0,3722.6912861498345,0.80055947302441,1.279157163593775
Station 1,16180.0,3730.9654011450125,0.8543747094703247,1.2674362095163694
Station 1,16190.0,3739.7781588988114,0.9077892272993435,1.255466921767283
Station 1,16200.0,3749.119798854094,0.9607877764643029,1.243286846006609
Station 1,16210.0,3758.9894961676628,1.0133446212450452,1.2309290235433805
Station 1,16220.0,3769.386902624978,1.0654473004215823,1.2184225563630282
Station 1,16230.0,3780.2988302728354,1.1170735125397493,1.2057931136574884
Station 1,16240.0,3791.7258767042886,1.168206135306942,1.1930633786923914
Station 1,16250.0,3803.6596829507444,1.2188290681681566,1.1802534386705354
Station 1,16260.0,3816.1003402432816,1.2689282058839826,1.167381122365989
Station 1,16270.0,3829.0380863308073,1.3184859543785068,1.1544622910956974
Station 1,16280.0,3842.4686779862545,1.3674946506931986,1.1415110887333333
Station 1,16290.0,3856.3871352841884,1.4159352579330666,1.1285401562032698
Station 1,16300.0,3870.7847320314236,1.4637970701165643,1.115560815425109
Station 1,16310.0,3885.659990387432,1.5110731763475491,1.1025832271317528
Station 1,16320.0,3901.0065451907644,1.5577503552960452,1.0896165264267006
Station 1,16330.0,3916.813036281103,1.6038191395395736,1.0766689394178288
Station 1,16340.0,3933.0806124495234,1.6492713743849041,1.0637478837840937
Station 1,16350.0,3949.794810638744,1.694106376515153,1.050860055705647
Station 1,16360.0,3966.9589803288663,1.7383071154415373,1.038011505217121
Station 1,16370.0,3984.56184662424,1.781876028197924,1.0252077017250483
Station 1,16380.0,4002.59524350641,1.8248032837396968,1.012453591158608
Station 1,16390.0,4021.0560855381964,1.867089364311448,0.9997536459925194
Station 1,16400.0,4039.933833497787,1.908730233031313,0.9871119091864886
Station 1,16410.0,4059.227140416568,1.9497216103742827,0.9745320329218664
Station 1,16420.0,4078.9240937990385,1.990062523637637,0.9620173128786275
Station 1,16430.0,4099.024671108219,2.0297519005775304,0.9495707186802304
Station 1,16440.0,4119.51986788318,2.068790664836775,0.9371949210369445
Station 1,16450.0,4140.39908039182,2.1071768493885177,0.92489231603682
Station 1,16460.0,4161.661548274731,2.1449135951351685,0.9126650469651179
Station 1,16470.0,4183.295483208483,2.1819995183108283,0.9005150239755303
Station 1,16480.0,4205.299061110382,2.218438051693595,0.8884439418882368
Station 1,16490.0,4227.661557814469,2.2542338051553403,0.8764532963491128
Station 1,16500.0,4250.379984733021,2.2893876060214526,0.864544398550142
Station 1,16510.0,4273.449102656788,2.3239038994405266,0.8527183886821376
Station 1,16520.0,4296.857529256299,2.3577819468083674,0.8409762482664275
Station 1,16530.0,4320.601566796076,2.391033929711751,0.829318811491492
Station 1,16540.0,4344.676378993121,2.4236577545266,0.8177467756630189
Station 1,16550.0,4369.073552232195,2.4556634675610063,0.8062607108610058
Station 1,16560.0,4393.787889638033,2.487051499494436,0.794861068884909
Station 1,16570.0,4418.811338744336,2.5178334098237154,0.7835481915571486
Station 1,16580.0,4444.140624121683,2.5480082715377175,0.7723223184410517
Station 1,16590.0,4469.769894782572,2.577587111357201,0.7611835940140267
Station 1,16600.0,4495.691501376327,2.606576629414053,0.7501320744172686
Station 1,16610.0,4521.898061777384,2.6349784681305057,0.7391677337197684
Station 1,16620.0,4548.38653967422,2.662800541142504,0.7282904697872654
Station 1,16630.0,4575.153939404828,2.6900552726571023,0.7175001097828527
Station 1,16640.0,4602.189238320898,2.716745657895933,0.7067964153247884
Station 1,16650.0,4629.486712823742,2.742878406505847,0.6961790873268796
Station 1,16660.0,4657.043482195873,2.768461124647964,0.6856477705441214
Station 1,16670.0,4684.854194246837,2.7935025239999858,0.6752020578439777
Station 1,16680.0,4712.912220552032,2.818009299881281,0.6648414942217272
Station 1,16690.0,4741.211410695141,2.8419893422792675,0.6545655805765229
Station 1,16700.0,4769.750304772708,2.8654458756916688,0.6443737772633518
Station 1,16710.0,4798.520846077321,2.888393767767472,0.6342655074347241
Station 1,16720.0,4827.516631884703,2.910837663897534,0.6242401601848054
Station 1,16730.0,4856.734592174537,2.932783964731562,0.6142970935076515
Station 1,16740.0,4886.1710026235905,2.9542397748845217,0.6044356370803531
Station 1,16750.0,4915.818517884292,2.9752122302561044,0.5946550948810504
Station 1,16760.0,4945.671913782542,2.9957140832789992,0.5849547476511288
Station 1,16770.0,4975.731949863736,3.015747928779958,0.5753338552102257
Station 1,16780.0,5005.987216975935,3.035324870539229,0.5657916586321428
Station 1,16790.0,5036.435976839606,3.054449888313636,0.5563273822892277
Station 1,16800.0,5067.074358653024,3.073127440599559,0.5469402357723441
Station 1,16810.0,5097.896983816496,3.0913703431564747,0.5376294156931101
Station 1,16820.0,5128.899169627167,3.109185409476749,0.5283941073747054
Station 1,16830.0,5160.079735085968,3.126579040850954,0.5192334864372106
Station 1,16840.0,5191.430156722887,3.143558161883233,0.5101467202830801
Station 1,16850.0,5222.950004136344,3.160126463270419,0.5011329694880924
Station 1,16860.0,5254.6308028684425,3.1762954728509794,0.49219138910280197
Station 1,16870.0,5286.47273425432,3.1920726204967678,0.4833211298692842
Station 1,16880.0,5318.470614480492,3.2074614765167713,0.47452133935770285
Station 1,16890.0,5350.622515994297,3.222471564343522,0.4657911630270132
Station 1,16900.0,5382.919630208273,3.2371083691408975,0.4571297452138834
Station 1,16910.0,5415.361842419546,3.2513755665969217,0.44853623005373006
Station 1,16920.0,5447.944729160562,3.2652856667683263,0.4400097623375646
Station 1,16930.0,5480.669467268884,3.2788397524101196,0.4315494883081524
Station 1,16940.0,5513.521748849674,3.2920482348686892,0.4231545563986915
Station 1,16950.0,5546.506124542267,3.304914280445367,0.4148241178958592
Station 1,16960.0,5579.618371482099,3.317446512814693,0.4065573275870414
Station 1,16970.0,5612.855763636591,3.3296489889940775,0.39835334435711145
Station 1,16980.0,5646.210461734508,3.3415289557868184,0.3902113317161447
Station 1,16990.0,5679.683029959714,3.353090404133621,0.3821304582951019
Station 1,17000.0,5713.2714264619535,3.364340007788616,0.3741098983008911
Station 1,17010.0,5746.971529793461,3.3752836164999165,0.36614883193314296
Station 1,17020.0,5780.777457625072,3.3859303726538377,0.3582464457649304
Station 1,17030.0,5814.688799240433,3.39627661878441,0.35040193308954115
Station 1,17040.0,5848.700096805564,3.4063338893333186,0.3426144942353116
Station 1,17050.0,5882.8117840698515,3.4161099788078317,0.3348833368504298
Station 1,17060.0,5917.021635786493,3.425601835314257,0.3272076761595142
Station 1,17070.0,5951.323956455433,3.434823569751784,0.3195867351936896
Station 1,17080.0,5985.717577609982,3.443774068462683,0.3120197449957783
Station 1,17090.0,6020.199869248525,3.4524578822251435,0.30450594480216986
Station 1,17100.0,6054.765314333517,3.4608853190595896,0.2970445822028104
Station 1,17110.0,6089.415000997341,3.4690572129669763,0.28963491328071744
Station 1,17120.0,6124.145015387601,3.4769720280819403,0.2822762027323263
Station 1,17130.0,6158.95513148559,3.4846455258571827,0.2749677239699115
Station 1,17140.0,6193.838614073868,3.4920747945564434,0.2677087592072645
Station 1,17150.0,6228.7960140648565,3.4992675105045747,0.2604985995297434
Station 1,17160.0,6263.821502637082,3.506227032027774,0.2533365449497388
Station 1,17170.0,6298.91841195744,3.512956973712875,0.2462219044485695
Station 1,17180.0,6334.082448179098,3.5194597361309623,0.23915399600573106
Station 1,17190.0,6369.307759520613,3.525742125689919,0.23213214661640336
Station 1,17200.0,6404.596462256486,3.531807201002925,0.2251556922980448
Station 1,17210.0,6439.943743202131,3.537658599987223,0.21822397808687516
Station 1,17220.0,6475.348461029995,3.5432978714969363,0.21133635802498857
Station 1,17230.0,6510.807426149143,3.5487297984387913,0.2044921951388079
Station 1,17240.0,6546.321551239733,3.5539613793566787,0.19769086140954356
Station 1,17250.0,6581.886910904561,3.5589904166578754,0.1909317377362781
Station 1,17260.0,6617.503191356482,3.563826589076415,0.1842142138922813
Station 1,17270.0,6653.163206764422,3.5684668789715444,0.17753768847509394
Station 3,18570.0,6659.043138345002,-2.991368360677883,0.17535007925761642
Station 3,18580.0,6629.182462718276,-2.980780895508646,0.18090966785093252
Station 3,18590.0,6599.4289207473685,-2.969933577566159,0.18648362003463406
Station 3,18600.0,6569.784276362991,-2.958825609846263,0.1920717391876811
Station 3,18610.0,6540.25358850835,-2.9474520454836233,0.19767381348300261
Station 3,18620.0,6510.837419185418,-2.9358099816428114,0.20328961525015538
Station 3,18630.0,6481.5400221598375,-2.9238961637425986,0.2089189003177998
Station 3,18640.0,6452.360843382593,-2.9117065843653682,0.21456140733571874
Station 3,18650.0,6423.304677194429,-2.899237339078902,0.22021685707611302
Station 3,18660.0,6394.374886906245,-2.886486711431819,0.22588495171394943
Station 3,18670.0,6365.574374787487,-2.8734488502157958,0.23156537408616856
Station 3,18680.0,6336.908465644346,-2.8601247272165673,0.2372577869296007
Station 3,18690.0,6308.37531172833,-2.846504894061441,0.24296183209748168
Station 3,18700.0,6279.979858778789,-2.8325892438248053,0.24867712975451026
Station 3,18710.0,6251.723618018437,-2.8183741421369204,0.2544032775504423
Station 3,18720.0,6223.611924801482,-2.803855500361542,0.2601398497722803
Station 3,18730.0,6195.647148553674,-2.789029143665434,0.2658863964751764
Station 3,18740.0,6167.833183874237,-2.773892475050829,0.2716424425922484
Station 3,18750.0,6140.168357467733,-2.7584412814229617,0.2774074870235803
Station 3,18760.0,6112.662830200925,-2.742673957788934,0.283181001703731
Station 3,18770.0,6085.315532200023,-2.7265844034667186,0.2889624306283999
Station 3,18780.0,6058.133526049807,-2.710170604390128,0.29475118890879193
Station 3,18790.0,6031.115585376493,-2.6934263527451288,0.3005466617804986
Station 3,18800.0,6004.267729671175,-2.6763510060389337,0.30634820358819015
Station 3,18810.0,5977.589819833262,-2.6589422329455163,0.3121551367604607
Station 3,18820.0,5951.08933875627,-2.641194691975925,0.3179667507685484
Station 3,18830.0,5924.766915669826,-2.623103944825333,0.32378230107014283
Station 3,18840.0,5898.627405267055,-2.6046676002133924,0.32960100803965464
Station 3,18850.0,5872.6737681835275,-2.5858810305479123,0.3354220558864963
Station 3,18860.0,5846.911700254756,-2.566744792641441,0.34124459156310394
Station 3,18870.0,5821.3411520474165,-2.547247231209699,0.3470677236646254
Station 3,18880.0,5795.966591094194,-2.527397607659169,0.35289052132241266
Station 3,18890.0,5770.793886284463,-2.507181919987846,0.35871201309366696
Station 3,18900.0,5745.824141229739,-2.4866018300779498,0.3645311858498281
Station 3,18910.0,5721.062761311939,-2.4656558572120915,0.3703469836665378
Station 3,18920.0,5696.514590963703,-2.444335167207639,0.3761583067182702
Station 3,18930.0,5672.178518995743,-2.422643095789815,0.3819640101809883
Station 3,18940.0,5648.062283118063,-2.4005714029356375,0.38776290314647954
Station 3,18950.0,5624.167021424215,-2.378122888503451,0.3935537475523078
Station 3,18960.0,5600.500021449383,-2.3552912137635724,0.3993352571316381
Station 3,18970.0,5577.064689621282,-2.332072127866271,0.40510609638750666
Station 3,18980.0,5553.859767569963,-2.3084667262524166,0.4108648795964428
Station 3,18990.0,5530.894803240923,-2.28447206931915,0.41661016984668736
Station 3,19000.0,5508.172971703802,-2.260086124333731,0.42234047811660824
Station 3,19010.0,5485.696190324961,-2.2353066353873,0.42805426239926647
Station 3,19020.0,5463.4687363691,-2.2101293450923514,0.43374992687945746
Station 3,19030.0,5441.493958568239,-2.1845576594832186,0.43942582116991324
Station 3,19040.0,5419.777084145956,-2.1585845766609717,0.44508023961372994
Station 3,19050.0,5398.32375933036,-2.1322107016311587,0.450711420660449
Station 3,19060.0,5377.135350081775,-2.1054351335313997,0.4563175463235898
Station 3,19070.0,5356.21582844738,-2.07825610796867,0.461896741727794
Station 3,19080.0,5335.570825386788,-2.050673268797769,0.467447074754089
Station 3,19090.0,5315.204680355913,-2.022686638558083,0.4729665557921145
Station 3,19100.0,5295.120640062539,-1.9942937812017714,0.47845313760847574
Station 3,19110.0,5275.317707960049,-1.9654970697108838,0.48390471534067936
Station 3,19120.0,5255.810140673039,-1.9362928516149822,0.4893191266263691
Station 3,19130.0,5236.593301151661,-1.9066833729055712,0.4946941518778182
Station 3,19140.0,5217.677851535168,-1.8766697482870676,0.5000275147004652
Station 3,19150.0,5199.06253577448,-1.8462492195060054,0.5053168824770988
Station 3,19160.0,5180.756155617625,-1.8154278825661643,0.5105598671744965
Station 3,19170.0,5162.756171336453,-1.784202859709357,0.5157540262823809
Station 3,19180.0,5145.07033760814,-1.752574651531111,0.5208968639668634
Station 3,19190.0,5127.706995473535,-1.7205506163125603,0.5259858324315927
Station 3,19200.0,5110.660173772011,-1.6881271252077938,0.5310183334957527
Station 3,19210.0,5093.944908563183,-1.6553100051362808,0.5359917203986335
Station 3,19220.0,5077.558681406294,-1.622096617450958,0.5409032998400696
Station 3,19230.0,5061.5039917916165,-1.5884954473834505,0.5457503342655348
Station 3,19240.0,5045.788992940681,-1.5545059244638977,0.5505300444040387
Station 3,19250.0,5030.415299258271,-1.5201330093649796,0.5552396120662134
Station 3,19260.0,5015.38674352493,-1.4853840723249296,0.5598761832090687
Station 3,19270.0,5000.7086779011,-1.4502552966893862,0.5644368712728808
Station 3,19280.0,4986.3815383947995,-1.4147546772079485,0.5689187607944755
Station 3,19290.0,4972.415083670697,-1.3788904939419497,0.5733189112998667
Station 3,19300.0,4958.805760409245,-1.3426640652527384,0.5776343614777141
Station 3,19310.0,4945.563288952014,-1.3060787366941138,0.5818621336334614
Station 3,19320.0,4932.685693535972,-1.2691485276669334,0.5859992384222253
Station 3,19330.0,4920.180541453952,-1.231869659068039,0.5900426798566221
Station 3,19340.0,4908.0495296872605,-1.1942561291182108,0.5939894605836308
Station 3,19350.0,4896.295841083969,-1.1563089528340884,0.5978365874224655
Station 3,19360.0,4884.925178140889,-1.118039608528669,0.6015810771530927
Station 3,19370.0,4873.93667044301,-1.0794523443251882,0.60521996254269
Station 3,19380.0,4863.335579348655,-1.0405570647529718,0.6087502985948345
Station 3,19390.0,4853.126315893075,-1.001362811096905,0.6121691690037229
Station 3,19400.0,4843.310168801639,-0.9618732888996679,0.6154736927931485
Station 3,19410.0,4833.890620584531,-0.9221034498036818,0.6186610311174027
Station 3,19420.0,4824.8693812811425,-0.8820585151870448,0.6217283941987528
Station 3,19430.0,4816.2494486564365,-0.8417500942698959,0.6246730483736511
Station 3,19440.0,4808.035309900902,-0.8011844587746131,0.627492323217475
Station 3,19450.0,4800.229265002286,-0.7603774374640982,0.6301836187153438
Station 3,19460.0,4792.828022391186,-0.7193327026619782,0.6327444124444931
Station 3,19470.0,4785.838309390244,-0.6780631909472152,0.6351722667318167
Station 3,19480.0,4779.266580572807,-0.6365826037614036,0.6374648357485909
Station 3,19490.0,4773.109491482411,-0.5949000505730011,0.6396198725030591
Station 3,19500.0,4767.371545769767,-0.5530238232524657,0.6416352356905514
Station 3,19510.0,4762.051442468771,-0.5109751627288198,0.643508896360062
Station 3,19520.0,4757.150950948759,-0.46875370776740266,0.6452389443321123
Station 3,19530.0,4752.67586440757,-0.42637966399031035,0.6468235943911618
Station 3,19540.0,4748.624204491401,-0.3838641037470536,0.6482611921693442
Station 3,19550.0,4744.9975553432005,-0.3412161273191315,0.6495502196561449
Station 3,19560.0,4741.800458835438,-0.29845230176571375,0.6506893003378145
Station 3,19570.0,4739.030484299217,-0.2555849990079297,0.6516772039165789
Station 3,19580.0,4736.687956862711,-0.21262295622202756,0.6525128505757986
Station 3,19590.0,4734.77817942384,-0.16958126078632993,0.6531953147600087
Station 3,19600.0,4733.298728627182,-0.12647682843992994,0.6537238284418899
Station 3,19610.0,4732.246863272473,-0.08331895690616599,0.654097783851714
Station 3,19620.0,4731.631529725447,-0.04012300937831345,0.6543167356486423
Station 3,19630.0,4731.446991994849,0.0030997068944738247,0.6543804025173252
Station 3,19640.0,4731.694394389334,0.04633341558796703,0.6542886681775688
Station 3,19650.0,4732.371761925842,0.0895660742526618,0.6540415817993109
Station 3,19660.0,4733.484269398212,0.13278676286158317,0.6536393578197266
Station 3,19670.0,4735.028539953375,0.17597597068467732,0.6530823751639038
Station 3,19680.0,4737.005119065695,0.21912672741064693,0.652371175875137
Station 3,19690.0,4739.4128234872005,0.26222184879419924,0.6515064631654032
Station 3,19700.0,4742.248506243434,0.3052519348398256,0.6504890989009621
Station 3,19710.0,4745.516871923115,0.34819647004257404,0.6493201005422014
Station 3,19720.0,4749.211733554885,0.3910505818767705,0.6480006375607628
Station 3,19730.0,4753.335891820056,0.4337982948136105,0.6465320273606099
Station 3,19740.0,4757.888547591763,0.4764256958736555,0.6449157307329654
Station 3,19750.0,4762.865950148609,0.5189226172138349,0.6431533468779425
Station 3,19760.0,4768.267296316304,0.5612739692489774,0.6412466080281836
Station 3,19770.0,4774.088546532429,0.6034703454930102,0.6391973737118756
Station 3,19780.0,4780.333239565014,0.6454991167706868,0.6370076246941186
Station 3,19790.0,4787.000284386881,0.6873441292965923,0.6346794566368198
Station 3,19800.0,4794.078387419281,0.7290025589697625,0.6322150735180005
Station 3,19810.0,4801.577763448558,0.7704573165238,0.6296167808517108
Station 3,19820.0,4809.488301151241,0.8116947673766981,0.6268869787496308
Station 3,19830.0,4817.812570890886,0.8527147053663898,0.6240281548649427
Station 3,19840.0,4826.542541680782,0.8934960585755521,0.6210428772581653
Station 3,19850.0,4835.680785029884,0.9340304140297024,0.6179337872234673
Station 3,19860.0,4845.222376744857,0.9743157422604962,0.6147035921124426
Station 3,19870.0,4855.165403210444,1.0143329248882569,0.6113550581905884
Station 3,19880.0,4865.508532916309,1.0540791430794052,0.6078910035597137
Station 3,19890.0,4876.245344728832,1.0935419350208426,0.6043142911613846
Station 3,19900.0,4887.376759193724,1.1327124540765314,0.6006278219164183
Station 3,19910.0,4898.89912218006,1.1715867945176381,0.5968345280535141
Station 3,19920.0,4910.808315406192,1.2101532025212878,0.592937366563187
Station 3,19930.0,4923.100834304129,1.2484039911655989,0.5889393128664109
Station 3,19940.0,4935.775645055606,1.286335979460334,0.5848433546990964
Station 3,19950.0,4948.8293815136985,1.3239355575245024,0.5806524862282957
Station 3,19960.0,4962.252878916413,1.3612042886678923,0.5763697024138309
Station 3,19970.0,4976.050997631741,1.398130219881606,0.5719979936266091
Station 3,19980.0,4990.214255949107,1.4347062858492534,0.5675403405325683
Station 3,19990.0,5004.74421438234,1.4709315053766068,0.5629997092489972
Station 3,20000.0,5019.630846213895,1.5067986513270077,0.558379046777867
Station 3,20010.0,5034.878714218506,1.542303227151781,0.5536812767188524
Station 3,20020.0,5050.477196361196,1.577439832523082,0.5489092952629163
Station 3,20030.0,5066.425802290945,1.6122064711119435,0.5440659674656337
Station 3,20040.0,5082.718453163009,1.6465959600364197,0.5391541237979122
Station 3,20050.0,5099.355592012924,1.6806079029170327,0.5341765569703935
Station 3,20060.0,5116.331964500539,1.7142360589640917,0.5291360190265727
Station 3,20070.0,5133.637981417363,1.747480918335443,0.5240352186985979
Station 3,20080.0,5151.278514757936,1.7803361917087583,0.5188768190187472
Station 3,20090.0,5169.245400162186,1.8128016324988503,0.5136634351787892
Station 3,20100.0,5187.535631207279,1.8448750972791155,0.5083976326287172
Station 3,20110.0,5206.1423586693045,1.8765559079387488,0.5030819254058156
Station 3,20120.0,5225.0648244407885,1.9078377894403418,0.4977187746845345
Station 3,20130.0,5244.296143737071,1.9387266160722583,0.49231058753732804
Station 3,20140.0,5263.836841176059,1.969215323622393,0.4868597158963457
Station 3,20150.0,5283.678843016571,1.999306717975188,0.4813684557057199
Station 3,20160.0,5303.82112718629,2.028997694475684,0.4758390462541036
Station 3,20170.0,5324.258313094955,2.058288440171917,0.47027366967711565
Station 3,20180.0,5344.985134497123,2.0871825424850337,0.46467445061941237
Station 3,20190.0,5366.001832764752,2.1156757567095577,0.4590434560462023
Station 3,20200.0,5387.29812205036,2.1437700775604824,0.4533826951942251
Station 3,20210.0,5408.874230975188,2.1714658981201773,0.4476941196523856
Station 3,20220.0,5430.725211468347,2.1987678026023865,0.44197962356251763
Station 3,20230.0,5452.849855241727,2.2256698696587085,0.4362410439310085
Station 3,20240.0,5475.23880570543,2.2521757231768182,0.4304801610423349
Station 3,20250.0,5497.890514908076,2.2782900951585323,0.42469869896511936
Station 3,20260.0,5520.801427522566,2.304010894941791,0.4188983261181798
Station 3,20270.0,5543.970509386176,2.329340225803957,0.41308065596347293
Station 3,20280.0,5567.3879887810235,2.354281424202136,0.40724724774805227
Station 3,20290.0,5591.055010322593,2.3788350301297783,0.40139960729444757
Station 3,20300.0,5614.9635954014175,2.4030038250516967,0.3955391878556572
Station 3,20310.0,5639.114290730044,2.426790035707792,0.3896673910189627
Station 3,20320.0,5663.498069502303,2.4501968004806898,0.38378556765245986
Station 3,20330.0,5688.117120081557,2.473222136188544,0.37789501888856813
Station 3,20340.0,5712.962139497031,2.495876048378229,0.371996997139131
Station 3,20350.0,5738.030447324731,2.5181542248698534,0.36609270713706055
Station 3,20360.0,5763.322883218007,2.5400643845289026,0.36018330699981854
Station 3,20370.0,5788.833364471107,2.561603477738651,0.35426990931035557
Station 3,20380.0,5814.554299212175,2.582778803042596,0.3483535822114288
Station 3,20390.0,5840.485660199215,2.6035929895142687,0.34243535050954094
Station 3,20400.0,5866.624790038232,2.6240483529011325,0.3365161967850158
Station 3,20410.0,5892.967141600769,2.6441492297149427,0.3305970625050077
Station 3,20420.0,5919.506896724183,2.663898380546787,0.32467884913651346
Station 3,20430.0,5946.242586113601,2.683295688321735,0.3187624192566898
Station 3,20440.0,5973.169593564723,2.702348514171542,0.3128485976580401
Station 3,20450.0,6000.290279879645,2.7210576538690594,0.30693817244623267
Station 3,20460.0,6027.590385686247,2.739425533444642,0.3010318961285567
Station 3,20470.0,6055.077101399107,2.75746450272239,0.29513048669119096
Station 3,20480.0,6082.737895358559,2.77516217507582,0.289234628663676
Station 3,20490.0,6110.5776560689055,2.7925363033479615,0.2833449741691398
Station 3,20500.0,6138.5881929391135,2.809581537138776,0.2774621439590003
Station 3,20510.0,6166.769608484744,2.826303892892626,0.2715867284310225
Station 3,20520.0,6195.1135023136885,2.8427069329373884,0.26571928862975147
Station 3,20530.0,6223.622437173642,2.858795056823334,0.2598603572284714
Station 3,20540.0,6252.29072329561,2.8745746043708382,0.25401043949198143
Station 3,20550.0,6281.112432542037,2.890040681162394,0.24817001421956908
Station 3,20560.0,6310.087893619002,2.9052022772486934,0.24233953466769984
Station 3,20570.0,6339.215053779588,2.9200625258233233,0.23651942945200793
Station 3,20580.0,6368.488059376454,2.9346260752754323,0.23071010342829054
Station 3,20590.0,6397.9077478431755,2.9488931459782823,0.2249119385522738
Station 3,20600.0,6427.466661495964,2.962868544939485,0.21912529471800257
Station 3,20610.0,6457.163639246349,2.9765586386434233,0.2133505105747745
Station 3,20620.0,6486.995099459743,2.989961305468984,0.20758790431346316
Station 3,20630.0,6516.959409278886,3.0030816360734747,0.20183777442713627
Station 3,20640.0,6547.056525879669,3.015927426933597,0.19610040049532582
Station 3,20650.0,6577.278896625446,3.028497026433143,0.19037604389983068
Station 3,20660.0,6607.62492802267,3.040796615062329,0.18466494853333787
Station 3,20670.0,6638.093335405631,3.0528262552297076,0.1789673414880345
Station 2,20860.0,6658.245633349075,-3.590907524829663,0.17532873037906418
Station 2,20870.0,6622.363845695194,-3.5856457429312285,0.18202843319964226
Station 2,20880.0,6586.531668951478,-3.5801771025696802,0.18876828624677006
Station 2,20890.0,6550.759714233857,-3.5744963889268084,0.1955488477428958
Station 2,20900.0,6515.045453724019,-3.568600659370196,0.20237068256469493
Station 2,20910.0,6479.386782512821,-3.562481218333886,0.20923436218217692
Station 2,20920.0,6443.795485996551,-3.556144526537474,0.2161404645856185
Station 2,20930.0,6408.266891335382,-3.549575520556444,0.22308957419944325
Station 2,20940.0,6372.804994358132,-3.5427780886019087,0.23008228178211595
Station 2,20950.0,6337.413888174284,-3.5357450451359345,0.23711918431105947
Station 2,20960.0,6302.09074320644,-3.528472756167416,0.24420088485155286
Station 2,20970.0,6266.842714488507,-3.5209598897690504,0.2513279924084865
Station 2,20980.0,6231.671977983314,-3.5131953551864323,0.2585011217577474
Station 2,20990.0,6196.580379990033,-3.5051798906059233,0.2657208932418746
Station 2,21000.0,6161.568766241433,-3.496906223244677,0.2729879325887384
Station 2,21010.0,6126.641506271511,-3.4883765715225947,0.28030287067555154
Station 2,21020.0,6091.80226771676,-3.479576711311618,0.2876663432714404
Station 2,21030.0,6057.052154090632,-3.470506041532694,0.2950789907586877
Station 2,21040.0,6022.39552925003,-3.461160509557813,0.3025414578268579
Station 2,21050.0,5987.829523536651,-3.451533201440292,0.3100543931380527
Station 2,21060.0,5953.363524355941,-3.4416247336844186,0.3176184489614255
Station 2,21070.0,5918.997278484785,-3.431422915579817,0.32523428077499766
Station 2,21080.0,5884.738024147074,-3.420924085527433,0.33290254683267945
Station 2,21090.0,5850.581556707807,-3.410124542743998,0.3406239076942975
Station 2,21100.0,5816.536018897976,-3.399020565034451,0.3483990257162916
Station 2,21110.0,5782.602322556824,-3.387601285054943,0.3562285645006091
Station 2,21120.0,5748.783544658509,-3.3758644161473015,0.3641131882991859
Station 2,21130.0,5715.085840856231,-3.3638041070092894,0.3720535613712454
Station 2,21140.0,5681.5082583052645,-3.351418143612507,0.3800503472904958
Station 2,21150.0,5648.058894921529,-3.3386903598281,0.3881042081991217
Station 2,21160.0,5614.7377389143685,-3.325626891639939,0.39621580400530443
Station 2,21170.0,5581.549633948357,-3.312214085027911,0.4043857915208026
Station 2,21180.0,5548.492568700091,-3.2984455833756225,0.4126148235349272
Station 2,21190.0,5515.580557959156,-3.284317797073936,0.4209035478210327
Station 2,21200.0,5482.809167960453,-3.269826588243906,0.429252606071422
Station 2,21210.0,5450.182886582229,-3.254958926274694,0.4376626327563149
Station 2,21220.0,5417.710612940512,-3.2397143054921234,0.4461342539022888
Station 2,21230.0,5385.392436795098,-3.2240832507392043,0.4546680857853101
Station 2,21240.0,5353.22943409959,-3.208054339724124,0.4632647335332099
Station 2,21250.0,5321.2317412002885,-3.1916295024413657,0.47192478963212686
Station 2,21260.0,5289.398660937793,-3.174797059946968,0.4806488323311321
Station 2,21270.0,5257.737078398707,-3.1575519601051605,0.48943742393888756
Station 2,21280.0,5226.248463805451,-3.139884575043345,0.4982911090058297
Station 2,21290.0,5194.940556895159,-3.1217906922224534,0.5072104123849522
Station 2,21300.0,5163.815343753624,-3.1032572770926854,0.5161958371638492
Station 2,21310.0,5132.876236055433,-3.084284292348068,0.5252478624602187
Station 2,21320.0,5102.129841625606,-3.0648615571264655,0.5343669410725133
Station 2,21330.0,5071.581010190322,-3.0449799905883346,0.5435534969769219
Station 2,21340.0,5041.2321102765645,-3.0246336337312494,0.5528079226609325
Station 2,21350.0,5011.08999921946,-3.003815927008585,0.5621305762661584
Station 2,21360.0,4981.157134736299,-2.982517490579617,0.5715217785827336
Station 2,21370.0,4951.442127541125,-2.9607325166071576,0.5809818098352196
Station 2,21380.0,4921.945168299886,-2.9384511899735015,0.5905109062485483
Station 2,21390.0,4892.672466060193,-2.915665419268493,0.6001092564017781
Station 2,21400.0,4863.634686095657,-2.8923756860983505,0.6097769973472449
Station 2,21410.0,4834.827265243365,-2.8685632576681126,0.6195142104800563
Station 2,21420.0,4806.263354520307,-2.844226954306793,0.6293209171417896
Station 2,21430.0,4777.946453147348,-2.819361439686572,0.6391970739409852
Station 2,21440.0,4749.8774955159015,-2.793951487217002,0.6491425677717009
Station 2,21450.0,4722.070150488978,-2.7679968743642314,0.6591572105098938
Station 2,21460.0,4694.517882806422,-2.741486803236522,0.6692407333657532
Station 2,21470.0,4667.237342062789,-2.714414235856669,0.6793927808683177
Station 2,21480.0,4640.234027744133,-2.6867741503932523,0.6896129044566994
Station 2,21490.0,4613.505214085841,-2.6585578066075093,0.6999005556500445
Station 2,21500.0,4587.064636937813,-2.6297611191117394,0.7102550787659413
Station 2,21510.0,4560.9125347058625,-2.6003747359191007,0.7206757031542669
Station 2,21520.0,4535.058732678796,-2.5703934723150423,0.7311615349105308
Station 2,21530.0,4509.507795752907,-2.539811548073614,0.741711548029459
Station 2,21540.0,4484.264938126941,-2.508621674575212,0.752324574955949
Station 2,21550.0,4459.336875913695,-2.476817868605824,0.7629992964865185
Station 2,21560.0,4434.730060425002,-2.444399034223207,0.7737342309699461
Station 2,21570.0,4410.451050528813,-2.4113524426639237,0.7845277227509534
Station 2,21580.0,4386.504886289061,-2.377680855858237,0.7953779297954187
Station 2,21590.0,4362.900940148082,-2.343376113519876,0.8062828104297821
Station 2,21600.0,4339.639113222874,-2.308434827113756,0.8172401091208945
Station 2,21610.0,4316.733479103341,-2.272852465298551,0.8282473412156373
Station 2,21620.0,4294.185589912813,-2.2366311705983253,0.8393017765521199
Station 2,21630.0,4272.0010087412375,-2.1997577918280595,0.8504004218462208
Station 2,21640.0,4250.192577153208,-2.1622391517696595,0.8615400017486377
Station 2,21650.0,4228.76130138692,-2.124072094749415,0.872716938458599
Station 2,21660.0,4207.712799113329,-2.0852507990292,0.883927329771011
Station 2,21670.0,4187.058001744748,-2.0457798899668536,0.8951669254242361
Station 2,21680.0,4166.799543984091,-2.0056565392083976,0.906431101606286
Station 2,21690.0,4146.946544358367,-1.9648805354291223,0.9177148334680948
Station 2,21700.0,4127.5050050698155,-1.9234588363963006,0.9290126654844825
Station 2,21710.0,4108.479234378087,-1.8813865818256603,0.9403186794862297
Station 2,21720.0,4089.8791662185545,-1.8386664874878447,0.9516264602193727
Station 2,21730.0,4071.7066323829913,-1.7953108652457226,0.9629290582537984
Station 2,21740.0,4053.974649886998,-1.7513128585150246,0.974218950044654
Station 2,21750.0,4036.6822749979506,-1.7066818264705972,0.985487995026073
Station 2,21760.0,4019.84256004602,-1.6614271974705597,0.9967273895946323
Station 2,21770.0,4003.456887370508,-1.6155510018548418,1.007927617884868
Station 2,21780.0,3987.534411510036,-1.5690609198113705,1.0190783992905743
Station 2,21790.0,3972.077919958988,-1.5219681228596058,1.0301686327587685
Station 2,21800.0,3957.0984648973094,-1.474279262293532,1.0411863379842297
Station 2,21810.0,3942.594294793686,-1.4260075085397155,1.0521185937686022
Station 2,21820.0,3928.5773268068056,-1.3771597027070033,1.0629514739876489
Station 2,21830.0,3915.0513005181074,-1.327748846915785,1.0736699818431448
Station 2,21840.0,3902.0252160974505,-1.277787217136214,1.084257983372693
Station 2,21850.0,3889.4990440949837,-1.2272957304918037,1.0946981415630026
Station 2,21860.0,3877.4818520664917,-1.1762791971613518,1.1049718528706503
Station 2,21870.0,3865.9763552271556,-1.1247578546615464,1.1150591885088037
Station 2,21880.0,3854.9883172453715,-1.0727484522028814,1.1249388435142584
Station 2,21890.0,3844.521160448665,-1.020268251737577,1.1345880973655338
Station 2,21900.0,3834.58246155713,-0.9673334557513372,1.143982790767633
Station 2,21910.0,3825.1764278961778,-0.913966808117565,1.153097324124313
Station 2,21920.0,3816.304849942088,-0.8601846234237387,1.1619046841335914
Station 2,21930.0,3807.9745974766643,-0.8060117438594674,1.170376505787042
Station 2,21940.0,3800.186483349451,-0.7514655531441967,1.1784831777126332
Station 2,21950.0,3792.9470335719466,-0.6965711363368385,1.1861939991201027
Station 2,21960.0,3786.2559189776284,-0.6413530862014285,1.193477396395196
Station 2,21970.0,3780.11844425448,-0.5858307970232275,1.2003012064255154
Station 2,21980.0,3774.541456557706,-0.5300293151574924,1.206633031803489
Station 2,21990.0,3769.5230888268425,-0.4739801440322246,1.2124406699536523
Station 2,22000.0,3765.0625632151196,-0.4177020855520139,1.217692613874147
Station 2,22010.0,3761.1655751240814,-0.3612233993811313,1.2223586166239575
Station 2,22020.0,3757.8365248753125,-0.30457215883122996,1.2264103052053181
Station 2,22030.0,3755.0777693070704,-0.24777477853807095,1.2298218226249409
Station 2,22040.0,3752.882790900056,-0.19085552209132456,1.2325704704676266
Station 2,22050.0,3751.2593425939385,-0.1338450191589423,1.2346373192690145
Station 2,22060.0,3750.205649719125,-0.07677100685014085,1.2360077513567418
Station 2,22070.0,3749.725035076366,-0.019662113634868996,1.2366719014935048
Station 2,22080.0,3749.8132405465244,0.037457004494364406,1.2366249650507803
Station 2,22090.0,3750.4719234542367,0.09455533188813638,1.2358673514960676
Station 2,22100.0,3751.703496615744,0.15160674305480568,1.2344046717312518
Station 2,22110.0,3753.5047344523778,0.20858110200769717,1.2322475602403558
Station 2,22120.0,3755.8748322594647,0.26545390411485803,1.2294113452045357
Station 2,22130.0,3758.8144189280188,0.3221976206568384,1.2259155902354737
Station 2,22140.0,3762.3178126860494,0.3787782294172994,1.221783538888953
Station 2,22150.0,3766.388188414345,0.4351763779410426,1.2170414969619916
Station 2,22160.0,3771.02313571296,0.49136147656602647,1.2117181877155505
Station 2,22170.0,3776.2168048705494,0.5473096530137579,1.2058441121255998
Station 2,22180.0,3781.9687351217253,0.6029969829144437,1.1994509409424838
Station 2,22190.0,3788.274464181566,0.6583930798093789,1.1925709587651214
Station 2,22200.0,3795.1345420833336,0.7134815180066709,1.1852365734800472
Station 2,22210.0,3802.5417688166535,0.768233314162852,1.1774798980397603
Station 2,22220.0,3810.496467694601,0.8226273963942528,1.1693324061605501
Station 2,22230.0,3818.992322577836,0.876637402639643,1.160824659348412
Station 2,22240.0,3828.0290817239666,0.9302500149232354,1.1519860997433804
Station 2,22250.0,3837.598082192022,0.9834350970260463,1.1428449014925632
Station 2,22260.0,3847.696424760969,1.0361827517611366,1.133427872524335
Station 2,22270.0,3858.319131116828,1.0884651370667304,1.1237603984762126
Station 2,22280.0,3869.463175911989,1.140271563654828,1.1138664209106517
Station 2,22290.0,3881.1241940693067,1.191581133279921,1.1037684426494647
Station 2,22300.0,3893.2924666511435,1.2423784695862172,1.0934875539200464
Station 2,22310.0,3905.969261931748,1.2926473948609745,1.0830434739252697
Station 2,22320.0,3919.145866890003,1.3423763054651083,1.0724546033485909
Station 2,22330.0,3932.8152636393565,1.391547609087439,1.061738084139721
Station 2,22340.0,3946.974127821949,1.4401534094080386,1.0509098636687237
Station 2,22350.0,3961.6163822576073,1.488179017402719,1.0399847609776516
Station 2,22360.0,3976.7358042678775,1.5356152173442765,1.0289765333989436
Station 2,22370.0,3992.3260173460453,1.5824490899342958,1.0178979422551935
Station 2,22380.0,4008.3806140892802,1.6286765196158246,1.0067608167154543
Station 2,22390.0,4024.895758536381,1.6742853482367113,0.9955761151700758
Station 2,22400.0,4041.8662177422984,1.7192742542439832,0.9843539837104905
Station 2,22410.0,4059.2807511704505,1.763630752857892,0.9731038114730647
Station 2,22420.0,4077.1382330277143,1.8073497481260272,0.9618342827365277
Station 2,22430.0,4095.4260026231905,1.8504320923947049,0.9505534257573726
Station 2,22440.0,4114.145051090353,1.8928680859160891,0.9392686583792039
Station 2,22450.0,4133.280220709258,1.9346571975268696,0.9279868305891404
Station 2,22460.0,4152.835310287251,1.9757983299913597,0.916714264082558
Station 2,22470.0,4172.795323740591,2.0162832846115215,0.9054567890166146
Station 2,22480.0,4193.158758888876,2.056120648985342,0.8942197781287347
Station 2,22490.0,4213.914231347621,2.0953050247891154,0.8830081783857783
Station 2,22500.0,4235.060540724391,2.1338363146220627,0.8718265403339162
Station 2,22510.0,4256.5890868903825,2.171715186725424,0.8606790453147328
Station 2,22520.0,4278.49496945804,2.2089444704949455,0.849569530706233
Station 2,22530.0,4300.766852135409,2.24552504475854,0.8385015133391239
Station 2,22540.0,4323.4030695944275,2.281461265503947,0.8274782112295888
Station 2,22550.0,4346.392314865149,2.316752295182677,0.8165025637602602
Station 2,22560.0,4369.73637971236,2.351404945065649,0.8055772504315413
Station 2,22570.0,4393.420627228054,2.3854208714288343,0.7947047082960736
Station 2,22580.0,4417.4404094248275,2.4188060943725853,0.783887148180176
Station 2,22590.0,4441.792654813499,2.4515630788423697,0.7731265697875431
Station 2,22600.0,4466.470164088298,2.48369998864345,0.7624247757725217
Station 2,22610.0,4491.4658739293,2.5152179864775097,0.7517833848628264
Station 2,22620.0,4516.77235659673,2.546122690456412,0.7412038441047092
Station 2,22630.0,4542.386427234021,2.57642625819388,0.7306874402972439
Station 2,22640.0,4568.297891685121,2.606128720553534,0.72023531067664
Station 2,22650.0,4594.507707565301,2.635236374639219,0.7098484529061894
Station 2,22660.0,4621.003022229672,2.6637587525209945,0.6995277344226547
Station 2,22670.0,4647.780482214936,2.6916977787007657,0.6892739011855453
Station 2,22680.0,4674.832852516855,2.7190631890171244,0.6790875858717625
Station 2,22690.0,4702.15998417586,2.745868001824591,0.6689693155545055
Station 2,22700.0,4729.748230674204,2.7721080909273774,0.658919518902098
Station 2,22710.0,4757.600699902586,2.7977969106044385,0.6489385329294374
Station 2,22720.0,4785.702176625212,2.8229381668738363,0.6390266093321229
Station 2,22730.0,4814.056093291817,2.847545297675632,0.6291839204309149
Station 2,22740.0,4842.653395553509,2.8716203401141427,0.6194105647519864
Station 2,22750.0,4871.485904960867,2.8951702783719853,0.6097065722664747
Station 2,22760.0,4900.552371277114,2.9182084563233746,0.6000719093110316
Station 2,22770.0,4929.8489160992685,2.940737648661738,0.5905064832094701
Station 2,22780.0,4959.366900186323,2.962765740630215,0.5810101466141041
Station 2,22790.0,4989.102677380323,2.9843043493879087,0.571582701583894
Station 2,22800.0,5019.051950553844,3.0053558080555365,0.5622239033934073
Station 2,22810.0,5049.208552224617,3.0259262186234706,0.5529334641465469
Station 2,22820.0,5079.5688593244495,3.0460312852451024,0.5437110561689024
Station 2,22830.0,5110.126817763032,3.0656713075472046,0.534556315171492
Station 2,22840.0,5140.880248106028,3.08485481418009,0.5254688432324985
Station 2,22850.0,5171.823738488972,3.1035917441478804,0.5164482115971442
Station 2,22860.0,5202.9501508540125,3.121888950966532,0.5074939633063041
Station 2,22870.0,5234.258520519691,3.13975173546766,0.49860561566380657
Station 2,22880.0,5265.744694465794,3.157189641243946,0.4897826625517418
Station 2,22890.0,5297.404339514147,3.174209685756907,0.4810245766025318
Station 2,22900.0,5329.229752273489,3.1908163801151623,0.47233081123599485
Station 2,22910.0,5361.214719808228,3.2070193396863975,0.4637008025691411
Station 2,22920.0,5393.36617221132,3.2228246629530037,0.4551339712059756
Station 2,22930.0,5425.672097309343,3.238235988103364,0.4466297239141727
Station 2,22940.0,5458.129943504589,3.2532648464169243,0.4381874551950813
Station 2,22950.0,5490.736245582554,3.267916952925844,0.429806548753142
Station 2,22960.0,5523.486570731815,3.2821984351604385,0.42148637887047824
Station 2,22970.0,5556.378833982369,3.296112659754988,0.4132263116920605
Station 2,22980.0,5589.4070918397665,3.3096711587864838,0.4050257064265748
Station 2,22990.0,5622.569672829098,3.3228756414360685,0.396883916467817
Station 2,23000.0,5655.863532620137,3.3357361556384033,0.38880029044117365
Station 2,23010.0,5689.284899436996,3.348258071822775,0.38077417317950046
Station 2,23020.0,5722.829341469354,3.3604444466253667,0.3728049066324652
Station 2,23030.0,5756.495076994579,3.3723034494902424,0.36489183071320713
Station 2,23040.0,5790.273046406515,3.38384004127721,0.35703428408593524
Station 2,23050.0,5824.169491605158,3.3950611567203097,0.3492316048979154
Station 2,23060.0,5858.1738986517075,3.40597397407702,0.34148313145908143
Station 2,23070.0,5892.286608940492,3.4165792999224784,0.3337882028723445
Station 2,23080.0,5926.505242361575,3.4268852753181918,0.32614615961750026
Station 2,23090.0,5960.823580983167,3.4368983982976746,0.31855634409147543
Station 2,23100.0,5995.240785384853,3.4466203530018507,0.31101810110750416
Station 2,23110.0,6029.754456894738,3.456059692952577,0.3035307783556877
Station 2,23120.0,6064.3608260216315,3.4652171723088143,0.29609372682724466
Station 2,23130.0,6099.057562383263,3.4741047918643235,0.28870630120464896
Station 2,23140.0,6133.843436458234,3.482720756534313,0.28136786021971555
Station 2,23150.0,6168.712367854259,3.491070528842224,0.2740777669815873
Station 2,23160.0,6203.662439253453,3.499163815595285,0.26683538926817146
Station 2,23170.0,6238.6930923779355,3.50700074191899,0.2596400997839526
Station 2,23180.0,6273.803669950935,3.514584723114464,0.25249127644114344
Station 2,23190.0,6308.985281519133,3.521923570934407,0.24538830256924565
Station 2,23200.0,6344.240270823631,3.529022518917614,0.23833056711612338
Station 2,23210.0,6379.564946203342,3.5358799233107554,0.2313174648297127
Station 2,23220.0,6414.95710238531,3.542505485162415,0.22434839642043647
Station 2,23230.0,6450.413543482284,3.548900011324937,0.2174227687055521
Station 2,23240.0,6485.9356475960185,3.555066382318106,0.21053999473660187
Station 2,23250.0,6521.516182906233,3.5610157947667993,0.20369949391105427
Station 2,23260.0,6557.15423993663,3.566744885958305,0.19690069206918226
Station 2,23270.0,6592.846705884067,3.572258856466814,0.19014302157714516
Station 2,23280.0,6628.598629224874,3.577562468939927,0.18342592139720246
Station 2,23290.0,6664.399909657626,3.582657391462211,0.17674883714592626
Station 1,25750.0,6642.468245486899,-3.6085578020727183,0.1808838512244173
Station 1,25760.0,6606.404556249711,-3.6041200763387566,0.1876425138126013
Station 1,25770.0,6570.387104807048,-3.5994837476134736,0.1944439183331894
Station 1,25780.0,6534.414846254348,-3.5946483126725655,0.20128871528443365
Station 1,25790.0,6498.491192449489,-3.589614026378291,0.2081775655811718
Station 1,25800.0,6462.62524426003,-3.5843747805058377,0.2151111406626466
Station 1,25810.0,6426.808723927513,-3.5789233548374573,0.22209012259622252
Station 1,25820.0,6391.046238185193,-3.573261814161585,0.22911520417656792
Station 1,25830.0,6355.34067389611,-3.567379845523767,0.23618708901982305
Station 1,25840.0,6319.699618470531,-3.561280154655938,0.24330649165224733
Station 1,25850.0,6284.117354118367,-3.5549562125662524,0.2504741375928102
Station 1,25860.0,6248.599194736325,-3.548402396311288,0.257690763429153
Station 1,25870.0,6213.150850056852,-3.541617356240163,0.2649571168863167
Station 1,25880.0,6177.771525359776,-3.5345935600250766,0.2722739568875923
Station 1,25890.0,6142.459225331812,-3.5273270015112286,0.2796420536068126
Station 1,25900.0,6107.223121341534,-3.5198173464123683,0.28706218851135734
Station 1,25910.0,6072.0624658141915,-3.512054630983469,0.2945351543951233
Station 1,25920.0,6036.982433877108,-3.5040412469539746,0.3020617554006302
Station 1,25930.0,6001.98546311849,-3.4957638544550984,0.30964280702942265
Station 1,25940.0,5967.068128435601,-3.487227669766563,0.31727913613986347
Station 1,25950.0,5932.239432790653,-3.4784165513397034,0.32497158093136197
Station 1,25960.0,5897.500488385788,-3.46933192875841,0.33272099091403745
Station 1,25970.0,5862.854587433187,-3.459967420872827,0.3405282268627653
Station 1,25980.0,5828.3014765968155,-3.4503214282635635,0.34839416075448076
Station 1,25990.0,5793.8492750319565,-3.440384810927381,0.35631967568758394
Station 1,26000.0,5759.495088077244,-3.4301482198848166,0.3643056657822077
Station 1,26010.0,5725.247488309715,-3.41961501199128,0.37235303606006426
Station 1,26020.0,5691.106362520478,-3.408774023510638,0.3804627023025107
Station 1,26030.0,5657.071911981866,-3.3976154184764047,0.38863559088542426
Station 1,26040.0,5623.153692568417,-3.3861459908579836,0.39687263858939553
Station 1,26050.0,5589.351482043736,-3.374346218349689,0.4051747923836933
Station 1,26060.0,5555.668192343573,-3.362220909389785,0.41354300918238107
Station 1,26070.0,5522.107871450919,-3.3497537942193274,0.421978255570889
Station 1,26080.0,5488.674845652581,-3.3369479430380053,0.43048150750129593
Station 1,26090.0,5455.367108905838,-3.323790612473925,0.4390537499544693
Station 1,26100.0,5422.1987531638015,-3.310278635990421,0.4476959765671759
Station 1,26110.0,5389.164254781095,-3.29640183833436,0.4564091892221805
Station 1,26120.0,5356.272498143216,-3.2821573170367593,0.4651943975901104
Station 1,26130.0,5323.52469335082,-3.267535149933656,0.4740526186328618
Station 1,26140.0,5290.922937469346,-3.252530398565903,0.4829848760951378
Station 1,26150.0,5258.473470636389,-3.2371336783607196,0.4919921999111277
Station 1,26160.0,5226.181918571557,-3.221342493769214,0.5010756255769451
Station 1,26170.0,5194.050912694631,-3.205143521761693,0.5102361934731883
Station 1,26180.0,5162.079582714231,-3.188532968039154,0.5194749481347175
Station 1,26190.0,5130.279101078819,-3.171504031669299,0.5287929374651705
Station 1,26200.0,5098.651604506533,-3.154047832561678,0.5381912118937036
Station 1,26210.0,5067.199657236161,-3.136155606615355,0.5476708234713967
Station 1,26220.0,5035.930494342494,-3.1178196422444455,0.5572328249047261
Station 1,26230.0,5004.843708419968,-3.099035693144409,0.5668782685234879
Station 1,26240.0,4973.949807313729,-3.079790553702833,0.5766082051805393
Station 1,26250.0,4943.248196414155,-3.0600814530699365,0.5864236830807102
Station 1,26260.0,4912.750409471212,-3.0398956455080066,0.5963257465362674
Station 1,26270.0,4882.454533460011,-3.0192275058015214,0.6063154346462968
Station 1,26280.0,4852.366669203702,-2.9980697413320714,0.6163937798974392
Station 1,26290.0,4822.493698313422,-2.976413657037258,0.6265618066834461
Station 1,26300.0,4792.841099110377,-2.954249096959227,0.6368205297410919
Station 1,26310.0,4763.414009392666,-2.9315683331073954,0.6471709525000645
Station 1,26320.0,4734.209874117477,-2.9083658262657877,0.6576140653445782
Station 1,26330.0,4705.246179718369,-2.8846315044639654,0.6681508437845566
Station 1,26340.0,4676.520097588456,-2.860358661764871,0.6787822465344046
Station 1,26350.0,4648.037834784556,-2.8355340938598146,0.6895092134975691
Station 1,26360.0,4619.812325880629,-2.810159395591629,0.700332663655277
Station 1,26370.0,4591.839216962999,-2.784215899366791,0.711253492858086
Station 1,26380.0,4564.128290536802,-2.7576987675978955,0.7222725715191431
Station 1,26390.0,4536.686912061427,-2.7306046911448707,0.7333907422083359
Station 1,26400.0,4509.5182773010465,-2.702920549988465,0.7446088171468419
Station 1,26410.0,4482.6319662151545,-2.674640973873018,0.7559275756019511
Station 1,26420.0,4456.027230746494,-2.6457595230003275,0.7673477611823959
Station 1,26430.0,4429.715801954193,-2.6162652993561277,0.7788700790348831
Station 1,26440.0,4403.704762223719,-2.5861546836064906,0.790495192942918
Station 1,26450.0,4377.995713380967,-2.555418423095623,0.8022237223295245
Station 1,26460.0,4352.600292362309,-2.5240534287001797,0.8140562391659554
Station 1,26470.0,4327.517301701699,-2.492046984331005,0.8259932647890044
Station 1,26480.0,4302.761078752678,-2.459398647978822,0.8380352666267269
Station 1,26490.0,4278.331614455447,-2.4260969496112774,0.8501826548286711
Station 1,26500.0,4254.238548553271,-2.3921399186644856,0.8624357788570433
Station 1,26510.0,4230.4934743184685,-2.3575248541975884,0.874794923965378
Station 1,26520.0,4207.091077807922,-2.3222420568557594,0.8872603076152344
Station 1,26530.0,4184.048027006067,-2.28629062297262,0.899832075831095
Station 1,26540.0,4161.369479087726,-2.249663530638457,0.9125102994971727
Station 1,26550.0,4139.058756925663,-2.2123599398980396,0.9252949706027029
Station 1,26560.0,4117.123843967706,-2.1743742546388436,0.9381859984425175
Station 1,26570.0,4095.572773297446,-2.1357087745454075,0.9511832057797538
Station 1,26580.0,4074.413336759139,-2.096356886363745,0.9642863249774012
Station 1,26590.0,4053.649088583874,-2.0563218771080356,0.9774949941049553
Station 1,26600.0,4033.288203741953,-2.015598955197018,0.9908087530257271
Station 1,26610.0,4013.337943389444,-1.974188085110683,1.0042270394690695
Station 1,26620.0,3993.8035528569826,-1.9320941711063229,1.017749185090065
Station 1,26630.0,3974.698516890956,-1.8893163061117004,1.0313744115166712
Station 1,26640.0,3956.0212323407372,-1.8458581865521773,1.0451018263808614
Station 1,26650.0,3937.7850640218007,-1.801723098614637,1.0589304193256417
Station 1,26660.0,3919.9893828609825,-1.7569115599570548,1.0728590579735597
Station 1,26670.0,3902.6470113130736,-1.7114335113418653,1.0868864838340568
Station 1,26680.0,3885.762769854615,-1.6652905866977477,1.1010113081159785
Station 1,26690.0,3869.3442217612,-1.618493437125986,1.1152320073970263
Station 1,26700.0,3853.395072924319,-1.5710452994439452,1.1295469190825795
Station 1,26710.0,3837.9255415680423,-1.5229567019332126,1.1439542365605164
Station 1,26720.0,3822.939747833262,-1.4742405164385484,1.158452003924074
Station 1,26730.0,3808.442289760306,-1.4249031688004106,1.1730381100880505
Station 1,26740.0,3794.4431063401466,-1.3749584450327885,1.1877102820599714
Station 1,26750.0,3780.945660090958,-1.324416112206156,1.2024660770401554
Station 1,26760.0,3767.9566391867124,-1.2732956936819477,1.2173028729026114
Station 1,26770.0,3755.479434287155,-1.2216048131652375,1.2322178564367599
Station 1,26780.0,3743.524901719507,-1.1693639840762708,1.2472080084842478
Station 1,26790.0,3732.095865844962,-1.116587694347216,1.2622700847489583
Station 1,26800.0,3721.1960871331016,-1.0632959684961834,1.277400590533225
Station 1,26810.0,3710.8313475122322,-1.0095030745410105,1.2925957468655627
Station 1,26820.0,3701.004662270245,-0.9552371155393156,1.307851444280168
Station 1,26830.0,3691.7270127435863,-0.900512386688772,1.3231631786253835
Station 1,26840.0,3682.996355577711,-0.8453477354922507,1.3385259602654864
Station 1,26850.0,3674.8240939780794,-0.7897733015015771,1.3539341830901095
Station 1,26860.0,3667.202599349043,-0.7338081358351161,1.3693814314004866
Station 1,26870.0,3660.147560256442,-0.6774790646879858,1.3848601881058495
Station 1,26880.0,3653.656546826281,-0.6208100872464977,1.4003613812362692
Station 1,26890.0,3647.7314102695495,-0.5638251824513334,1.415873655813165
Station 1,26900.0,3642.378889764277,-0.5065531823094847,1.4313821591160292
Station 1,26910.0,3637.6019398858166,-0.4490223746634755,1.446866420063031
Station 1,26920.0,3633.398302444512,-0.39125807338890917,1.4622964402456096
Station 1,26930.0,3629.7774876524586,-0.33329049289804036,1.4776249977873104
Station 1,26940.0,3626.734605379529,-0.2751477990780877,1.4927712234049306
Station 1,26950.0,3624.275502632553,-0.2168592031918615,1.5075819158640977
Station 1,26960.0,3622.3964131471635,-0.15845665696146038,1.5217291113253408
Station 1,26970.0,3621.10690061335,-0.0999686811189582,1.5344061797882942
Station 1,26980.0,3620.400254942567,-0.04142275375018147,1.5434609715680916
Station 1,26990.0,3620.277009123152,0.01714691031896901,1.5447732558843696
Station 1,27000.0,3620.7425684906048,0.07571330934780272,1.537414988125926
Station 1,27010.0,3621.7919521602835,0.13424307519685125,1.5254293757251043
Station 1,27020.0,3623.428399932008,0.19270661311826462,1.5115696288966554
Station 1,27030.0,3625.646562004627,0.2510747384269126,1.4968925524460477
Station 1,27040.0,3628.4477918659604,0.30931523315908,1.4818128394591308
Station 1,27050.0,3631.829885789859,0.3674021470291019,1.4665170691120786
Station 1,27060.0,3635.793971167792,0.4253044237645663,1.4511006841608818
Station 1,27070.0,3640.33654389322,0.48299466610304903,1.4356179933171513
Station 1,27080.0,3645.4535785106564,0.5404435007706538,1.420102758387506
Station 1,27090.0,3651.1443149607785,0.5976228954735077,1.4045776000120007
Station 1,27100.0,3657.4070091630133,0.6545034650556392,1.3890586773329916
Station 1,27110.0,3664.2341847553757,0.7110622716106048,1.3735581840700637
Station 1,27120.0,3671.627021386209,0.7672772880332747,1.3580857583584587
Station 1,27130.0,3679.5783018967245,0.8231162709477353,1.3426493179059193
Station 1,27140.0,3688.0868555291277,0.8785550310889667,1.3272555749372288
Station 1,27150.0,3697.1473297089,0.9335764609943084,1.3119103646894843
Station 1,27160.0,3706.755873117046,0.9881574716519136,1.2966188611776368
Station 1,27170.0,3716.909750192272,1.0422700361367307,1.2813857225564986
Station 1,27180.0,3727.602286606765,1.095900378346586,1.2662151912647786
Station 1,27190.0,3738.825894382027,1.1490307852392698,1.251111164415518
Station 1,27200.0,3750.5804604556088,1.2016320260166882,1.2360772441955459
Station 1,27210.0,3762.8558408809686,1.2536980156327533,1.2211167745784675
Station 1,27220.0,3775.6515037014237,1.3052064687155958,1.206232868556596
Station 1,27230.0,3788.959060201463,1.356145267543921,1.1914284287021615
Station 1,27240.0,3802.7730252130214,1.4064987823143378,1.1767061629660993
Station 1,27250.0,3817.087016532323,1.4562512221411323,1.1620685970862195
Station 1,27260.0,3831.8957886654953,1.5053964018381158,1.1475180845497692
Station 1,27270.0,3847.192664085638,1.5539147664745103,1.1330568147900366
Station 1,27280.0,3862.9725210952856,1.6018047051498578,1.1186868201070903
Station 1,27290.0,3879.227231016154,1.6490502726412344,1.1044099816686734
Station 1,27300.0,3895.950459384287,1.6956465021622418,1.0902280348513658
Station 1,27310.0,3913.1367312287525,1.741587194272525,1.0761425741124824
Station 1,27320.0,3930.7795829343245,1.786860168414877,1.0621550575323326
Station 1,27330.0,3948.8742433352527,1.8314658827355887,1.0482668111288167
Station 1,27340.0,3967.4077632078565,1.8753992970509947,1.0344790330183533
Station 1,27350.0,3986.379182942916,1.9186539101266988,1.0207927974761468
Station 1,27360.0,4005.7790621617587,1.9612279142754026,1.0072090589330076
Station 1,27370.0,4025.6006416978416,2.003120209754763,0.9937286559340393
Station 1,27380.0,4045.8386980033065,2.044327826656723,0.9803523150754984
Station 1,27390.0,4066.485234125347,2.0848511712913966,0.9670806549293269
Station 1,27400.0,4087.5315829495644,2.1246897580433495,0.9539141899598111
Station 1,27410.0,4108.976758874715,2.1638454766653483,0.9408533344329857
Station 1,27420.0,4130.807029953712,2.202317874661859,0.9278984063166846
Station 1,27430.0,4153.019669809554,2.24010994153547,0.9150496311671055
Station 1,27440.0,4175.60792200041,2.277224379299177,0.9023071459964357
Station 1,27450.0,4198.565415940836,2.313661636472399,0.8896710031151732
Station 1,27460.0,4221.87697566638,2.3494315701838957,0.8771411739422562
Station 1,27470.0,4245.547005038594,2.3845338496030672,0.8647175527759344
Station 1,27480.0,4269.567217417497,2.418969346564855,0.8523999605182823
Station 1,27490.0,4293.924284002862,2.4527509314592644,0.84018814834645
Station 1,27500.0,4318.619847316033,2.4858820629556653,0.8280818013240593
Station 1,27510.0,4343.639660296497,2.518363496683464,0.8160805419465502
Station 1,27520.0,4368.985561063455,2.550204423247661,0.8041839336147755
Station 1,27530.0,4394.643649425042,2.581410533546603,0.7923914840316143
Station 1,27540.0,4420.610297775839,2.6119897376013728,0.7807026485170004
Station 1,27550.0,4446.882631320021,2.6419466362558,0.7691168332372447
Station 1,27560.0,4473.448294766614,2.67128921250215,0.7576333983451454
Station 1,27570.0,4500.305814791157,2.7000270226118923,0.7462516610124695
Station 1,27580.0,4527.445454150397,2.7281624628229464,0.7349708983817084
Station 1,27590.0,4554.8668458587545,2.755709723309578,0.7237903504459172
Station 1,27600.0,4582.55769898693,2.782669417007984,0.7127092227925321
Station 1,27610.0,4610.520301260614,2.8090536470575564,0.7017266892619782
Station 1,27620.0,4638.738931532036,2.83487061018214,0.6908418945068201
Station 1,27630.0,4667.213618682619,2.860124923459953,0.6800539564512886
Station 1,27640.0,4695.939740178966,2.88482731414188,0.6693619686514707
Station 1,27650.0,4724.908320406112,2.9089862155537216,0.6587650025567647
Station 1,27660.0,4754.116392740199,2.9326079584839597,0.6482621096735561
Station 1,27670.0,4783.55871070403,2.9557022184193156,0.6378523236323185
Station 1,27680.0,4813.227084858738,2.9782764252108636,0.6275346621596177
Station 1,27690.0,4843.121940271052,3.000339282986975,0.6173081289566991
Station 1,27700.0,4873.234213483194,3.0218996219384175,0.6071717154865651
Station 1,27710.0,4903.557969836202,3.0429609894855627,0.5971244026715888
Station 1,27720.0,4934.093706872684,3.0635379340918294,0.5871651625038651
Station 1,27730.0,4964.827528741798,3.083634716749065,0.5772929595706305
Station 1,27740.0,4995.763030755789,3.1032639252205474,0.5675067524971661
Station 1,27750.0,5026.89359603604,3.12242659817817,0.5578054953096883
Station 1,27760.0,5058.2105818464015,3.141135977458005,0.5481881387207895
Station 1,27770.0,5089.7149489319345,3.1593961052611026,0.5386536313400329
Station 1,27780.0,5121.396375256242,3.1772159022446615,0.5292009208123358
Station 1,27790.0,5153.254156979076,3.194605515012131,0.5198289548867889
Station 1,27800.0,5185.284400648614,3.2115683418847123,0.5105366824185605
Station 1,27810.0,5217.4843999972745,3.2281153666081983,0.5013230543065287
Station 1,27820.0,5249.8480509598485,3.2442539426371484,0.49218702436924977
Station 1,27830.0,5282.370320328672,3.2599889721539745,0.4831275501618673
Station 1,27840.0,5315.047306748882,3.275330202401339,0.4741435937365063
Station 1,27850.0,5347.8733599173875,3.2902830261159344,0.46523412234866746
Station 1,27860.0,5380.850017168503,3.3048535782185016,0.45639810911207085
Station 1,27870.0,5413.970994609365,3.3190549439069925,0.44763453360437166
Station 1,27880.0,5447.22830844094,3.332883455767064,0.4389423824260824
Station 1,27890.0,5480.626107817715,3.346351961891164,0.43032064971498973
Station 1,27900.0,5514.156652245428,3.3594706167531667,0.42176833761829
Station 1,27910.0,5547.8154345756475,3.3722397871753516,0.41328445672458664
Station 1,27920.0,5581.601012544584,3.3846671688198873,0.4048680264578453
Station 1,27930.0,5615.507595142753,3.3967620860268384,0.39651807542776857
Station 1,27940.0,5649.533872349423,3.4085243321896828,0.3882336417357703
Station 1,27950.0,5683.676014574195,3.4199681014100265,0.3800137733008012
Station 1,27960.0,5717.9327812977535,3.431091714231012,0.37185752810529804
Station 1,27970.0,5752.297435222622,3.441906824094316,0.36376397442506897
Station 1,27980.0,5786.770349912556,3.4524152891054354,0.35573219103362824
Station 1,27990.0,5821.343663926125,3.4626251593836352,0.3477612673809339
Station 1,28000.0,5856.022880584913,3.4725390529087874,0.33985030374807307
Station 1,28010.0,5890.79414250886,3.482166422675442,0.3319984113793296
Station 1,28020.0,5925.663054284419,3.4915097895552063,0.32420471259303585
Station 1,28030.0,5960.624816580425,3.500572566496214,0.3164683408725387
Station 1,28040.0,5995.674658397666,3.5093630103564326,0.30878844093853614
Station 1,28050.0,6030.811029374381,3.517886595540516,0.30116416880400626
Station 1,28060.0,6066.030265526878,3.5261473606145577,0.29359469181287234
Station 1,28070.0,6101.330393039117,3.534147081814359,0.28607918866349374
Station 1,28080.0,6136.712788508228,3.5418907154727948,0.27861684941803444
Station 1,28090.0,6172.170298201173,3.5493909148019807,0.2712068754986851
Station 1,28100.0,6207.70039946552,3.55664436752872,0.26384847967168423
Station 1,28110.0,6243.302594801764,3.563653238152727,0.25654088602002434
Station 1,28120.0,6278.97188200588,3.570429971956402,0.24928332990568453
Station 1,28130.0,6314.708656900662,3.5769700554721564,0.24207505792219108
Station 1,28140.0,6350.509723929553,3.5832884712772683,0.23491532783825378
Station 1,28150.0,6386.375008360882,3.589376266785522,0.2278034085331982
Station 1,28160.0,6422.297961888948,3.5952453301861893,0.22073857992486412
Station 1,28170.0,6458.27861062719,3.600901656315322,0.2137201328906023
Station 1,28180.0,6494.314988818954,3.606343599031585,0.2067473691819787
Station 1,28190.0,6530.404550655703,3.6115758403201745,0.1998196013337413
Station 1,28200.0,6566.545492012586,3.616602854958152,0.1929361525675927
Station 1,28210.0,6602.736894390933,3.621428211887026,0.1860963566912548
Station 1,28220.0,6638.973043812242,3.626056322064088,0.1792995579933137
Station 3,29150.0,6645.897780221967,-3.63388276138307,0.17744710587264437
Station 3,29160.0,6609.581585321932,-3.629323099297828,0.1842333064853899
Station 3,29170.0,6573.312192323651,-3.624563346585235,0.19106242785193167
Station 3,29180.0,6537.09070725693,-3.619602063350824,0.1979351242249625
Station 3,29190.0,6500.918526162218,-3.614432825799221,0.20485206030098768
Station 3,29200.0,6464.8024015181045,-3.609059648172617,0.2118139113229648
Station 3,29210.0,6428.738539831988,-3.603468043239047,0.21882136317843964
Station 3,29220.0,6392.732925868912,-3.5976608323248067,0.22587511249269965
Station 3,29230.0,6356.78660375824,-3.5916340617172415,0.23297586671643927
Station 3,29240.0,6320.900644714306,-3.5853810053228687,0.24012434420738385
Station 3,29250.0,6285.079258020599,-3.5788993333591996,0.2473212743053067
Station 3,29260.0,6249.3243634300825,-3.5721871135525944,0.25456739739980877
Station 3,29270.0,6213.637262729669,-3.5652351889020437,0.26186346499021573
Station 3,29280.0,6178.020508856063,-3.5580416101544,0.2692102397368983
Station 3,29290.0,6142.478813948491,-3.5506044479108265,0.2766084955032779
Station 3,29300.0,6107.010599935401,-3.542913996039236,0.28405901738773565
Station 3,29310.0,6071.618925126848,-3.534971543781613,0.2915626017446036
Station 3,29320.0,6036.310050327821,-3.5267678905504485,0.2991200561933542
Station 3,29330.0,6001.084784678232,-3.518300480425445,0.30673219961507225
Station 3,29340.0,5965.945467420469,-3.509560517340769,0.314399862135224
Station 3,29350.0,5930.895642590696,-3.5005502893250378,0.3221238850916913
Station 3,29360.0,5895.934053517276,-3.491259371295147,0.3299051209869837
Station 3,29370.0,5861.069180273121,-3.4816838199894153,0.3377444334234692
Station 3,29380.0,5826.301921689926,-3.4718191670745893,0.34564269702042544
Station 3,29390.0,5791.637438671708,-3.461656574786586,0.35360079731161853
Station 3,29400.0,5757.071226856939,-3.4511953636399393,0.3616196306220788
Station 3,29410.0,5722.609936125731,-3.4404263398318293,0.3697001039215272
Station 3,29420.0,5688.262520348157,-3.4293463053738873,0.3778431346307421
Station 3,29430.0,5654.023824482236,-3.4179475182981993,0.3860496504558476
Station 3,29440.0,5619.9049607169445,-3.4062255945657585,0.3943205891659501
Station 3,29450.0,5585.902079459968,-3.394170315803112,0.4026568983347052
Station 3,29460.0,5552.02354808091,-3.3817835551328974,0.41105953505983683
Station 3,29470.0,5518.26910637722,-3.369050202778438,0.41952946565032967
Station 3,29480.0,5484.644085441928,-3.355968452294867,0.4280676652793574
Station 3,29490.0,5451.149927685711,-3.3425335504063898,0.4366751176009259
Station 3,29500.0,5417.793595293634,-3.328731635617011,0.4453528143281281
Station 3,29510.0,5384.577306085807,-3.3145657523654304,0.45410175477082376
Station 3,29520.0,5351.503518321242,-3.300023840445623,0.4629229453304587
Station 3,29530.0,5318.576143306916,-3.2850987139956707,0.4718173989496762
Station 3,29540.0,5285.8013095609485,-3.2697803138567383,0.48078613451425173
Station 3,29550.0,5253.183174357971,-3.254067226495336,0.4898301762048358
Station 3,29560.0,5220.72058679181,-3.237949287415471,0.49895055279586326
Station 3,29570.0,5188.426702340564,-3.2214202409306827,0.5081482968989292
Station 3,29580.0,5156.294290536514,-3.2044719708349985,0.5174244441478395
Station 3,29590.0,5124.338231813566,-3.1870953068453343,0.526780032322466
Station 3,29600.0,5092.554526026297,-3.169287196929017,0.5362161004084378
Station 3,29610.0,5060.951219659368,-3.1510337035549765,0.5457336875896542
Station 3,29620.0,5029.535793228328,-3.1323309129332157,0.5553338321705037
Station 3,29630.0,4998.307310417672,-3.1131729670215407,0.5650175704246201
Station 3,29640.0,4967.272310953947,-3.0935467206401643,0.5747859353669362
Station 3,29650.0,4936.439361637779,-3.073447265667039,0.5846399554457338
Station 3,29660.0,4905.8064333310585,-3.0528632498678956,0.5945806531513342
Station 3,29670.0,4875.382564362099,-3.031791911690726,0.6046090435380338
Station 3,29680.0,4845.173886243277,-3.0102199177697906,0.6147261326558268
Station 3,29690.0,4815.178433537324,-2.988143260449204,0.6249329158884441
Station 3,29700.0,4785.412578719402,-2.965549583267131,0.6352303761941845
Station 3,29710.0,4755.871399409695,-2.942435539395781,0.645619482246008
Station 3,29720.0,4726.564544955187,-2.9187855844937607,0.6561011864673394
Station 3,29730.0,4697.494223040582,-2.8945971231499934,0.6666764229599971
Station 3,29740.0,4668.6745322010765,-2.8698615433799635,0.6773461053206844
Station 3,29750.0,4640.101069735429,-2.844568346714224,0.6881111243424501
Station 3,29760.0,4611.78614506863,-2.81871194662792,0.6989723455975143
Station 3,29770.0,4583.728993004855,-2.79228307334006,0.7099306068978688
Station 3,29780.0,4555.939360295688,-2.765273834661106,0.7209867156300048
Station 3,29790.0,4528.425021463154,-2.737673608505494,0.7321414459468276
Station 3,29800.0,4501.188859311063,-2.709477417640179,0.7433955358406963
Station 3,29810.0,4474.238396642734,-2.6806791861255825,0.7547496841013209
Station 3,29820.0,4447.577477987625,-2.6512656810353903,0.7662045470947899
Station 3,29830.0,4421.215871984576,-2.6212375010462257,0.7777607354128496
Station 3,29840.0,4395.155887078011,-2.590581371478881,0.7894188103729358
Station 3,29850.0,4369.40466301793,-2.5592934534083507,0.8011792803641884
Station 3,29860.0,4343.973351501448,-2.527362942908082,0.8130425970343557
Station 3,29870.0,4318.8604120958635,-2.494787496362286,0.8250091513118818
Station 3,29880.0,4294.076848668715,-2.4615596142508105,0.8370792692567046
Station 3,29890.0,4269.630544046874,-2.427673449237215,0.8492532077322634
Station 3,29900.0,4245.527972618122,-2.3931261085136937,0.861531149889897
Station 3,29910.0,4221.772159494221,-2.3579089852931165,0.8739132004551599
Station 3,29920.0,4198.371553776905,-2.3220168689237517,0.8863993808034502
Station 3,29930.0,4175.3317871444915,-2.2854507095708576,0.8989896238096454
Station 3,29940.0,4152.663165441086,-2.248201739398382,0.9116837684530986
Station 3,29950.0,4130.370507219579,-2.2102695212234944,0.9244815541550498
Station 3,29960.0,4108.4623881172,-2.1716502845600427,0.9373826148202299
Station 3,29970.0,4086.940267887111,-2.132342022639149,0.950386472547753
Station 3,29980.0,4065.816951456326,-2.092342456306492,0.9634925309680611
Station 3,29990.0,4045.0941584137427,-2.0516545993731823,0.976700068152257
Station 3,30000.0,4024.7831427983515,-2.010273474613132,0.9900082290271199
Station 3,30010.0,4004.8924479912607,-1.9682027541964362,1.0034160172126996
Station 3,30020.0,3985.424247019438,-1.925443932186977,1.016922286178846
Station 3,30030.0,3966.386122718262,-1.8819952198559387,1.0305257295911054
Station 3,30040.0,3947.78649743709,-1.8378621351183533,1.0442248706836932
Station 3,30050.0,3929.6307814744328,-1.7930505676783177,1.058018050455739
Station 3,30060.0,3911.927558895294,-1.747563904570831,1.0719034144341235
Station 3,30070.0,3894.6824023668196,-1.7014043965831256,1.0858788976786276
Station 3,30080.0,3877.9011348114664,-1.6545798330910892,1.0999422076180063
Station 3,30090.0,3861.5912561567347,-1.6071006525424032,1.1140908041930961
Station 3,30100.0,3845.761337988709,-1.558972180683157,1.1283218766363405
Station 3,30110.0,3830.41649984543,-1.5102072221600382,1.1426323160249323
Station 3,30120.0,3815.5572558534463,-1.4608112413333834,1.157018682490696
Station 3,30130.0,3801.2004357957394,-1.4107976275333378,1.1714771656317076
Station 3,30140.0,3787.345707098067,-1.3601764425817129,1.1860035362164638
Station 3,30150.0,3773.998056502368,-1.3089669249888685,1.200593086655767
Station 3,30160.0,3761.1698759498277,-1.2571811588990442,1.2152405568689637
Station 3,30170.0,3748.85758146889,-1.204831798699038,1.229940041041014
Station 3,30180.0,3737.073799944059,-1.1519364672886805,1.2446848690825696
Station 3,30190.0,3725.820006107829,-1.0985146465293583,1.2594674543505369
Station 3,30200.0,3715.104277427638,-1.0445849676049193,1.2742790958994816
Station 3,30210.0,3704.930637292405,-0.9901639511270778,1.2891097187701852
Station 3,30220.0,3695.302709398606,-0.9352744629139315,1.3039475288554712
Station 3,30230.0,3686.226210087739,-0.8799384980217851,1.3187785485264476
Station 3,30240.0,3677.7049226163504,-0.8241776826641672,1.3335859836053654
Station 3,30250.0,3669.7451565523734,-0.7680154900604808,1.3483493484722116
Station 3,30260.0,3662.3453186052448,-0.7114751596217408,1.3630432393277128
Station 3,30270.0,3655.517379731969,-0.6545854739414457,1.3776355882510878
Station 3,30280.0,3649.2565474739895,-0.5973686224655226,1.3920851405455952
Station 3,30290.0,3643.569584066486,-0.5398525965165761,1.4063377564295676
Station 3,30300.0,3638.46058853635,-0.48206792430528805,1.4203209198416968
Station 3,30310.0,3633.927947500931,-0.4240390413044308,1.433935516405622
Station 3,30320.0,3629.9797815233183,-0.3657935316763355,1.4470435305552907
Station 3,30330.0,3626.612941007145,-0.30736233798655416,1.4594499898026514
Station 3,30340.0,3623.8331758641793,-0.24877424404017737,1.470878007231303
Station 3,30350.0,3621.6383294741186,-0.19006001240430248,1.4809394336326747
Station 3,30360.0,3620.0311762286265,-0.13125280719569726,1.4891154384888963
Station 3,30370.0,3619.013099612987,-0.07237614994859122,1.4947855083797168
Station 3,30380.0,3618.5852044213134,-0.013469094336467785,1.4973605828513938
Station 3,30390.0,3618.744047012384,0.04544781977421096,1.496515552449004
Station 3,30400.0,3619.4925088715945,0.10433528979194263,1.4923619607218634
Station 3,30410.0,3620.831394259582,0.16316206440410497,1.48538529136397
Station 3,30420.0,3622.7570968036634,0.22190614407206738,1.4762147953000389
Station 3,30430.0,3625.2688563117085,0.2805293163063382,1.4654301821630116
Station 3,30440.0,3628.365489944308,0.33900428023314144,1.4534856200534576
Station 3,30450.0,3632.0496291656596,0.39730124693339813,1.440711125864493
Station 3,30460.0,3636.3120949138442,0.45539049132027054,1.4273398967193767
Station 3,30470.0,3641.1569734264776,0.5132456293770502,1.4135362980702966
Station 3,30480.0,3646.5760948449138,0.5708347092311691,1.3994174094853618
Station 3,30490.0,3652.572248577976,0.6281354797027393,1.385068049527754
Station 3,30500.0,3659.1361805132033,0.6851142641699038,1.3705508832294593
Station 3,30510.0,3666.2720896787664,0.7417505983041703,1.3559131640602138
Station 3,30520.0,3673.9711300991044,0.7980118075511349,1.341191251751403
Station 3,30530.0,3682.2331570651677,0.8538830558133363,1.3264136729811582
Station 3,30540.0,3691.047250789887,0.9093317850452618,1.3116032238059467
Station 3,30550.0,3700.4153235232284,0.9643414812626118,1.2967784355381473
Station 3,30560.0,3710.332550163643,1.0188850016520883,1.281954612338029
Station 3,30570.0,3720.7919049379575,1.072944673633133,1.267144576537412
Station 3,30580.0,3731.790300281359,1.126500669891441,1.2523592116338524
Station 3,30590.0,3743.3199673697654,1.1795360155983134,1.2376078632307834
Station 3,30600.0,3755.378279462192,1.2320269761060862,1.2228986388835814
Station 3,30610.0,3767.960394379729,1.2839609376220726,1.2082386350715997
Station 3,30620.0,3781.054279117525,1.3353202382993825,1.193634111000856
Station 3,30630.0,3794.6648126574105,1.3860908520561548,1.1790906231737146
Station 3,30640.0,3808.777329552834,1.4362587470803172,1.1646131307029952
Station 3,30650.0,3823.388215779093,1.4858152184405322,1.1502060785962467
Station 3,30660.0,3838.488902993746,1.5347429238201133,1.1358734642999395
Station 3,30670.0,3854.0784745957826,1.583029285276777,1.1216188914153895
Station 3,30680.0,3870.148885430742,1.6306726961402196,1.1074456135065975
Station 3,30690.0,3886.6912909941175,1.6776611603958678,1.093356570199048
Station 3,30700.0,3903.698447875118,1.7239833150806774,1.079354417238953
Station 3,30710.0,3921.1697993420808,1.7696390823298829,1.0654415517898141
Station 3,30720.0,3939.0922242649153,1.8146186565848041,1.0516201339496232
Station 3,30730.0,3957.4581347868584,1.8589148302582728,1.0378921052506827
Station 3,30740.0,3976.2662072293238,1.9025284387008514,1.024259204735821
Station 3,30750.0,3995.508843121032,1.9454540139180838,1.0107229830761402
Station 3,30760.0,4015.173672913641,1.98769071186458,0.9972848150962103
Station 3,30770.0,4035.258862141846,2.0292346255104436,0.9839459109958799
Station 3,30780.0,4055.7559280141513,2.0700875193453263,0.9707073264979161
Station 3,30790.0,4076.6559830810643,2.110247570519968,0.957569972103816
Station 3,30800.0,4097.957362598354,2.1497146014600097,0.944534621603178
Station 3,30810.0,4119.651325535231,2.1884933365112413,0.9316019199529257
Station 3,30820.0,4141.724813456146,2.226584861346418,0.9187723906194893
Station 3,30830.0,4164.180482318362,2.263986268446209,0.9060464424587186
Station 3,30840.0,4187.004060408786,2.300707537703195,0.8934243761936388
Station 3,30850.0,4210.190385225254,2.3367483523564276,0.8809063905384872
Station 3,30860.0,4233.736915915983,2.3721157527445507,0.8684925880081027
Station 3,30870.0,4257.631854456679,2.406809175220331,0.8561829804443107
Station 3,30880.0,4281.872037785604,2.440837361641586,0.8439774942827573
Station 3,30890.0,4306.4460671911775,2.4742072548777916,0.8318759755587769
Station 3,30900.0,4331.352247186004,2.5069215082885217,0.8198781947508887
Station 3,30910.0,4356.581047825564,2.538985468956569,0.8079838513839812
Station 3,30920.0,4382.131596477202,2.5704081696562606,0.7961925784361535
Station 3,30930.0,4407.985997037531,2.601195481709021,0.7845039465673668
Station 3,30940.0,4434.151584197442,2.63135268982491,0.7729174681723012
Station 3,30950.0,4460.613541402683,2.6608881731951106,0.7614326012644934
Station 3,30960.0,4487.36759451635,2.689810546622562,0.750048753197956
Station 3,30970.0,4514.407768624414,2.7181237888181364,0.7387652842317604
Station 3,30980.0,4541.727535443074,2.7458363685332263,0.727581510942583
Station 3,30990.0,4569.323712164141,2.772958596740175,0.7164967094897582
Station 3,31000.0,4597.186014466886,2.7995010166889234,0.705510118737136
Station 3,31010.0,4625.311139978149,2.8254636346053514,0.6946209432358041
Station 3,31020.0,4653.694671446524,2.850859494930264,0.6838283560715919
Station 3,31030.0,4682.324769028478,2.8756959437771656,0.6731315015811603
Station 3,31040.0,4711.20409407283,2.8999807090669774,0.6625294979404207
Station 3,31050.0,4740.323470134071,2.923724316999162,0.6520214396289674
Station 3,31060.0,4769.675660572941,2.9469316382250206,0.6416063997741903
Station 3,31070.0,4799.261402766799,2.9696155395309374,0.6312834323787054
Station 3,31080.0,4829.06717890201,2.991778976838793,0.6210515744347314
Station 3,31090.0,4859.094204027647,3.0134355044983065,0.6109098479290366
Station 3,31100.0,4889.335035611971,3.0345888549441518,0.6008572617420461
Station 3,31110.0,4919.784221663779,3.055249069332671,0.590892813444721
Station 3,31120.0,4950.437035847984,3.0754249951107417,0.5810154909967666
Station 3,31130.0,4981.291491265896,3.0951231053842054,0.5712242743497264
Station 3,31140.0,5012.337836054227,3.1143566615281926,0.561518136958484
Station 3,31150.0,5043.576802025354,3.133126287610279,0.5518960472046411
Station 3,31160.0,5074.999594967082,3.151446494015152,0.5423569697352416
Station 3,31170.0,5106.604788864627,3.169318670610167,0.5328998667202106
Station 3,31180.0,5138.3854740404095,3.186757013023523,0.5235236990318635
Station 3,31190.0,5170.337604123283,3.203765139004823,0.514227427349763
Station 3,31200.0,5202.459442968204,3.2203508203216358,0.5050100131941414
Station 3,31210.0,5234.7442193662655,3.236523283852746,0.4958704198910369
Station 3,31220.0,5267.188578746177,3.2522890376402285,0.48680761347222085
Station 3,31230.0,5299.786538686032,3.2676560024470467,0.4778205635129142
Station 3,31240.0,5332.5371864858835,3.2826326707463975,0.46890824391002944
Station 3,31250.0,5365.43927371907,3.297223654491522,0.46006963358151703
Station 3,31260.0,5398.480693529431,3.3114380956450624,0.4513037171495861
Station 3,31270.0,5431.667139098698,3.3252793752025784,0.44260948556907753
Station 3,31280.0,5464.9857891485735,3.338757668370141,0.43398593668403024
Station 3,31290.0,5498.441206917063,3.351877196351141,0.4254320757493759
Station 3,31300.0,5532.022531603108,3.3646494063561505,0.4169469159089209
Station 3,31310.0,5565.730575281323,3.3770763668683514,0.40852947863194256
Station 3,31320.0,5599.56208808272,3.389164841354936,0.40017879411060825
Station 3,31330.0,5633.515001724087,3.4009218499426335,0.3918939016203881
Station 3,31340.0,5667.57939261479,3.4123532508882692,0.3836738498454982
Station 3,31350.0,5701.761422027785,3.423465285720985,0.3755176971713603
Station 3,31360.0,5736.049955692772,3.4342657856414704,0.36742451194596853
Station 3,31370.0,5770.446543474015,3.444756275261605,0.35939337271197636
Station 3,31380.0,5804.945247364528,3.4549470513751377,0.351423368411241
Station 3,31390.0,5839.5445391363755,3.4648402094434934,0.34351359856347646
Station 3,31400.0,5874.238532814529,3.4744426311001586,0.33566317342060625
Station 3,31410.0,5909.0305030411055,3.483759286841438,0.3278712140983179
Station 3,31420.0,5943.9147531033595,3.4927962581608543,0.320136852686261
Station 3,31430.0,5978.885442546497,3.5015565725273494,0.3124592323382603
Station 3,31440.0,6013.944330354716,3.5100487334484636,0.30483750734384696
Station 3,31450.0,6049.0846767065605,3.5182742322558345,0.29727084318234004
Station 3,31460.0,6084.30931748476,3.526239840306238,0.28975841656067003
Station 3,31470.0,6119.610001377663,3.5339493243369478,0.28229941543604653
Station 3,31480.0,6154.985877858264,3.541410064913593,0.27489303902454565
Station 3,31490.0,6190.438644428304,3.548621669080029,0.2675384977966029
Station 3,31500.0,6225.9574461489865,3.5555940571778337,0.26023501346038147
Station 3,31510.0,6261.548986551074,3.56232646208771,0.25298181893390803
Station 3,31520.0,6297.20550883113,3.5688272130496843,0.24577815830682637
Station 3,31530.0,6332.924139438961,3.5750983034621684,0.23862328679257833
Station 3,31540.0,6368.705483794226,3.5811447261073313,0.23151647067177042
Station 3,31550.0,6404.547356013751,3.586967545215241,0.22445698722744328
Station 3,31560.0,6440.4455792842,3.5925746214702627,0.21744412467292187
Station 3,31570.0,6476.39702436362,3.597970495549903,0.2104771820728863
Station 3,31580.0,6512.402246658649,3.603154095505596,0.20355546925825777
Station 3,31590.0,6548.4583479958155,3.608131087519808,0.19667830673547373
Station 3,31600.0,6584.564194030384,3.612909918388882,0.18984502559067837
Station 3,31610.0,6620.71861187971,3.6174860360121746,0.1830549673757176
Station 3,31620.0,6656.912158603521,3.621869511585258,0.17630748400192808
Station 2,31820.0,6654.969349025613,-2.7030718887894047,0.17689607185601455
Station 2,31830.0,6628.014433209336,-2.6877212533939034,0.18193889511839836
Station 2,31840.0,6601.215566352174,-2.672093009472142,0.1869809489436189
Station 2,31850.0,6574.574974792464,-2.656193801612016,0.1920217162878713
Station 2,31860.0,6548.093553510299,-2.640008308592195,0.19706066053731955
Station 2,31870.0,6521.775199981348,-2.6235455180163907,0.20209722503093436
Station 2,31880.0,6495.6237412366545,-2.6067987205437984,0.2071308325826182
Station 2,31890.0,6469.640820380238,-2.5897661608428315,0.21216088500349434
Station 2,31900.0,6443.827738887383,-2.5724431809470842,0.21718676262529987
Station 2,31910.0,6418.192844908395,-2.554831986237232,0.22220782382589516
Station 2,31920.0,6392.7328860559965,-2.536925090510886,0.22722340455797407
Station 2,31930.0,6367.45449912007,-2.5187275194248935,0.23223281788213865
Station 2,31940.0,6342.3595325017295,-2.500230363725803,0.23723535350557146
Station 2,31950.0,6317.450256202044,-2.481434603650437,0.24223027732763494
Station 2,31960.0,6292.730561305832,-2.462339156850515,0.2472168309937887
Station 2,31970.0,6268.205637772542,-2.4429408415663407,0.25219423145771236
Station 2,31980.0,6243.87509525159,-2.423235846639141,0.2571616705365755
Station 2,31990.0,6219.741571270535,-2.403226471227798,0.2621183145246229
Station 2,32000.0,6195.809774419846,-2.3829074166165207,0.26706330379151294
Station 2,32010.0,6172.085327911682,-2.3622784289428376,0.27199575239649615
Station 2,32020.0,6148.567881606352,-2.341337152468747,0.2769147477261878
Station 2,32030.0,6125.259172483532,-2.3200832004987038,0.28181935015286613
Station 2,32040.0,6102.167768103653,-2.2985135768959375,0.28670859271541954
Station 2,32050.0,6079.28970834376,-2.27663139980375,0.29158148082517327
Station 2,32060.0,6056.634729430049,-2.2544289282694283,0.2964369919989083
Station 2,32070.0,6034.202377503233,-2.2319102573282867,0.30127407562148584
Station 2,32080.0,6011.998137058934,-2.2090716901676224,0.3060916527405683
Station 2,32090.0,5990.022651796306,-2.185909628053907,0.31088861589602124
Station 2,32100.0,5968.281159896604,-2.1624264952242336,0.3156638289866568
Station 2,32110.0,5946.774871717415,-2.1386244509480474,0.32041612717705964
Station 2,32120.0,5925.509757862049,-2.114497701328906,0.32514431684730605
Station 2,32130.0,5904.486776460884,-2.090046957640859,0.3298471755884452
Station 2,32140.0,5883.708780175579,-2.065272893727702,0.33452345224669333
Station 2,32150.0,5863.18103295765,-2.0401731607412,0.3391718670193008
Station 2,32160.0,5842.904636907645,-2.014754140343094,0.3437911116051307
Station 2,32170.0,5822.888619448248,-1.9890070052648856,0.34837984941299016
Station 2,32180.0,5803.127777821428,-1.9629357966072716,0.3529367158307927
Station 2,32190.0,5783.628929216328,-1.9365421020765015,0.35746031855860816
Station 2,32200.0,5764.398284879829,-1.9098263839977017,0.3619492380086711
Station 2,32210.0,5745.436146785957,-1.8827864524534506,0.36640202777537917
Station 2,32220.0,5726.7436927043045,-1.8554232462284685,0.370817215178267
Station 2,32230.0,5708.327738711767,-1.8277392317399603,0.37519330188088473
Station 2,32240.0,5690.190459829263,-1.7997400071079088,0.3795287645884285
Station 2,32250.0,5672.333777665371,-1.7714148862189802,0.3838220558268553
Station 2,32260.0,5654.763210443387,-1.7427773000244768,0.38807160480610703
Station 2,32270.0,5637.478248132978,-1.7138249026922443,0.39227581836990116
Station 2,32280.0,5620.486471816389,-1.6845557310856796,0.39643308203438
Station 2,32290.0,5603.787194030947,-1.6549763059513563,0.4005417611177125
Station 2,32300.0,5587.387796653446,-1.6250910441995794,0.40460020196250135
Station 2,32310.0,5571.287747248217,-1.59489587380193,0.40860673325262015
Station 2,32320.0,5555.490781957536,-1.5643975440514453,0.4125596674257833
Station 2,32330.0,5540.000728444799,-1.533594886157441,0.4164573021822192
Station 2,32340.0,5524.818593216251,-1.5024975880328981,0.4202979220715937
Station 2,32350.0,5509.951992312458,-1.4711040482795228,0.4240798002179297
Station 2,32360.0,5495.40021820125,-1.4394192091671332,0.42780120012295464
Station 2,32370.0,5481.165549346474,-1.4074430834819416,0.43146037755751504
Station 2,32380.0,5467.2511634199145,-1.3751882870768373,0.4350555825563646
Station 2,32390.0,5453.662564913055,-1.3426512110092863,0.43858506150746945
Station 2,32400.0,5440.398935208637,-1.3098386528308403,0.44204705933387445
Station 2,32410.0,5427.466571900282,-1.2767550259993525,0.44543982176564034
Station 2,32420.0,5414.865361338953,-1.2434048884162106,0.4487615976988125
Station 2,32430.0,5402.598608667609,-1.2097951663906992,0.4520106416378237
Station 2,32440.0,5390.668051113042,-1.1759302595336436,0.45518521621714103
Station 2,32450.0,5379.078785542682,-1.1418137141398907,0.4582835947973913
Station 2,32460.0,5367.834970316167,-1.1074520545335909,0.4613040641305901
Station 2,32470.0,5356.9317091330295,-1.072851779297535,0.4642449270885033
Station 2,32480.0,5346.37886936823,-1.0380184863362298,0.4671045054475699
Station 2,32490.0,5336.1750555239705,-1.0029615379312298,0.46988114272324055
Station 2,32500.0,5326.320444536681,-0.9676823502775412,0.47257320704596834
Station 2,32510.0,5316.819914314272,-0.932191696526489,0.4751790940705775
Station 2,32520.0,5307.67753563828,-0.8964920079776282,0.4776972299101578
Station 2,32530.0,5298.892543179224,-0.8605963178303441,0.4801260740851593
Station 2,32540.0,5290.4652654827005,-0.8245057530812024,0.48246412247785797
Station 2,32550.0,5282.402666679254,-0.7882352124942852,0.48470991028196375
Station 2,32560.0,5274.701476781035,-0.7517849976699764,0.4868620149367445
Station 2,32570.0,5267.366803435405,-0.7151662596778339,0.48891905903471794
Station 2,32580.0,5260.397351946577,-0.6783892146289328,0.4908797131916931
Station 2,32590.0,5253.798811426749,-0.6414581753808442,0.4927426988677413
Station 2,32600.0,5247.568935743786,-0.6043843917081941,0.4945067911275421
Station 2,32610.0,5241.711518156322,-0.5671755009644048,0.49617082132848744
Station 2,32620.0,5236.225952111934,-0.5298405246919089,0.4977336797249448
Station 2,32630.0,5231.1161615457295,-0.4923857994290262,0.4991943179771747
Station 2,32640.0,5226.378206879444,-0.45482521780981466,0.5005517515535824
Station 2,32650.0,5222.018545895606,-0.41716093075345423,0.5018050620152323
Station 2,32660.0,5218.036612902901,-0.37941096948287617,0.5029533991719276
Station 2,32670.0,5214.430982000709,-0.3415767127686424,0.5039959830995477
Station 2,32680.0,5211.204418743914,-0.3036711334385499,0.5049321060088935
Station 2,32690.0,5208.359319850829,-0.26570353704672883,0.505761133956842
Station 2,32700.0,5205.890841919474,-0.22768390190286547,0.5064825083748845
Station 2,32710.0,5203.806004673397,-0.18961960803415046,0.507095747446268
Station 2,32720.0,5202.0978175015125,-0.15152265258377595,0.5076004473120734
Station 2,32730.0,5200.771319661383,-0.11340416454493193,0.5079962830612118
Station 2,32740.0,5199.83091496485,-0.07526772591769257,0.5082830095405642
Station 2,32750.0,5199.268995068852,-0.037128791983266594,0.508460461968561
Station 2,32760.0,5199.089783261313,0.0010066982972175092,0.5085285563490155
Station 2,32770.0,5199.287946971592,0.03912527456866366,0.5084872896830472
Station 2,32780.0,5199.870839983841,0.07721802204462543,0.5083367399780004
Station 2,32790.0,5200.832089646937,0.11527741055754281,0.5080770660533124
Station 2,32800.0,5202.176430900348,0.1532919161362243,0.5077085071443723
Station 2,32810.0,5203.899786660861,0.19125311734838304,0.5072313823064452
Station 2,32820.0,5206.001103021604,0.2291495610934381,0.5066460896217883
Station 2,32830.0,5208.48076367864,0.26697385082723823,0.5059531052140984
Station 2,32840.0,5211.340346756726,0.3047128830547139,0.5051529820753856
Station 2,32850.0,5214.576966689228,0.3423643074510542,0.5042463487113114
Station 2,32860.0,5218.187856813636,0.3799106687482919,0.5032339076118997
Station 2,32870.0,5222.17279415962,0.41735058073668524,0.5021164335553336
Station 2,32880.0,5226.532274863681,0.45466832957857045,0.5008947717533174
Station 2,32890.0,5231.266341790245,0.4918602212886801,0.4995698358471356
Station 2,32900.0,5236.371110448249,0.5289110021234268,0.4981426057641567
Station 2,32910.0,5241.8443051493,0.5658195576959765,0.4966141254450461
Station 2,32920.0,5247.685346255931,0.6025726818441155,0.4949855004523808
Station 2,32930.0,5253.894078423644,0.6391620439208922,0.4932578954717298
Station 2,32940.0,5260.469487681807,0.6755817165928537,0.49143253171650664
Station 2,32950.0,5267.405870287938,0.7118208705107579,0.4895106842481202
Station 2,32960.0,5274.703400858136,0.7478760329670172,0.48749367922301834
Station 2,32970.0,5282.362063021063,0.7837364074609952,0.4853828910782662
Station 2,32980.0,5290.379186457558,0.819392467705134,0.48317973966723565
Station 2,32990.0,5298.750427930643,0.8548410959812106,0.48088568735684806
Station 2,33000.0,5307.474308550714,0.8900761557191352,0.47850223609763204
Station 2,33010.0,5316.55126733641,0.9250859881141498,0.47603092447756906
Station 2,33020.0,5325.975387811373,0.9598648865001908,0.47347332477039716
Station 2,33030.0,5335.74607602944,0.994406686100498,0.47083103998865605
Station 2,33040.0,5345.863961599707,1.0287073170517667,0.4681057009513285
Station 2,33050.0,5356.3203378890785,1.0627619514768714,0.46529896337547516
Station 2,33060.0,5367.11699250838,1.0965608093964945,0.46241250499420017
Station 2,33070.0,5378.252814733224,1.1300971166207283,0.4594480227040436
Station 2,33080.0,5389.7197426446,1.1633722330304939,0.4564072298135515
Station 2,33090.0,5401.5178104539855,1.1963742441963692,0.45329185329948457
Station 2,33100.0,5413.6437081255835,1.2291019728290453,0.4501036311378038
Station 2,33110.0,5426.099417752026,1.2615507854426444,0.4468443097053032
Station 2,33120.0,5438.875117567781,1.2937123153102155,0.4435156412553419
Station 2,33130.0,5451.9713067408675,1.3255858827155034,0.44011938147250335
Station 2,33140.0,5465.384034737865,1.3571676556300352,0.4366572871103997
Station 2,33150.0,5479.11602516042,1.3884541729994504,0.4331311137162738
Station 2,33160.0,5493.152589831734,1.4194373753810257,0.4295426134454751
Station 2,33170.0,5507.503366992766,1.4501171521267648,0.42589353296833665
Station 2,33180.0,5522.155368553995,1.480490634280623,0.4221856114714571
Station 2,33190.0,5537.1096839056045,1.5105546720412735,0.4184205787548712
Station 2,33200.0,5552.365910154761,1.540307720953479,0.4146001534261257
Station 2,33210.0,5567.915003481498,1.5697443979743861,0.41072604119180933
Station 2,33220.0,5583.758267994678,1.5988640095705826,0.40679993324666164
Station 2,33230.0,5599.891894328811,1.62766385578667,0.40282350475998585
Station 2,33240.0,5616.310977038539,1.6561423651381137,0.3987984134587098
Station 2,33250.0,5633.012862131224,1.6842963394783936,0.39472629830611355
Station 2,33260.0,5649.996283401978,1.7121283760349357,0.3906087782749103
Station 2,33270.0,5667.255799168167,1.7396345095890695,0.38644745121309404
Station 2,33280.0,5684.788807607616,1.766810632932738,0.38224389280070764
Station 2,33290.0,5702.5895233562,1.793660936882437,0.37799965559545434
Station 2,33300.0,5720.659637640178,1.8201806547289712,0.3737162681648798
Station 2,33310.0,5738.991627087919,1.846373097530823,0.3693952343026692
Station 2,33320.0,5757.587488462813,1.8722308807701744,0.3650380323264599
Station 2,33330.0,5776.437717851713,1.8977619550457545,0.36064611445443967
Station 2,33340.0,5795.540010079069,1.9229626917127063,0.35622090625789554
Station 2,33350.0,5814.896134813247,1.9478315856056654,0.3517638061868015
Station 2,33360.0,5834.495310928585,1.9723684251660685,0.347276185165463
Station 2,33370.0,5854.340202242779,1.996576773718137,0.3427593862551948
Station 2,33380.0,5874.425710428739,2.0204546814773443,0.33821472438098493
Station 2,33390.0,5894.748830560017,2.0440027328609154,0.33364348611908384
Station 2,33400.0,5915.305533496432,2.0672216202906863,0.3290469295424541
Station 2,33410.0,5936.0918555191165,2.090113508528369,0.3244262841210531
Station 2,33420.0,5957.106954522407,2.112677632997785,0.31978275067389594
Station 2,33430.0,5978.345151734384,2.1349164294772236,0.31511750135075767
Station 2,33440.0,5999.805236462186,2.1568284458313602,0.31043167968856333
Station 2,33450.0,6021.479484802369,2.178418276066882,0.3057264007160949
Station 2,33460.0,6043.3718854721255,2.199686724494621,0.3010027510710263
Station 2,33470.0,6065.472810422031,2.220631279503637,0.29626178916668755
Station 2,33480.0,6087.783375492302,2.241256352692365,0.2915045453935269
Station 2,33490.0,6110.297563570516,2.261568304168753,0.28673202235271444
Station 2,33500.0,6133.010834019827,2.281560043385401,0.2819451951193899
Station 2,33510.0,6155.927559195176,2.3012366338533488,0.27714501153316207
Station 2,33520.0,6179.035223665931,2.3206024430325063,0.2723323925135499
Station 2,33530.0,6202.338762030251,2.3396539838216888,0.2675082323981492
Station 2,33540.0,6225.829031394569,2.3584003033788177,0.26267339930140193
Station 2,33550.0,6249.5049511856905,2.376837697331816,0.25782873549194385
Station 2,33560.0,6273.365107499865,2.3949704729523624,0.2529750577865856
Station 2,33570.0,6297.404032526297,2.412800729432452,0.24811315795909605
Station 2,33580.0,6321.620670479682,2.430331711943535,0.24324380316203137
Station 2,33590.0,6346.007875109254,2.4475622471037926,0.23836773635995018
Station 2,33600.0,6370.5704924901065,2.464496064742827,0.23348567677244866
Station 2,33610.0,6395.297485507688,2.481138704752729,0.2285983203255355
Station 2,33620.0,6420.191502283889,2.497488390454636,0.22370634010994173
Station 2,33630.0,6445.246621635882,2.5135475824126137,0.21881038684506393
Station 2,33640.0,6470.461394170885,2.529322263144205,0.2139110893473029
Station 2,33650.0,6495.832831345084,2.544810630010087,0.20900905500164452
Station 2,33660.0,6521.356595964314,2.560019069375137,0.20410487023541088
Station 2,33670.0,6547.030481992056,2.5749455620621435,0.19919910099317284
Station 2,33680.0,6572.856870037883,2.589598246168885,0.19429229321189434
Station 2,33690.0,6598.82302607272,2.60397316852401,0.18938497329544346
Station 2,33700.0,6624.933160392779,2.61808060784208,0.1844776485876665
Station 2,33710.0,6651.1845818700185,2.6319129868586035,0.17957080784329196
Station 2,33720.0,6677.570481450669,2.645482721560734,0.17466492169598324
Station 1,36680.0,6651.276493954281,-3.161819191655665,0.1783581942846187
Station 1,36690.0,6619.714086894281,-3.151083984997741,0.18425196721055262
Station 1,36700.0,6588.255947408414,-3.1400890297519504,0.19016411929226265
Station 1,36710.0,6556.913096134387,-3.1288309276823676,0.19609454979463845
Station 1,36720.0,6525.682730395607,-3.1173066902962394,0.2020431439223913
Station 1,36730.0,6494.564885245841,-3.105513199509375,0.20800977214228422
Station 1,36740.0,6463.569582461899,-3.0934465174899475,0.21399428947803906
Station 1,36750.0,6432.698091377291,-3.081101759151087,0.21999653476270184
Station 1,36760.0,6401.951159066709,-3.0684727574906225,0.22601632990758264
Station 1,36770.0,6371.328912272571,-3.055560574395843,0.232053479112847
Station 1,36780.0,6340.839203588885,-3.0423656063796995,0.23810776805156839
Station 1,36790.0,6310.481917159959,-3.0288715637457333,0.24417896302938594
Station 1,36800.0,6280.264601512262,-3.0150817579242193,0.2502668101149191
Station 1,36810.0,6250.181860224375,-3.0009958771471683,0.2563710342404279
Station 1,36820.0,6220.243481061429,-2.9866028994928815,0.26249133827219595
Station 1,36830.0,6190.4525667460075,-2.9719049505899515,0.26862740205019786
Station 1,36840.0,6160.808117000881,-2.9568919578179713,0.2747788813966293
Station 1,36850.0,6131.314961053801,-2.941567084166235,0.2809454070929569
Station 1,36860.0,6101.976083247536,-2.9259196113153068,0.2871265838251698
Station 1,36870.0,6072.797148570635,-2.9099533069228674,0.2933219890970168
Station 1,36880.0,6043.778503506632,-2.89365806379325,0.29953117211107383
Station 1,36890.0,6014.925148223274,-2.8770314728601574,0.3057536526175656
Station 1,36900.0,5986.240759470417,-2.8600705453357644,0.3119889197309758
Station 1,36910.0,5957.725596653926,-2.842772616329185,0.31823643071456803
Station 1,36920.0,5929.384074064321,-2.8251301485944142,0.32449560973307046
Station 1,36930.0,5901.222232424248,-2.8071404233293813,0.33076584657389413
Station 1,36940.0,5873.244023427076,-2.7888010847730036,0.3370464953374049
Station 1,36950.0,5845.449396825276,-2.770109982232735,0.34333687309691313
Station 1,36960.0,5817.842038561676,-2.7510557291878457,0.3496362585292242
Station 1,36970.0,5790.427924181369,-2.7316422268880327,0.3559438905167636
Station 1,36980.0,5763.209417116743,-2.711863958938993,0.36225896672251406
Station 1,36990.0,5736.193639920871,-2.6917154701999397,0.368580642139184
Station 1,37000.0,5709.378542040589,-2.6711947670840415,0.37490802761429476
Station 1,37010.0,5682.770713319362,-2.6502964936972018,0.38124018835310447
Station 1,37020.0,5656.373934066834,-2.6290190950047188,0.3875761424015868
Station 1,37030.0,5630.190681805049,-2.6073561531553042,0.3939148591119333
Station 1,37040.0,5604.227635877023,-2.5853065940690385,0.4002552575934143
Station 1,37050.0,5578.485806499196,-2.56286497907767,0.4065962051517351
Station 1,37060.0,5552.971033722594,-2.540032405141949,0.41293651572040063
Station 1,37070.0,5527.6848557998865,-2.516801114278564,0.41927494828798056
Station 1,37080.0,5502.636738172343,-2.493168190689457,0.425610205325584
Station 1,37090.0,5477.825451846997,-2.469135267961264,0.43194093121927335
Station 1,37100.0,5453.256263269715,-2.4446943946196686,0.4382657107119821
Station 1,37110.0,5428.9314090920825,-2.4198435147800033,0.4445830673423092
Station 1,37120.0,5404.861607789862,-2.394581225487315,0.45089146194532553
Station 1,37130.0,5381.0435092041425,-2.36890563431118,0.45718929116299123
Station 1,37140.0,5357.482477160413,-2.342814768398452,0.4634748859814793
Station 1,37150.0,5334.186650817725,-2.3163041496506445,0.46974651031971637
Station 1,37160.0,5311.159355945061,-2.2893724469840175,0.47600235967008725
Station 1,37170.0,5288.401208881625,-2.2620171254681165,0.482240559800399
Station 1,37180.0,5265.91917014488,-2.2342376642360877,0.4884591655267966
Station 1,37190.0,5243.717373596394,-2.2060304208151535,0.49465615956801345
Station 1,37200.0,5221.8001863087375,-2.1774007389256402,0.500829451491948
Station 1,37210.0,5200.17260743053,-2.1483401738795416,0.5069768767662721
Station 1,37220.0,5178.83460725807,-2.118850787784105,0.5130961959254111
Station 1,37230.0,5157.795683139827,-2.0889288642361157,0.5191850938669142
Station 1,37240.0,5137.058887956352,-2.0585802216246,0.5252411792908744
Station 1,37250.0,5116.627084141948,-2.02779734066308,0.5312619842966975
Station 1,37260.0,5096.503088695832,-1.996587474643021,0.5372449641521189
Station 1,37270.0,5076.694751887448,-1.9649450005595834,0.5431874972499382
Station 1,37280.0,5057.206222002294,-1.9328720432484685,0.549086885268465
Station 1,37290.0,5038.039966670828,-1.9003722714482358,0.5549403535521235
Station 1,37300.0,5019.198978510807,-1.867444294361505,0.5607450517290642
Station 1,37310.0,5000.694381861404,-1.8340920359679582,0.5664980545829285
Station 1,37320.0,4982.5188757984815,-1.8003128162447495,0.5721963631961361
Station 1,37330.0,4964.687919459228,-1.7661115737714423,0.5778369063821164
Station 1,37340.0,4947.1979094512,-1.7314925492867024,0.5834165424239087
Station 1,37350.0,4930.059461131035,-1.6964560755889424,0.5889320611363363
Station 1,37360.0,4913.272886405277,-1.6610044639254442,0.5943801862685965
Station 1,37370.0,4896.839403137085,-1.62514453807663,0.5997575782635965
Station 1,37380.0,4880.767649707031,-1.5888759305003581,0.6050608373895581
Station 1,37390.0,4865.064183511242,-1.5522075726432765,0.6102865072585042
Station 1,37400.0,4849.726599734819,-1.515142713183597,0.6154310787449745
Station 1,37410.0,4834.760450773599,-1.4776825646329697,0.6204909943168917
Station 1,37420.0,4820.175887069504,-1.4398349367588394,0.62546265278872
Station 1,37430.0,4805.96616948621,-1.401610139361087,0.63034241450507
Station 1,37440.0,4792.142036533199,-1.3630065603536887,0.6351266069605613
Station 1,37450.0,4778.70956152363,-1.3240345424737607,0.6398115308591458
Station 1,37460.0,4765.663999553556,-1.284702242488316,0.644393466612965
Station 1,37470.0,4753.015402364188,-1.2450147728189807,0.6488686812595361
Station 1,37480.0,4740.76513430202,-1.2049801020138748,0.6532334358432811
Station 1,37490.0,4728.918550490547,-1.1646080409494295,0.6574839932086546
Station 1,37500.0,4717.473786688851,-1.123902242706648,0.6616166261823739
Station 1,37510.0,4706.438318705773,-1.0828803035201477,0.6656276261521651
Station 1,37520.0,4695.814338995513,-1.0415448643933993,0.6695133120094504
Station 1,37530.0,4685.609005213914,-0.9999053726319497,0.6732700394282521
Station 1,37540.0,4675.821474226508,-0.957975928612913,0.6768942104478416
Station 1,37550.0,4666.450284831736,-0.9157646158342886,0.6803822833218626
Station 1,37560.0,4657.5048911448885,-0.8732827666431912,0.6837307825918932
Station 1,37570.0,4648.987639237297,-0.830541947002251,0.6869363093387197
Station 1,37580.0,4640.89607290167,-0.7875507309955984,0.6899955515600794
Station 1,37590.0,4633.235424476439,-0.7443226035737389,0.6929052946193728
Station 1,37600.0,4626.010141055557,-0.7008730944490704,0.6956624317059135
Station 1,37610.0,4619.219260039701,-0.6572096496366249,0.6982639742437987
Station 1,37620.0,4612.866761031587,-0.6133481376311917,0.7007070621834837
Station 1,37630.0,4606.952984484203,-0.5693008882494921,0.7029889741077707
Station 1,37640.0,4601.48112088002,-0.5250798408782091,0.7051071370822174
Station 1,37650.0,4596.45062926837,-0.48069888386266635,0.7070591361789937
Station 1,37660.0,4591.868151429199,-0.4361749727619866,0.7088427236030868
Station 1,37670.0,4587.7293146287875,-0.39151706644835066,0.7104558273504744
Station 1,37680.0,4584.037997173294,-0.34674282404538226,0.7118965593294712
Station 1,37690.0,4580.794881692132,-0.30186891948723216,0.7131632228790094
Station 1,37700.0,4578.000287114499,-0.2569029765907171,0.714254319621047
Station 1,37710.0,4575.656134214577,-0.21186352728683178,0.7151685555886552
Station 1,37720.0,4573.760067346824,-0.16676716010835915,0.7159048465765105
Station 1,37730.0,4572.321378064769,-0.1216243476831292,0.7164623226665776
Station 1,37740.0,4571.327854423679,-0.07645401470110684,0.7168403318884757
Station 1,37750.0,4570.792569214546,-0.031270145307560435,0.7170384429814155
Station 1,37760.0,4570.70615502693,0.013915360351258937,0.7170564472325061
Station 1,37770.0,4571.0711267451425,0.059084429100915714,0.71689435937454
Station 1,37780.0,4571.886815272296,0.10422090997541826,0.7165524175349667
Station 1,37790.0,4573.155578668218,0.1493118251258652,0.7160310822364874
Station 1,37800.0,4574.874430905106,0.19434524896330155,0.7153310344584229
Station 1,37810.0,4577.041113289348,0.23930143691516637,0.7144531727765947
Station 1,37820.0,4579.658668257496,0.28416580384209056,0.7133986096077315
Station 1,37830.0,4582.725615203455,0.3289271338584831,0.7121686665797595
Station 1,37840.0,4586.2371301061185,0.373570292251776,0.710764869089893
Station 1,37850.0,4590.197666813578,0.4180790391595581,0.7091889401193562
Station 1,37860.0,4594.5977657728445,0.4624418256024371,0.7074427932892013
Station 1,37870.0,4599.443914471394,0.5066397858964489,0.7055285252708134
Station 1,37880.0,4604.729373072462,0.5506652869670454,0.7034484075999965
Station 1,37890.0,4610.4565408123335,0.59450389551734,0.7012048779610123
Station 1,37900.0,4616.619163941355,0.6381401464205728,0.6988005310096209
Station 1,37910.0,4623.21669681663,0.6815611635129024,0.6962381088056847
Station 1,37920.0,4630.24817859991,0.7247559093837053,0.6935204909265459
Station 1,37930.0,4637.713022190501,0.7677131564874942,0.6906506843321469
Station 1,37940.0,4645.60266830837,0.8104177628770206,0.6876318130518374
Station 1,37950.0,4653.92000007902,0.8528605677468929,0.6844671077610284
Station 1,37960.0,4662.659717719187,0.8950284561998056,0.6811598953134098
Station 1,37970.0,4671.81930383089,0.936913446021979,0.6777135882913992
Station 1,37980.0,4681.398759453075,0.9785035595211885,0.6741316746339436
Station 1,37990.0,4691.3885389282395,1.019786980372708,0.670417707396833
Station 1,38000.0,4701.791152914646,1.06075398195503,0.6665752946963831
Station 1,38010.0,4712.60178648498,1.1013977077989756,0.6626080898827929
Station 1,38020.0,4723.819435383675,1.1417072006217395,0.6585197819848003
Station 1,38030.0,4735.435394461624,1.1816766275742128,0.6543140864624386
Station 1,38040.0,4747.4521949897,1.2212952306738865,0.6499947362999208
Station 1,38050.0,4759.861035868354,1.260551912276606,0.6455654734659153
Station 1,38060.0,4772.6603378967775,1.299446459552553,0.6410300407638475
Station 1,38070.0,4785.848644065717,1.3379665400051592,0.6363921740903692
Station 1,38080.0,4799.41945244806,1.3761090813640229,0.6316555951158832
Station 1,38090.0,4813.368264238233,1.4138628851115098,0.626824004396952
Station 1,38100.0,4827.695127059142,1.451227661941243,0.6219010749266538
Station 1,38110.0,4842.392684459316,1.4881934792838973,0.6168904461254586
Station 1,38120.0,4857.45751814568,1.524760282076474,0.6117957182719825
Station 1,38130.0,4872.886768318191,1.5609165462847867,0.6066204473701097
Station 1,38140.0,4888.674258930537,1.5966617155985334,0.6013681404463483
Station 1,38150.0,4904.819618686425,1.6319939804163277,0.5960422512690301
Station 1,38160.0,4921.315441016334,1.66690776951708,0.5906461764789339
Station 1,38170.0,4938.154367855261,1.7013991152388273,0.5851832521192257
Station 1,38180.0,4955.33752450565,1.735465161024495,0.5796567505511525
Station 1,38190.0,4972.86300592279,1.769101980853681,0.5740698777376712
Station 1,38200.0,4990.72050538368,1.8023116568105004,0.5684257708605474
Station 1,38210.0,5008.907568488198,1.8350902188899814,0.5627274963346225
Station 1,38220.0,5027.41913162428,1.867433782643267,0.556978048101886
Station 1,38230.0,5046.255011459406,1.899345795274875,0.5511803462331726
Station 1,38240.0,5065.406676323424,1.93082153874453,0.545337235821713
Station 1,38250.0,5084.868754917682,1.9618590735026848,0.5394514861462212
Station 1,38260.0,5104.643390921844,1.99246356972007,0.5335257900861508
Station 1,38270.0,5124.716552079631,2.0226297011180323,0.527562763771954
Station 1,38280.0,5145.09348956549,2.0523627292801008,0.521564946453521
Station 1,38290.0,5165.763025655959,2.0816580126784117,0.5155348005703541
Station 1,38300.0,5186.722950558491,2.110517635735508,0.5094747120075346
Station 1,38310.0,5207.972082682122,2.1389447334480045,0.5033869905220385
Station 1,38320.0,5229.501742963861,2.1669397649687365,0.49727387032456527
Station 1,38330.0,5251.312073580332,2.194500032270249,0.4911375108026318
Station 1,38340.0,5273.3915315945615,2.2216346576196813,0.48497999737133995
Station 1,38350.0,5295.742558101076,2.248336016418447,0.47880334243886924
Station 1,38360.0,5318.357259366709,2.274613474577641,0.4726094864744212
Station 1,38370.0,5341.231560348394,2.300467886798037,0.46640029916700676
Station 1,38380.0,5364.363070044447,2.3258973747605896,0.46017758066413955
Station 1,38390.0,5387.749881491568,2.3509097658421325,0.45394306288015435
Station 1,38400.0,5411.379372053854,2.375504039592191,0.4476984108645282
Station 1,38410.0,5435.25679356617,2.3996826020351714,0.4414452242212063
Station 1,38420.0,5459.372171729649,2.4234512260872925,0.435185038570565
Station 1,38430.0,5483.725115139442,2.4468098947337302,0.42891932704623414
Station 1,38440.0,5508.309612626008,2.469765158248329,0.4226495018195792
Station 1,38450.0,5533.118140366977,2.492314884248118,0.41637691564520984
Station 1,38460.0,5558.15156139194,2.514467996186321,0.41010286342138835
Station 1,38470.0,5583.407432399895,2.5362254305507963,0.4038285837597454
Station 1,38480.0,5608.874192041912,2.557588371031343,0.3975552605591693
Station 1,38490.0,5634.557197755082,2.5785622754378146,0.39128402457920497
Station 1,38500.0,5660.445142745539,2.599153978787545,0.3850159550087227
Station 1,38510.0,5686.539152384765,2.6193597735680947,0.3787520810260255
Station 1,38520.0,5712.832157136558,2.639191823578367,0.3724933833469471
Station 1,38530.0,5739.320213119194,2.658646994572176,0.36624079575785096
Station 1,38540.0,5766.005305369162,2.677733630713381,0.3599952066307745
Station 1,38550.0,5792.876049563022,2.6964529317798704,0.3537574604182789
Station 1,38560.0,5819.930354200432,2.7148099194952304,0.34752835911706975
Station 1,38570.0,5847.168489583334,2.7328062039421837,0.3413086636991536
Station 1,38580.0,5874.585782611483,2.7504501822090868,0.33509909556979856
Station 1,38590.0,5902.176107858237,2.767740982324505,0.32890033794537044
Station 1,38600.0,5929.938764943941,2.784686225615503,0.3227130372172151
Station 1,38610.0,5957.871028895503,2.8012857917715905,0.31653780428730766
Station 1,38620.0,5985.964474001991,2.8175502305873046,0.3103752158734252
Station 1,38630.0,6014.220610559775,2.8334796514776084,0.30422581578321317
Station 1,38640.0,6042.635043227673,2.849074863988661,0.29809011615665854
Station 1,38650.0,6071.200143675767,2.8643438517471917,0.29196859867662944
Station 1,38660.0,6099.918164827915,2.8792914484757413,0.2858617157472602
Station 1,38670.0,6128.784984715321,2.893918963000665,0.27976989164007854
Station 1,38680.0,6157.797065379955,2.9082313765626924,0.27369352360787697
Station 1,38690.0,6186.948843198072,2.9222323003449233,0.26763298296642324
Station 1,38700.0,6216.237806471097,2.9359266098372827,0.26158861614418677
Station 1,38710.0,6245.665460265515,2.949317141133661,0.25556074570032866
Station 1,38720.0,6275.2235484388375,2.9624077647897824,0.24954967131128292
Station 1,38730.0,6304.91226428996,2.975204948992362,0.24355567072629683
Station 1,38740.0,6334.7265960585755,2.9877099103690785,0.23757900069237242
Station 1,38750.0,6364.667045794738,2.9999231397752664,0.2316198978490653
Station 1,38760.0,6394.726493994791,3.0118551250088514,0.22567857959367688
Station 1,38770.0,6424.902564126299,3.0235068675838352,0.21975524491736745
Station 1,38780.0,6455.193838001588,3.034881767349734,0.21385007521278113
Station 1,38790.0,6485.599569860198,3.045983158546613,0.20796323505377143
Station 1,38800.0,6516.113687440268,3.05681613900235,0.20209487294785675
Station 1,38810.0,6546.7339287390505,3.0673817519355127,0.196245122062033
Station 1,38820.0,6577.459598261545,3.077687008454606,0.19041410092259856
Station 1,38830.0,6608.28762136609,3.0877314969759926,0.18460191408964013
Station 1,38840.0,6639.2139535862625,3.0975191611618915,0.1788086528068537
Station 3,40100.0,6626.674270921489,-3.5669918899132087,0.1809184961860284
Station 3,40110.0,6591.028844625858,-3.5621786120350856,0.1876111091694009
Station 3,40120.0,6555.432030826126,-3.5571721896235915,0.19434493459232666
Station 3,40130.0,6519.886777036258,-3.551959148199286,0.20112057375377626
Station 3,40140.0,6484.394595595249,-3.546545316093736,0.2079386365640101
Station 3,40150.0,6448.955552672548,-3.540926579941393,0.21479974157902484
Station 3,40160.0,6413.576037842555,-3.5350957687756868,0.22170451602768712
Station 3,40170.0,6378.255390202911,-3.5290529102289767,0.22865359583094597
Station 3,40180.0,6342.993559824976,-3.522794313876671,0.23564762561248803
Station 3,40190.0,6307.7995884205375,-3.5163117644931288,0.2426872587001426
Station 3,40200.0,6272.6695205861815,-3.5096001893333315,0.24977315711731934
Station 3,40210.0,6237.608586763072,-3.502662167302793,0.2569059915637035
Station 3,40220.0,6202.619343663891,-3.4954937220063087,0.2640864413843922
Station 3,40230.0,6167.698987399132,-3.488084130515464,0.27131519452660413
Station 3,40240.0,6132.857227715238,-3.4804341027990766,0.27859294748304914
Station 3,40250.0,6098.092379920165,-3.472537781077206,0.28592040522096873
Station 3,40260.0,6063.407100622855,-3.4643909421056347,0.29329828109583866
Station 3,40270.0,6028.805006178245,-3.4559874964600823,0.3007272967486176
Station 3,40280.0,5994.2865206682045,-3.447326105839629,0.30820818198539746
Station 3,40290.0,5959.858689439974,-3.4383985599760836,0.31574167463822544
Station 3,40300.0,5925.520617229804,-3.429203187498374,0.3233285204058102
Station 3,40310.0,5891.275522462063,-3.4197333493399205,0.33096947267272697
Station 3,40320.0,5857.126177960823,-3.4099816744833293,0.33866529230568626
Station 3,40330.0,5823.077648747791,-3.3999477913729703,0.34641674742532685
Station 3,40340.0,5789.128862297552,-3.3896233279511616,0.35422461315191783
Station 3,40350.0,5755.284146271381,-3.3790049858265494,0.3620896713232573
Station 3,40360.0,5721.549178115065,-3.368086191359909,0.37001271018296517
Station 3,40370.0,5687.923346356034,-3.356862159275361,0.3779945240372603
Station 3,40380.0,5654.412124933175,-3.3453260214046088,0.38603591287821304
Station 3,40390.0,5621.020020579453,-3.333472169227739,0.394137681971349
Station 3,40400.0,5587.745669245761,-3.3212976398568945,0.4023006414053591
Station 3,40410.0,5554.596111677157,-3.308791591798914,0.41052560560156326
Station 3,40420.0,5521.569238067771,-3.295952522336356,0.41881339277269863
Station 3,40430.0,5488.677090398684,-3.282773005694717,0.42716482433413705
Station 3,40440.0,5455.916686133804,-3.2692458189854756,0.4355807243050542
Station 3,40450.0,5423.293401818139,-3.2553647124260108,0.4440619186160189
Station 3,40460.0,5390.810778135375,-3.241124881320146,0.45260923437602524
Station 3,40470.0,5358.4721315512825,-3.226517132085151,0.4612234990829467
Station 3,40480.0,5326.281030364857,-3.2115374910215584,0.46990553977314237
Station 3,40490.0,5294.241313399736,-3.196178819916387,0.4786561821066103
Station 3,40500.0,5262.359688121419,-3.1804335308500953,0.48747624938391587
Station 3,40510.0,5230.632192040918,-3.164297208927232,0.49636656149090097
Station 3,40520.0,5199.073097351165,-3.14775569243019,0.5053279337669647
Station 3,40530.0,5167.681003195012,-3.1308102881861326,0.5143611757924751
Station 3,40540.0,5136.458205476056,-3.1134514907923383,0.5234670900906189
Station 3,40550.0,5105.4135333675995,-3.095670728776395,0.532646470738738
Station 3,40560.0,5074.546315511327,-3.077461656553577,0.5419001018839095
Station 3,40570.0,5043.866914290725,-3.058814471056666,0.5512287561572349
Station 3,40580.0,5013.371891955012,-3.0397250222216634,0.5606331929809563
Station 3,40590.0,4983.071706474226,-3.0201845094396367,0.5701141567621898
Station 3,40600.0,4952.969885201247,-3.0001859414131196,0.5796723749666539
Station 3,40610.0,4923.070724531541,-2.9797230484285215,0.5893085560653898
Station 3,40620.0,4893.376754317683,-2.9587833605847242,0.5990233873469698
Station 3,40630.0,4863.895041756177,-2.9373655609704503,0.6088175325872429
Station 3,40640.0,4834.63134205582,-2.9154572165270154,0.618691629568072
Station 3,40650.0,4805.587611269282,-2.893053806362935,0.6286462874359608
Station 3,40660.0,4776.772082798743,-2.870146035756052,0.6386820838907439
Station 3,40670.0,4748.18732330777,-2.846726942786684,0.6487995621938252
Station 3,40680.0,4719.838838660757,-2.8227879488656042,0.658999227984577
Station 3,40690.0,4691.734179378644,-2.798323387027659,0.669281545892606
Station 3,40700.0,4663.8758926305745,-2.7733228806979646,0.6796469359325326
Station 3,40710.0,4636.267052533336,-2.7477808126133465,0.6900957696667606
Station 3,40720.0,4608.922887097032,-2.721691470312417,0.7006283661203655
Station 3,40730.0,4581.836981237658,-2.6950453536091987,0.7112449874307328
Station 3,40740.0,4555.02229098017,-2.6678370506812965,0.7219458342128329
Station 3,40750.0,4528.480702382949,-2.6400560215092224,0.7327310406190599
Station 3,40760.0,4502.220738091547,-2.6116976170731925,0.743600669070316
Station 3,40770.0,4476.251880387595,-2.5827565425348347,0.754554704632413
Station 3,40780.0,4450.569897740425,-2.5532241244128318,0.7655930490072155
Station 3,40790.0,4425.188773872381,-2.5230945490112893,0.7767155140921685
Station 3,40800.0,4400.110421073878,-2.4923619918839695,0.7879218151309135
Station 3,40810.0,4375.341206345796,-2.4610210126379855,0.7992115633394753
Station 3,40820.0,4350.891301257572,-2.4290643933332707,0.8105842579952216
Station 3,40830.0,4326.763213135777,-2.39648525302729,0.8220392779392544
Station 3,40840.0,4302.9637653920545,-2.36328546445502,0.8335758724283941
Station 3,40850.0,4279.499418548656,-2.329454458813328,0.8451931512692489
Station 3,40860.0,4256.377523493264,-2.2949899182040556,0.8568900741572646
Station 3,40870.0,4233.601015002831,-2.259884171619436,0.8686654391324788
Station 3,40880.0,4211.180211290796,-2.2241402057161896,0.8805178700506655
Station 3,40890.0,4189.1207445567225,-2.1877512654999305,0.8924458029533743
Station 3,40900.0,4167.428630361341,-2.150715699717448,0.9044474712025714
Station 3,40910.0,4146.108435190695,-2.113031062450396,0.9165208892248746
Station 3,40920.0,4125.1696687538315,-2.074694713157696,0.9286638346860637
Station 3,40930.0,4104.618229632071,-2.035710102210466,0.9408738288881653
Station 3,40940.0,4084.4585469158956,-1.9960695650122349,0.9531481151481304
Station 3,40950.0,4064.6976259205476,-1.9557791238571147,0.9654836348782224
Station 3,40960.0,4045.341734878097,-1.914839501463987,0.9778770010425814
Station 3,40970.0,4026.402277548034,-1.873250186085326,0.990324468611116
Station 3,40980.0,4007.8815758531614,-1.8310146477419695,1.0028219015693824
Station 3,40990.0,3989.785898054984,-1.7881344388008782,1.0153647359701528
Station 3,41000.0,3972.1201622744575,-1.74461514886303,1.0279479384272199
Station 3,41010.0,3954.895662722543,-1.7004604322068615,1.0405659593527898
Station 3,41020.0,3938.113529790241,-1.6556770689974432,1.053212680124794
Station 3,41030.0,3921.784138836079,-1.6102709691425046,1.0658813532374598
Station 3,41040.0,3905.9093010397437,-1.5642492062165128,1.0785645343357737
Station 3,41050.0,3890.5005086132974,-1.517619444442757,1.091254004860538
Station 3,41060.0,3875.559998056492,-1.470388446286122,1.1039406838348036
Station 3,41070.0,3861.0953584379567,-1.4225699025548053,1.116614527105333
Station 3,41080.0,3847.110017129054,-1.3741716227693246,1.1292644121174842
Station 3,41090.0,3833.6135601642904,-1.3252058027368259,1.1418780060556561
Station 3,41100.0,3820.607242710616,-1.2756885533268005,1.1544416149374306
Station 3,41110.0,3808.100971922012,-1.2256300608679485,1.1669400110306192
Station 3,41120.0,3796.0952040050593,-1.1750444029139422,1.1793562358056553
Station 3,41130.0,3784.601561886825,-1.1239447336703088,1.1916713755994097
Station 3,41140.0,3773.6192352858225,-1.072353660488461,1.2038643073387174
Station 3,41150.0,3763.157213228937,-1.0202870414053773,1.2159114121775365
Station 3,41160.0,3753.215428284714,-0.9677575271921817,1.2277862559732986
Station 3,41170.0,3743.8034070653757,-0.9147909411754177,1.2394592373214677
Station 3,41180.0,3734.9220647043835,-0.8614018769756988,1.250897206884671
Station 3,41190.0,3726.5760148218706,-0.807613230615735,1.2620630663866295
Station 3,41200.0,3718.770974511105,-0.7534480765754263,1.2729153624455083
Station 3,41210.0,3711.510746748354,-0.6989262070261761,1.283407900068972
Station 3,41220.0,3704.792904410863,-0.6440759606525358,1.2934894136514097
Station 3,41230.0,3698.626921169054,-0.5889154134690632,1.3031033499308715
Station 3,41240.0,3693.0153999527606,-0.5334661476529609,1.3121878370259124
Station 3,41250.0,3687.9599171037758,-0.477763576742852,1.320675934376965
Station 3,41260.0,3683.461994478228,-0.4218263674917483,1.3284962758644336
Station 3,41270.0,3679.5236549945685,-0.36568246329147414,1.3355742252291147
Station 3,41280.0,3676.1483722562944,-0.30935961812457474,1.3418336487722364
Station 3,41290.0,3673.3369998045996,-0.25288349548799943,1.347199363354673
Station 3,41300.0,3671.088769884684,-0.1962794529312518,1.3516002291287665
Station 3,41310.0,3669.4124131261037,-0.13957957212645264,1.354972727588584
Station 3,41320.0,3668.300054180418,-0.08280973877439841,1.3572647156924305
Station 3,41330.0,3667.756303613841,-0.025996173110292346,1.358438916053154
Station 3,41340.0,3667.7810046086583,0.030828667969213658,1.3584756439081898
Station 3,41350.0,3668.373099016315,0.08764160217246053,1.3573743269011553
Station 3,41360.0,3669.533785946662,0.14440934417702417,1.355153551213529
Station 3,41370.0,3671.260360209153,0.20110566148130687,1.3518496256963468
Station 3,41380.0,3673.5539503923183,0.25770218325607025,1.3475139163751209
Station 3,41390.0,3676.414555133771,0.31417474273715457,1.342209387818939
Station 3,41400.0,3679.8358953611596,0.3704882567304315,1.3360068509073135
Station 3,41410.0,3683.8243785524132,0.4266270827887376,1.3289813632374465
Station 3,41420.0,3688.3689171822466,0.4825531648373143,1.321209100467874
Station 3,41430.0,3693.4738388914625,0.5382459118705669,1.31276486686473
Station 3,41440.0,3699.132624131205,0.5936795287720663,1.303720282404994
Station 3,41450.0,3705.3461118579703,0.6488281650138694,1.2941425925500432
Station 3,41460.0,3712.1096481503223,0.7036671403120491,1.2840939974892616
Station 3,41470.0,3719.4173108491195,0.7581724867130236,1.2736313818400133
Station 3,41480.0,3727.2697614608537,0.8123230170468996,1.2628063316921212
Station 3,41490.0,3735.663299716883,0.8660927881271886,1.2516653429359403
Station 3,41500.0,3744.590617348713,0.9194629042518334,1.24025014547598
Station 3,41510.0,3754.0527333277087,0.9724107033305115,1.2285980877301954
Station 3,41520.0,3764.038123452228,1.024919539872186,1.2167425426740763
Station 3,41530.0,3774.5481066108246,1.076969386142353,1.204713309926484
Station 3,41540.0,3785.5761092794282,1.1285405633871106,1.192536998151779
Station 3,41550.0,3797.1164578541047,1.1796160036802874,1.1802373791074046
Station 3,41560.0,3809.165847881075,1.2301801631311586,1.167835709363858
Station 3,41570.0,3821.7213380472754,1.280218842700199,1.15535101881277
Station 3,41580.0,3834.771149271776,1.3297151482179381,1.142800366976159
Station 3,41590.0,3848.311206040704,1.3786543773731321,1.1301990692118435
Station 3,41600.0,3862.3405572665915,1.427027305532052,1.1175608954484455
Station 3,41610.0,3876.850917018187,1.4748250551895934,1.1048982442720214
Station 3,41620.0,3891.8346162896264,1.5220289650607075,1.0922222951595648
Station 3,41630.0,3907.2878734242117,1.5686352877143115,1.0795431415031236
Station 3,41640.0,3923.2058050611945,1.6146337841001548,1.0668699068516467
Station 3,41650.0,3939.579999882222,1.6600177988406073,1.0542108465544027
Station 3,41660.0,3956.4052797627046,1.7047762476294681,1.0415734367430003
Station 3,41670.0,3973.6744552888626,1.7489043412706422,1.0289644523528239
Station 3,41680.0,3991.3802645495584,1.7923979692165997,1.0163900356662368
Station 3,41690.0,4009.5194350200154,1.835254360650888,1.0038557566625679
Station 3,41700.0,4028.08299714657,1.8774651814635936,0.9913666662846368
Station 3,41710.0,4047.0674171864475,1.919028337274885,0.97892734357749
Station 3,41720.0,4066.4603262251076,1.9599472313980368,0.9665419375209243
Station 3,41730.0,4086.2638599154893,2.000211473819546,0.9542142042612185
Station 3,41740.0,4106.4621822229765,2.039826598458884,0.9419475403474068
Station 3,41750.0,4127.057402263169,2.078790487288324,0.9297450124914617
Station 3,41760.0,4148.038002024064,2.1171030127073927,0.9176093842980491
Station 3,41770.0,4169.396924142443,2.1547644206908236,0.9055431403464658
Station 3,41780.0,4191.129914519803,2.1917813571321085,0.8935485079534844
Station 3,41790.0,4213.231173807071,2.2281450203383306,0.8816274768997772
Station 3,41800.0,4235.690972036194,2.2638698063502405,0.8697818173632587
Station 3,41810.0,4258.504759548851,2.298950828012776,0.8580130962691341
Station 3,41820.0,4281.66696502836,2.333398418899035,0.8463226922376992
Station 3,41830.0,4305.170730560146,2.3672081160573053,0.8347118092864901
Station 3,41840.0,4329.010423327027,2.4003911089949903,0.8231814894223585
Station 3,41850.0,4353.176074146257,2.4329477412748917,0.8117326242411523
Station 3,41860.0,4377.667462007039,2.464885933600922,0.800365965637297
Station 3,41870.0,4402.471992811385,2.4962099898209478,0.7890821357096043
Station 3,41880.0,4427.589326306226,2.526925822678432,0.777881635920007
Station 3,41890.0,4453.008756631794,2.5570391567180977,0.7667648556571851
Station 3,41900.0,4478.727148582638,2.5865551435104157,0.7557320801651297
Station 3,41910.0,4504.738557182332,2.615480226298094,0.7447834979297789
Station 3,41920.0,4531.0349643561385,2.6438253015543918,0.7339192075748601
Station 3,41930.0,4557.613509528822,2.6715897347750883,0.7231392243028486
Station 3,41940.0,4584.464789088029,2.698785296732022,0.712443485917621
Station 3,41950.0,4611.585008941251,2.725418903643237,0.7018318584613704
Station 3,41960.0,4638.969951198946,2.7514962113158234,0.6913041414949151
Station 3,41970.0,4666.613543682201,2.7770254270519956,0.6808600730475335
Station 3,41980.0,4694.511455305315,2.802013200327012,0.6704993342598471
Station 3,41990.0,4722.653575915439,2.826468354338826,0.6602215537409891
Station 3,42000.0,4751.037144997331,2.8503951898271533,0.6500263116593397
Station 3,42010.0,4779.6592280457335,2.8738054209807387,0.63991314358433
Station 3,42020.0,4808.513615661982,2.896704497926381,0.629881544095319
Station 3,42030.0,4837.5907857854045,2.9191003085315312,0.6199309701721618
Station 3,42040.0,4866.8934612276535,2.9410017507312163,0.6100608443809519
Station 3,42050.0,4896.411188613213,2.96241147390064,0.6002705578673073
Station 3,42060.0,4926.138145175976,2.9833421389913357,0.5905594731686659
Station 3,42070.0,4956.075450473179,3.0038016807160006,0.5809269268562063
Station 3,42080.0,4986.212431001606,3.0237953798276767,0.5713722320162606
Station 3,42090.0,5016.550885281948,3.0433288698712198,0.5618946805804086
Station 3,42100.0,5047.0786214577,3.0624148300770626,0.5524935455128334
Station 3,42110.0,5077.795557014368,3.0810562383449787,0.5431680828629718
Station 3,42120.0,5108.698897248212,3.099264751764778,0.5339175336909803
Station 3,42130.0,5139.780575132023,3.117042104979108,0.524741125873089
Station 3,42140.0,5171.038585812695,3.134398348632185,0.5156380757934853
Station 3,42150.0,5202.465891626754,3.15134269916509,0.5066075899290005
Station 3,42160.0,5234.065620911437,3.167880074954903,0.4976488663324814
Station 3,42170.0,5265.823942522102,3.1840190366456738,0.48876109602044693
Station 3,42180.0,5297.741915477713,3.1997621136677292,0.4799434642702792
Station 3,42190.0,5329.819010586177,3.215121535708649,0.47119515183193694
Station 3,42200.0,5362.044073662667,3.230102602911274,0.4625153360589087
Station 3,42210.0,5394.417530407566,3.244707626667118,0.4539031919628583
Station 3,42220.0,5426.936589649162,3.258952529053065,0.44535789319621094
Station 3,42230.0,5459.596614023968,3.2728369911877655,0.43687861296546104
Station 3,42240.0,5492.392953397828,3.2863636078853093,0.4284645248568147
Station 3,42250.0,5525.322822101547,3.299546861891111,0.42011480365155796
Station 3,42260.0,5558.382551481167,3.3123899099801286,0.41182862605795234
Station 3,42270.0,5591.569746698827,3.3248972057233854,0.4036051713814163
Station 3,42280.0,5624.878986655901,3.337076880943784,0.39544362215087614
Station 3,42290.0,5658.30912173585,3.3489339300464103,0.3873431646969711
Station 3,42300.0,5691.856626947863,3.360475881215615,0.37930298968487064
Station 3,42310.0,5725.518983758266,3.3717036855345692,0.37132229260433036
Station 3,42320.0,5759.290038706322,3.3826289964861336,0.3634002742194832
Station 3,42330.0,5793.16777233155,3.393254101008466,0.3555361409807111
Station 3,42340.0,5827.15275361553,3.4035835952641293,0.3477291054008564
Station 3,42350.0,5861.239144691827,3.4136235786276345,0.33997838639788047
Station 3,42360.0,5895.425481587338,3.4233794308896504,0.3322832096059968
Station 3,42370.0,5929.708419330317,3.432858136725292,0.32464280765717995
Station 3,42380.0,5964.080052143437,3.442061277274189,0.31705642043485527
Station 3,42390.0,5998.545484087997,3.450995247769218,0.30952329530149664
Station 3,42400.0,6033.099086736418,3.459665066706495,0.30204268730174305
Station 3,42410.0,6067.739497471792,3.468075605814926,0.29461385934257744
Station 3,42420.0,6102.460740936187,3.476232162999149,0.28723608235202114
Station 3,42430.0,6137.26420830978,3.4841371520251414,0.2799086354177205
Station 3,42440.0,6172.141467534445,3.491797285688816,0.2726308059067269
Station 3,42450.0,6207.098926766606,3.499214470008093,0.265401889567709
Station 3,42460.0,6242.126195196812,3.5063950368056025,0.25822119061675086
Station 3,42470.0,6277.226774514864,3.513341579772247,0.2510880218078463
Station 3,42480.0,6312.392953984547,3.5200617729772183,0.24400170448912403
Station 3,42490.0,6347.625444261454,3.5265521321795523,0.23696156864578824
Station 3,42500.0,6382.921901036227,3.5328258474538017,0.22996695293070424
Station 3,42510.0,6418.283089960245,3.5388789292967298,0.22301720468349326
Station 3,42520.0,6453.699600068954,3.544720408696545,0.2161116799389785
Station 3,42530.0,6489.174348105045,3.550348050209505,0.2092497434257493
Station 3,42540.0,6524.705497319619,3.5557744501010653,0.20243076855558337
Station 3,42550.0,6560.290501560168,3.560994515347909,0.19565413740441173
Station 3,42560.0,6595.925829870563,3.5660156893209316,0.18891924068548807
Station 3,42570.0,6631.609451914979,3.5708411184206095,0.18222547771537112
Station 3,42580.0,6667.341602542536,3.575473949914291,0.17557225637329296
Station 3,51020.0,6654.391513316072,-3.5800300384861017,0.1762832301853996
Station 3,51030.0,6618.619675430595,-3.5746144270986346,0.18297140062940434
Station 3,51040.0,6582.899646527762,-3.568988591984941,0.1896992838280049
Station 3,51050.0,6547.238600620855,-3.56314768160656,0.19646742140577336
Station 3,51060.0,6511.636989649706,-3.557091031341922,0.20327636097974358
Station 3,51070.0,6476.098103738471,-3.550812739939839,0.21012665607963413
Station 3,51080.0,6440.6233975191535,-3.5443083318910014,0.2170188660366166
Station 3,51090.0,6405.212986234835,-3.537577069682794,0.2239535558667845
Station 3,51100.0,6369.8718130913685,-3.530609302771933,0.23093129613917057
Station 3,51110.0,6334.602641244917,-3.5234076002054797,0.2379526628272777
Station 3,51120.0,6299.405323763042,-3.5159616349049605,0.24501823714300525
Station 3,51130.0,6264.2833816936145,-3.508272690722103,0.252128605351796
Station 3,51140.0,6229.241890798226,-3.5003321020341973,0.2592843585677586
Station 3,51150.0,6194.275860963894,-3.492138430674284,0.2664860925274509
Station 3,51160.0,6159.399288678396,-3.483685380086138,0.27373440734091353
Station 3,51170.0,6124.605245841926,-3.4749708957717367,0.28102990721849086
Station 3,51180.0,6089.898262504116,-3.46598653613684,0.2883732001718511
Station 3,51190.0,6055.286910936761,-3.45672965300803,0.2957648976875743
Station 3,51200.0,6020.7670430760245,-3.447195583280523,0.30320561437152777
Station 3,51210.0,5986.342583272583,-3.4373799118451362,0.31069596756218093
Station 3,51220.0,5952.018427935383,-3.4272745220707774,0.3182365769109023
Station 3,51230.0,5917.797661277877,-3.4168781531789723,0.3258280639271401
Station 3,51240.0,5883.684005832807,-3.4061838216018225,0.3334710514863052
Station 3,51250.0,5849.676061978891,-3.3951866449536015,0.3411661632980178
Station 3,51260.0,5815.778951319982,-3.3838769407713643,0.3489140233322551
Station 3,51270.0,5782.0005307736965,-3.3722548210763477,0.356715255200805
Station 3,51280.0,5748.336898374319,-3.3603160040008935,0.36457048149126403
Station 3,51290.0,5714.792672856139,-3.348049244726198,0.3724803230506689
Station 3,51300.0,5681.376374218319,-3.335448913294985,0.380445398215684
Station 3,51310.0,5648.085998176871,-3.3225135984070384,0.38846632198608066
Station 3,51320.0,5614.9270553385495,-3.3092346798993217,0.39654370513807935
Station 3,51330.0,5581.90312823423,-3.295606971344917,0.4046781532738883
Station 3,51340.0,5549.01643661952,-3.281623005911662,0.4128702658036055
Station 3,51350.0,5516.272098988899,-3.267278107477785,0.4211206348553907
Station 3,51360.0,5483.671514475514,-3.252561123171352,0.4294298441096197
Station 3,51370.0,5451.220846128939,-3.2374749267553233,0.4377984675524274
Station 3,51380.0,5418.9233320878575,-3.2220052060456426,0.4462270681438364
Station 3,51390.0,5386.779530700355,-3.2061453920505296,0.45471619639535127
Station 3,51400.0,5354.801598872834,-3.189893875306672,0.4632663888516096
Station 3,51410.0,5322.987107169699,-3.173239800576912,0.47187816645943675
Station 3,51420.0,5291.337744686114,-3.1561753279207947,0.4805520328381031
Station 3,51430.0,5259.86235975524,-3.138699413502089,0.4892884724588498
Station 3,51440.0,5228.56632086959,-3.1207975074104044,0.4980879486682877
Station 3,51450.0,5197.45157768894,-3.102469036702667,0.5069509015970345
Station 3,51460.0,5166.5174546977005,-3.083704602078941,0.5158777459325897
Station 3,51470.0,5135.777007752635,-3.06449369122883,0.5248688685481391
Station 3,51480.0,5105.229072641206,-3.04483341508935,0.5339246259786438
Station 3,51490.0,5074.880167974333,-3.024714516296121,0.543045341735057
Station 3,51500.0,5044.73636316874,-3.0041295966986747,0.5522313034468858
Station 3,51510.0,5014.799974215691,-2.983074373228493,0.5614827598227126
Station 3,51520.0,4985.076616596567,-2.9615347520441397,0.5707999174176062
Station 3,51530.0,4955.570182488767,-2.9395085718504586,0.5801829371956072
Station 3,51540.0,4926.287101916055,-2.91698868737945,0.5896319308746941
Station 3,51550.0,4897.231766601548,-2.8939668101334677,0.5991469570407467
Station 3,51560.0,4868.410716120258,-2.870432436617063,0.60872801701612
Station 3,51570.0,4839.826271542141,-2.846383555480588,0.618375050467402
Station 3,51580.0,4811.485825620628,-2.8218091215597423,0.6280879307358276
Station 3,51590.0,4783.392723505465,-2.7967037415102434,0.637866459872622
Station 3,51600.0,4755.551719345891,-2.7710575548410916,0.6477103633602252
Station 3,51610.0,4727.971863929409,-2.7448665035730926,0.6576192844989164
Station 3,51620.0,4700.656324850942,-2.7181267390594406,0.6675927784367944
Station 3,51630.0,4673.610489299367,-2.6908229838406,0.6776303058193539
Station 3,51640.0,4646.841950428082,-2.662951885560407,0.6877312260330293
Station 3,51650.0,4620.353212650854,-2.6345090365171866,0.6978947900150377
Station 3,51660.0,4594.152486238039,-2.6054841180570674,0.7081201325996007
Station 3,51670.0,4568.247691136712,-2.5758771464649755,0.7184062643682257
Station 3,51680.0,4542.638637197234,-2.5456765978871885,0.7287520629690063
Station 3,51690.0,4517.334607922264,-2.5148795539327735,0.7391562638670597
Station 3,51700.0,4492.343642380792,-2.483475920706039,0.7496174504850248
Station 3,51710.0,4467.668498004233,-2.451464687833637,0.7601340436891534
Station 3,51720.0,4443.317229580203,-2.418840210869295,0.7707042905727952
Station 3,51730.0,4419.2927365033365,-2.3855992553214382,0.7813262524851186
Station 3,51740.0,4395.606132337028,-2.3517319758867705,0.7919977922486149
Station 3,51750.0,4372.260213993302,-2.317237602037154,0.8027165605043967
Station 3,51760.0,4349.262715256396,-2.282114441117998,0.813479981119469
Station 3,51770.0,4326.6213605939065,-2.2463579469744155,0.8242852355825406
Station 3,51780.0,4304.338675218719,-2.2099639824293513,0.8351292463012616
Station 3,51790.0,4282.422210083509,-2.1729333046525947,0.846008658776097
Station 3,51800.0,4260.881774434456,-2.1352597726325797,0.8569198224860282
Station 3,51810.0,4239.720802263433,-2.0969434279149053,0.8678587704350708
Station 3,51820.0,4218.944848586706,-2.057985629376783,0.8788211972610838
Station 3,51830.0,4198.56257849085,-2.0183851495035596,0.8898024358032273
Station 3,51840.0,4178.581781719399,-1.978139520962298,0.9007974320249897
Station 3,51850.0,4159.001174862702,-1.9372526449766405,0.9118007181884888
Station 3,51860.0,4139.835954589458,-1.8957278541473621,0.9228063841769067
Station 3,51870.0,4121.091021973174,-1.8535656163845624,0.9338080468661473
Station 3,51880.0,4102.767502344705,-1.8107675512975085,0.9447988174553148
Station 3,51890.0,4084.8761729354146,-1.7673407574022704,0.9557712666795797
Station 3,51900.0,4067.4214263906456,-1.723288073842299,0.9667173878503084
Station 3,51910.0,4050.4129599351213,-1.6786126583091865,0.9776285576978275
Station 3,51920.0,4033.8529793317703,-1.633324827757224,0.9884954950345013
Station 3,51930.0,4017.7492935430105,-1.5874286492771976,0.9993082173128807
Station 3,51940.0,4002.107157147783,-1.5409338155515402,1.0100559952290946
Station 3,51950.0,3986.931818816761,-1.4938490194477814,1.0207273056195802
Station 3,51960.0,3972.230217883333,-1.4461797242800851,1.0313097830244082
Station 3,51970.0,3958.0085944041393,-1.397943311605337,1.0417901704481858
Station 3,51980.0,3944.27537078808,-1.3491439163377457,1.052154270045419
Station 3,51990.0,3931.028152096193,-1.2997994272979754,1.0623868946971635
Station 3,52000.0,3918.280848154551,-1.2499207922548718,1.0724718217351121
Station 3,52010.0,3906.0327802319157,-1.1995209456462248,1.082391750412448
Station 3,52020.0,3894.2907093844524,-1.148616180599713,1.0921282651198567
Station 3,52030.0,3883.062755036647,-1.0972225987895616,1.101661806798995
Station 3,52040.0,3872.348039029103,-1.0453560614180406,1.1109716555073648
Station 3,52050.0,3862.157038354329,-0.9930331500628428,1.1200359276235892
Station 3,52060.0,3852.488644475734,-0.9402760384646663,1.1288315917249439
Station 3,52070.0,3843.35136563523,-0.8871013137728161,1.1373345076810792
Station 3,52080.0,3834.748130164871,-0.8335258400220877,1.1455194939334858
Station 3,52090.0,3826.6844877286,-0.7795745343011804,1.1533604281958598
Station 3,52100.0,3819.1583206515547,-0.7252686933930695,1.1608303868236376
Station 3,52110.0,3812.1781177576086,-0.6706313073446507,1.1679018277540583
Station 3,52120.0,3805.7447266877975,-0.6156838174341098,1.174546821095653
Station 3,52130.0,3799.864701004093,-0.5604501641655584,1.1807373300380128
Station 3,52140.0,3794.536889788462,-0.50495781183032,1.1864455426690834
Station 3,52150.0,3789.7650229036426,-0.449226165922016,1.1916442525592874
Station 3,52160.0,3785.553507049464,-0.39328246259315036,1.196307282477795
Station 3,52170.0,3781.903967680489,-0.33715246217482003,1.2004099417661764
Station 3,52180.0,3778.812961303888,-0.2808659909188493,1.203929503793282
Station 3,52190.0,3776.286169229328,-0.2244444042271338,1.2068456860419512
Station 3,52200.0,3774.3228224573054,-0.16791925260013868,1.2091411122435096
Station 3,52210.0,3772.9264540626723,-0.11131324662429255,1.2108017340982822
Station 3,52220.0,3772.095530367258,-0.0546569912463834,1.2118171899699057
Station 3,52230.0,3771.834875927411,0.0020239738372127645,1.2121810798173174
Station 3,52240.0,3772.137311729028,0.0586999832029875,1.211891139572209
Station 3,52250.0,3773.0076799482354,0.11534603741007382,1.2109493039160442
Station 3,52260.0,3774.445006431104,0.1719333319482974,1.2093616533994314
Station 3,52270.0,3776.445158906578,0.2284324816203942,1.2071382493026859
Station 3,52280.0,3779.0136467471493,0.28482351913336773,1.2042928667016146
Station 3,52290.0,3782.1406411056514,0.34107334608819867,1.2008426420881955
Station 3,52300.0,3785.8319768642596,0.3971529368247422,1.1968076560181309
Station 3,52310.0,3790.085679704791,0.45304397175292677,1.1922104733223744
Station 3,52320.0,3794.8940197508796,0.5087182240304513,1.187075663442381
Station 3,52330.0,3800.2584115634013,0.5641447759601794,1.1814293217081386
Station 3,52340.0,3806.173761601287,0.6193062122675105,1.1752986093303082
Station 3,52350.0,3812.644134355797,0.6741736758659228,1.1687113260534183
Station 3,52360.0,3819.6594861419567,0.7287265504609355,1.1616955253270822
Station 3,52370.0,3827.216393347125,0.782939966636966,1.154279177920757
Station 3,52380.0,3835.315275271352,0.8367908655498529,1.1464898864368396
Station 3,52390.0,3843.9530818182234,0.890261651805462,1.1383546503412525
Station 3,52400.0,3853.1188406887986,0.9433297572616595,1.1298996789920777
Station 3,52410.0,3862.814385571802,0.9959718469428506,1.1211502486817018
Station 3,52420.0,3873.0381460869025,1.0481746425716785,1.112130598836986
Station 3,52430.0,3883.777681696507,1.0999142813390583,1.102863862137295
Station 3,52440.0,3895.035091536,1.1511796811173385,1.0933720232960291
Station 3,52450.0,3906.799725407907,1.2019485268104944,1.0836759014989221
Station 3,52460.0,3919.071350054973,1.2522069275725987,1.073795151907656
Station 3,52470.0,3931.8423797129867,1.3019420267745532,1.063748282144901
Station 3,52480.0,3945.107940728226,1.3511407458681122,1.053552680219616
Station 3,52490.0,3958.8637780756617,1.3997813129274397,1.043224650888786
Station 3,52500.0,3973.1038561361524,1.4478618931794662,1.0327794579400005
Station 3,52510.0,3987.8180402124394,1.495367425606579,1.0222313704050852
Station 3,52520.0,4003.0082443381907,1.5422904941666997,1.0115937110356767
Station 3,52530.0,4018.6623121581024,1.5886196779541726,1.0008789057436955
Station 3,52540.0,4034.778066291177,1.6343413388569026,0.9900985330398047
Station 3,52550.0,4051.348544710232,1.6794561165350936,0.9792633727152183
Station 3,52560.0,4068.3652906571324,1.7239538657657463,0.9683834532199546
Station 3,52570.0,4085.8262892026705,1.767826395963689,0.9574680973516871
Station 3,52580.0,4103.718199522168,1.8110703933809795,0.9465259659973284
Station 3,52590.0,4122.042224591447,1.8536823713047634,0.9355650997696979
Station 3,52600.0,4140.7909443470435,1.8956585389507095,0.9245929584589664
Station 3,52610.0,4159.955277240486,1.9369942637072606,0.9136164582771584
Station 3,52620.0,4179.530026512943,1.9776877870946872,0.9026420069175143
Station 3,52630.0,4199.505997113161,2.017739827872306,0.8916755364820198
Station 3,52640.0,4219.881588600673,2.0571467308734985,0.8807225343523826
Station 3,52650.0,4240.646501161911,2.095909404972314,0.8697880720943625
Station 3,52660.0,4261.798616623494,2.134028637590886,0.8588768324942477
Station 3,52670.0,4283.326781120916,2.1715006228615157,0.8479931348308735
Station 3,52680.0,4305.22582621429,2.2083353142814843,0.8371409584878909
Station 3,52690.0,4327.4903108331155,2.244528313589502,0.8263239650100292
Station 3,52700.0,4350.113919896923,2.28008213994482,0.8155455187043271
Station 3,52710.0,4373.088896088185,2.3150013854821703,0.804808705883511
Station 3,52720.0,4396.41032882054,2.3492910018206454,0.7941163528440269
Station 3,52730.0,4420.074489242921,2.382953270382328,0.7834710426662106
Station 3,52740.0,4444.069355865136,2.415993823668535,0.772875130918766
Station 3,52750.0,4468.391770543175,2.448411809681278,0.762330760344446
Station 3,52760.0,4493.034411193652,2.4802165346028877,0.7518398745985464
Station 3,52770.0,4517.992596443527,2.5114120642628244,0.7414042311067729
Station 3,52780.0,4543.262100403636,2.5420049570051813,0.7310254131041763
Station 3,52790.0,4568.832117936254,2.5720017690825996,0.7207048409122649
Station 3,52800.0,4594.6990985823995,2.6014022910504546,0.7104437825070764
Station 3,52810.0,4620.859146253158,2.630220089727256,0.7002433634269772
Station 3,52820.0,4647.303455602039,2.6584553786550114,0.6901045760652089
Station 3,52830.0,4674.026778175337,2.6861216289776673,0.6800282883887439
Station 3,52840.0,4701.021854625814,2.7132190583057016,0.6700152521218188
Station 3,52850.0,4728.28821514643,2.739755812841524,0.6600661104295894
Station 3,52860.0,4755.816528066555,2.7657403367499374,0.6501814051227177
Station 3,52870.0,4783.599264593397,2.7911815066606502,0.6403615834255052
Station 3,52880.0,4811.640021628323,2.8160821626799795,0.6306070043789742
Station 3,52890.0,4839.919987691978,2.8404512860277618,0.6209179448113573
Station 3,52900.0,4868.445608844649,2.8642979890309466,0.6112946049652134
Station 3,52910.0,4897.20550945571,2.887629475118481,0.6017371137884022
Station 3,52920.0,4926.196803298018,2.9104468366437453,0.5922455339090098
Station 3,52930.0,4955.411926003828,2.9327635657118885,0.5828198663134959
Station 3,52940.0,4984.848324552465,2.9545885510466907,0.5734600547459793
Station 3,52950.0,5014.502242139321,2.9759222028619488,0.5641659898453593
Station 3,52960.0,5044.3663288293665,2.9967803077107127,0.5549375130358633
Station 3,52970.0,5074.435120875932,3.017164318047679,0.545774420185562
Station 3,52980.0,5104.709142362944,3.037082475464982,0.5366764650464547
Station 3,52990.0,5135.174259383361,3.0565434724855205,0.5276433624888551
Station 3,53000.0,5165.8378130281935,3.07555317222082,0.5186747915419944
Station 3,53010.0,5196.6870943333015,3.0941190541393997,0.5097703982520178
Station 3,53020.0,5227.717662703159,3.1122540303153383,0.5009297983678648
Station 3,53030.0,5258.927928344153,3.129955394172577,0.49215257986487276
Station 3,53040.0,5290.315763138124,3.1472373822705864,0.48343830531536863
Station 3,53050.0,5321.872776859428,3.1641040371169002,0.47478651411494205
Station 3,53060.0,5353.596182542843,3.1805619138174666,0.46619672457259764
Station 3,53070.0,5385.481625759151,3.1966194777130594,0.4576684358725016
Station 3,53080.0,5417.5306032899325,3.2122816101063765,0.4492011299145865
Station 3,53090.0,5449.727087127158,3.2275588348596194,0.4407942730408612
Station 3,53100.0,5482.0769959659665,3.2424541146123778,0.4324473176539018
Station 3,53110.0,5514.57449723787,3.2569755022597864,0.42415970373360345
Station 3,53120.0,5547.216427089038,3.2711320592828956,0.41593086025796133
Station 3,53130.0,5579.99652915439,3.2849202873264,0.4077602065333043
Station 3,53140.0,5612.911761536943,3.2983599187723858,0.39964715343911883
Station 3,53150.0,5645.961962430779,3.3114468323624213,0.39159110459230684
Station 3,53160.0,5679.141323858894,3.324191599711636,0.3835914574354613
Station 3,53170.0,5712.444707986074,3.336600882394402,0.3756476042534849
Station 3,53180.0,5745.872672313175,3.34867799514273,0.3677589331226474
Station 3,53190.0,5779.4180153587,3.3604314142615186,0.35992482879594595
Station 3,53200.0,5813.080395654396,3.37186287012098,0.3521446735284268
Station 3,53210.0,5846.854719237267,3.3829835751701802,0.34441784784592727
Station 3,53220.0,5880.738552595165,3.3937961076592567,0.33674373125923607
Station 3,53230.0,5914.730416556352,3.4043028764393175,0.3291217029041788
Station 3,53240.0,5948.821784220757,3.4145144954078597,0.32155114218642444
Station 3,53250.0,5983.01660582873,3.424434572203258,0.31403142935406037
Station 3,53260.0,6017.310060569966,3.434066176063919,0.30656194602070413
Station 3,53270.0,6051.698164660751,3.4434145059089896,0.29914207565645373
Station 3,53280.0,6086.178046523751,3.4524865798786286,0.2917712040415641
Station 3,53290.0,6120.745525114109,3.4612854441165597,0.2844487196850584
Station 3,53300.0,6155.4044439653335,3.469819061900423,0.2771740142103566
Station 3,53310.0,6190.14285318483,3.4780898157997604,0.269946482709895
Station 3,53320.0,6224.964191055212,3.486099830917466,0.2627655240705954
Station 3,53330.0,6259.862860938956,3.4938568245749235,0.25563054127195006
Station 3,53340.0,6294.840042875487,3.501362919037466,0.2485409416583802
Station 3,53350.0,6329.890054241535,3.508627082703097,0.24149613718745044
Station 3,53360.0,6365.0123212412145,3.5156492650519993,0.23449554465541322
Station 3,53370.0,6400.203751113677,3.522435112772943,0.2275385859014971
Station 3,53380.0,6435.460045656285,3.528987039546266,0.22062468799226223
Station 3,53390.0,6470.780865530845,3.5353113783618872,0.21375328338727037
Station 3,53400.0,6506.165779975271,3.541409365539899,0.20692381008725969
Station 3,53410.0,6541.609264222915,3.5472895189220353,0.20013571176593703
Station 3,53420.0,6577.109603103282,3.5529485241636736,0.19338843788644272
Station 3,53430.0,6612.667390271974,3.5583955633883515,0.1866814438034814
Station 3,53440.0,6648.275968354079,3.5636346185039347,0.18001419085205808
Station 3,62100.0,6669.209446096139,-2.2752145659671537,0.17477979060900606
Station 3,62110.0,6646.546394229277,-2.256764038405452,0.17900963809136317
Station 3,62120.0,6624.074552208883,-2.2380572952507203,0.18322451367977846
Station 3,62130.0,6601.789787753095,-2.2190957649261995,0.18742373525144662
Station 3,62140.0,6579.693366372174,-2.199878132476437,0.19160660514547997
Station 3,62150.0,6557.79251633761,-2.180398148855204,0.1957724100973508
Station 3,62160.0,6536.087036639706,-2.1606642134709255,0.19992042118974707
Station 3,62170.0,6514.5797222784495,-2.14066500569835,0.2040498938208436
Station 3,62180.0,6493.273130054074,-2.1204096408188238,0.20816006769102863
Station 3,62190.0,6472.171390067279,-2.09989208386895,0.2122501668091126
Station 3,62200.0,6451.276543900193,-2.0791150173804946,0.2163193995190957
Station 3,62210.0,6430.591593773133,-2.058076323949452,0.22036695854856084
Station 3,62220.0,6410.117699863502,-2.0367742853747584,0.22439202107977993
Station 3,62230.0,6389.855548128208,-2.0152141938997175,0.22839374884462224
Station 3,62240.0,6369.812658913469,-1.9933893143016106,0.23237128824436418
Station 3,62250.0,6349.989275603855,-1.9713023742478026,0.2363237704954929
Station 3,62260.0,6330.389570658464,-1.9489531307892949,0.24025031180259745
Station 3,62270.0,6311.010828579863,-1.9263413484271399,0.24415001355943775
Station 3,62280.0,6291.8631788324565,-1.9034738519019339,0.2480219625792525
Station 3,62290.0,6272.942493049314,-1.880338651505826,0.25186523135536976
Station 3,62300.0,6254.2559089239585,-1.8569469807645789,0.25567887835315256
Station 3,62310.0,6235.804297473052,-1.833293110397846,0.25946194833427777
Station 3,62320.0,6217.59105329528,-1.8093816437194177,0.2632134727143282
Station 3,62330.0,6199.616975361176,-1.785210674147349,0.26693246995462555
Station 3,62340.0,6181.88777016448,-1.7607821730174156,0.2706179459891907
Station 3,62350.0,6164.402338251955,-1.7360960648065338,0.2742688946876612
Station 3,62360.0,6147.166752564348,-1.7111552500992708,0.27788429835495765
Station 3,62370.0,6130.179118366705,-1.6859617726313243,0.2814631282683843
Station 3,62380.0,6113.447771394956,-1.6605146648028382,0.2850043452528167
Station 3,62390.0,6096.971277109552,-1.634816100593019,0.2885069002942906
Station 3,62400.0,6080.7524769632455,-1.608868618103201,0.29196973517505176
Station 3,62410.0,6064.793203573025,-1.582671122169417,0.2953917831809131
Station 3,62420.0,6049.100526157149,-1.5562285246017378,0.2987719698392778
Station 3,62430.0,6033.669769770617,-1.5295424214997226,0.30210921368213484
Station 3,62440.0,6018.512356252416,-1.5026153466633252,0.30540242705754
Station 3,62450.0,6003.621132164703,-1.4754475840500347,0.30865051698081675
Station 3,62460.0,5989.003976862536,-1.4480444452595995,0.3118523860252747
Station 3,62470.0,5974.659678187763,-1.4204051412793712,0.315006933252091
Station 3,62480.0,5960.592847477276,-1.3925337394176878,0.3181130551788542
Station 3,62490.0,5946.8115475658815,-1.364438325555138,0.3211696467861225
Station 3,62500.0,5933.306994823642,-1.3361109784620486,0.32417560256118333
Station 3,62510.0,5920.090020819584,-1.3075683777348082,0.3271298175780499
Station 3,62520.0,5907.157433611696,-1.2787999751008523,0.3300311886125413
Station 3,62530.0,5894.513272504312,-1.2498201619815805,0.3328786152911552
Station 3,62540.0,5882.159494214046,-1.2206242521718305,0.3356710012722197
Station 3,62550.0,5870.100216826036,-1.1912243151883277,0.33840725545768074
Station 3,62560.0,5858.336523027552,-1.161616217337333,0.34108629323366757
Station 3,62570.0,5846.869538029784,-1.1318083949719375,0.34370703773781724
Station 3,62580.0,5835.701125988159,-1.1018038379188653,0.3462684211511511
Station 3,62590.0,5824.834341508164,-1.0716076594051211,0.34876938601212315
Station 3,62600.0,5814.271203731452,-1.0412233119537573,0.3512088865502813
Station 3,62610.0,5804.012053377352,-1.0106536522735279,0.353585890036807
Station 3,62620.0,5794.055586036985,-0.9799115940971971,0.3558993781490521
Station 3,62630.0,5784.413070605229,-0.9489920462857276,0.3581483483459994
Station 3,62640.0,5775.07896239939,-0.9179031514588024,0.3603318152514499
Station 3,62650.0,5766.055212230959,-0.8866510720600828,0.3624488120415817
Station 3,62660.0,5757.345980795344,-0.8552441677411168,0.3644983918333977
Station 3,62670.0,5748.950036323386,-0.8236819892301818,0.3664796290704525
Station 3,62680.0,5740.87241083555,-0.7919733016450758,0.3683916209021506
Station 3,62690.0,5733.111591966321,-0.7601232712486006,0.370233488552795
Station 3,62700.0,5725.669639212336,-0.7281327982751504,0.37200437867651676
Station 3,62710.0,5718.548972501511,-0.6960178624288157,0.3737034646941151
Station 3,62720.0,5711.750821718283,-0.6637776960993657,0.3753299481078232
Station 3,62730.0,5705.273981362072,-0.6314188437193392,0.3768830597899775
Station 3,62740.0,5699.122330205027,-0.5989477405065794,0.3783620612415517
Station 3,62750.0,5693.295503822893,-0.5663700739482466,0.3797662458165488
Station 3,62760.0,5687.794836226046,-0.5336966236317967,0.3810949398976777
Station 3,62770.0,5682.620995907693,-0.5009261373700066,0.3823475040335547
Station 3,62780.0,5677.775757216162,-0.46807422525901643,0.3835233340632179
Station 3,62790.0,5673.261069381589,-0.4351386011713877,0.3846218621494762
Station 3,62800.0,5669.074077996092,-0.40213386427871617,0.3856425577731024
Station 3,62810.0,5665.2172357774,-0.36906152671049036,0.3865849286704513
Station 3,62820.0,5661.692931062416,-0.3359261851359488,0.38744852171073846
Station 3,62830.0,5658.500519422226,-0.3027424084633466,0.38823292370981777
Station 3,62840.0,5655.639324767638,-0.2695127711006612,0.38893776217748843
Station 3,62850.0,5653.108364146104,-0.23624251612568506,0.389562705995585
Station 3,62860.0,5650.914626454646,-0.20294247763736212,0.3901074660243224
Station 3,62870.0,5649.049392604849,-0.1696156414653416,0.3905717956346531
Station 3,62880.0,5647.52119876772,-0.13627338379635875,0.3909554911646046
Station 3,62890.0,5646.32669573116,-0.10292132987906659,0.39125839229789694
Station 3,62900.0,5645.462341200712,-0.06956405742154521,0.39148038236338784
Station 3,62910.0,5644.935449641949,-0.03621111587866275,0.39162138855421624
Station 3,62920.0,5644.73926952097,-0.0028688361688028827,0.3916813820658059
Station 3,62930.0,5644.87897109193,0.03045321149145734,0.391660378152207
Station 3,62940.0,5645.349737872723,0.06375221704516504,0.391558436100574
Station 3,62950.0,5646.152415556061,0.09701892732337732,0.39137565912387245
Station 3,62960.0,5647.288158447336,0.13024600132195727,0.3911121941722618
Station 3,62970.0,5648.7580993645315,0.16342794035693917,0.3907682316638643
Station 3,62980.0,5650.557139900634,0.196555577423885,0.3903440051359788
Station 3,62990.0,5652.688485891165,0.22962478067790187,0.38983979081808107
Station 3,63000.0,5655.149527636848,0.26262252102201816,0.3892559071282409
Station 3,63010.0,5657.94023157638,0.2955495085027366,0.38859271409487933
Station 3,63020.0,5661.058667650703,0.32839708911544546,0.3878506127060499
Station 3,63030.0,5664.50851728707,0.36115478246060223,0.38703004418868653
Station 3,63040.0,5668.281952700017,0.3938220649080283,0.38613148922049495
Station 3,63050.0,5672.385121000892,0.4263840117205563,0.38515546707740234
Station 3,63060.0,5676.809381349127,0.45884315865425696,0.3841025347196632
Station 3,63070.0,5681.560286148534,0.49118543862442937,0.3829732858199213
Station 3,63080.0,5686.634790533341,0.5234116341506697,0.38176834973669105
Station 3,63090.0,5692.028386115002,0.5555076734824976,0.3804883904368619
Station 3,63100.0,5697.742186633782,0.5874785252026269,0.37913410537096015
Station 3,63110.0,5703.778022648591,0.6193056705365891,0.37770622430500145
Station 3,63120.0,5710.128577138195,0.6509903335113064,0.3762055081112012
Station 3,63130.0,5716.797077780217,0.6825270997709723,0.374632747501565
Station 3,63140.0,5723.778204129767,0.7139041338587107,0.37298876178110757
Station 3,63150.0,5731.074209874263,0.7451234909708941,0.37127439754172503
Station 3,63160.0,5738.682129050433,0.7761792760636497,0.3694905273297773
Station 3,63170.0,5746.59689403956,0.8070612014741392,0.36763804830027297
Station 3,63180.0,5754.82342292953,0.8377633162903004,0.36571788085543966
Station 3,63190.0,5763.352896151484,0.86828630438996,0.3637309672716132
Station 3,63200.0,5772.186915287887,0.8986255973021866,0.36167827031827837
Station 3,63210.0,5781.323539041236,0.928771105725978,0.3595607718730197
Station 3,63220.0,5790.760495987911,0.9587184071862056,0.3573794715360339
Station 3,63230.0,5800.497850782902,0.9884703699832031,0.35513538524773186
Station 3,63240.0,5810.529798196483,1.0180142264673635,0.3528295439128361
Station 3,63250.0,5820.857112301917,1.0473496932542088,0.35046299203423453
Station 3,63260.0,5831.477256334163,1.0764749075683238,0.3480367863597058
Station 3,63270.0,5842.385093002379,1.1053807835666511,0.3455519945444692
Station 3,63280.0,5853.583521793667,1.1340668824414188,0.34300969383235175
Station 3,63290.0,5865.064087578982,1.1625284234982851,0.3404109697581924
Station 3,63300.0,5876.834039275354,1.190762917075518,0.3377569148739294
Station 3,63310.0,5888.879333449917,1.2187664748299207,0.3350486275006454
Station 3,63320.0,5901.2072266831265,1.246538644780035,0.3322872105086525
Station 3,63330.0,5913.810878825204,1.2740699652062606,0.32947377012753437
Station 3,63340.0,5926.6882828844155,1.3013635025872858,0.32660941478787436
Station 3,63350.0,5939.837446587478,1.3284137650631582,0.3236952539962236
Station 3,63360.0,5953.255888666185,1.3552187574543308,0.32073239724468394
Station 3,63370.0,5966.942609655044,1.3817758675177543,0.3177219529563119
Station 3,63380.0,5980.891384225183,1.4080826387422187,0.3146650274673752
Station 3,63390.0,5995.102058310894,1.4341383970342136,0.31156272404733837
Station 3,63400.0,6009.570121720092,1.4599397713245947,0.3084161419572789
Station 3,63410.0,6024.298814072296,1.485488743504533,0.3052263755472995
Station 3,63420.0,6039.282504284745,1.5107748075921286,0.3019945133933376
Station 3,63430.0,6054.511877399338,1.5358037802779398,0.29872163747364605
Station 3,63440.0,6069.995566579256,1.5605713985623484,0.29540882238507304
Station 3,63450.0,6085.723856939156,1.5850779713070262,0.2920571345991527
Station 3,63460.0,6101.698854629167,1.6093196398137115,0.28866763175788784
Station 3,63470.0,6117.909551335869,1.6332974886989107,0.28524136200899675
Station 3,63480.0,6134.361931772077,1.6570099850896929,0.2817793633803015
Station 3,63490.0,6151.048730170467,1.6804573173610082,0.27828266318785644
Station 3,63500.0,6167.968516931456,1.7036377891892793,0.2747522774659766
Station 3,63510.0,6185.121274935819,1.726548306969637,0.2711892104907961
Station 3,63520.0,6202.499361168474,1.7491901950139945,0.26759445429298634
Station 3,63530.0,6220.103176996368,1.7715652566949545,0.2639689882159423
Station 3,63540.0,6237.930387860837,1.7936714321385308,0.2603137785121275
Station 3,63550.0,6255.975930062872,1.8155089383711724,0.2566297779737595
Station 3,63560.0,6274.2394172074,1.837075565767378,0.25291792559691206
Station 3,63570.0,6292.716288204304,1.8583715717633775,0.24917914627810192
Station 3,63580.0,6311.406001034952,1.879402069490218,0.2454143505423553
Station 3,63590.0,6330.304551352238,1.9001613048902553,0.2416244343017602
Station 3,63600.0,6349.408260928772,1.9206531056459524,0.23781027864344986
Station 3,63610.0,6368.7173837704795,1.9408747748487456,0.23397274964597034
Station 3,63620.0,6388.225039987425,1.9608287130003526,0.23011269822296457
Station 3,63630.0,6407.933335097346,1.9805158621345773,0.2262309599930845
Station 3,63640.0,6427.834908931172,1.99993704033546,0.22232835517505317
Station 3,63650.0,6447.929237907256,2.019090427501338,0.21840568850679817
Station 3,63660.0,6468.216899910498,2.0379799776750356,0.2144637491875658
Station 3,63670.0,6488.688961360496,2.056603740580776,0.21050331084194626
Station 3,63680.0,6509.34827844931,2.074962343448341,0.20652513150474427
Station 3,63690.0,6530.188704308582,2.0930590628409416,0.20252995362564577
Station 3,63700.0,6551.206646246192,2.1108969521890475,0.19851850409263572
Station 3,63710.0,6572.404899625206,2.1284738098913505,0.19449149427315598
Station 3,63720.0,6593.77509278587,2.145787259217265,0.19044962007199728
Station 3,63730.0,6615.318578655311,2.1628460172222153,0.18639356200494417
Station 3,63740.0,6637.030989282789,2.1796449490170215,0.18232398528722624
Station 3,63750.0,6658.9130281277385,2.1961886197886886,0.17824153993582945
Station 2,78430.0,6652.619023932237,-2.85768212453948,0.17641031941704116
Station 2,78440.0,6624.102378858452,-2.845593547559997,0.18172546115319585
Station 2,78450.0,6595.705210185086,-2.8332420732518977,0.18704918750212782
Station 2,78460.0,6567.437571956577,-2.820616889001961,0.192381164900212
Station 2,78470.0,6539.294713342289,-2.807716613327193,0.19772104218252287
Station 2,78480.0,6511.282915818364,-2.79454115508804,0.20306844997311718
Station 2,78490.0,6483.405063903744,-2.781084214984968,0.20842300006173592
Station 2,78500.0,6455.663033285111,-2.7673442061444193,0.21378428476712888
Station 2,78510.0,6428.059374768853,-2.753319790502005,0.2191518762872452
Station 2,78520.0,6400.596370633655,-2.739003669162512,0.22452532603660794
Station 2,78530.0,6373.2798706685835,-2.724393146002602,0.22990416395642682
Station 2,78540.0,6346.111250590155,-2.7094900303495653,0.23528789783064125
Station 2,78550.0,6319.092893276163,-2.6942861547795895,0.24067601260685054
Station 2,78560.0,6292.22632011497,-2.678782061910468,0.24606796967223168
Station 2,78570.0,6265.516262574035,-2.6629735409151234,0.25146320613325335
Station 2,78580.0,6238.969217357557,-2.646851288931214,0.2568611340857633
Station 2,78590.0,6212.581629489355,-2.6304235024471407,0.26226113987625027
Station 2,78600.0,6186.359721312116,-2.613679939305436,0.2676625833552331
Station 2,78610.0,6160.306862034926,-2.596618798011699,0.27306479712380655
Station 2,78620.0,6134.426684668262,-2.579238557011978,0.27846708577450935
Station 2,78630.0,6108.726171212632,-2.5615332394188997,0.2838687251277695
Station 2,78640.0,6083.200026618837,-2.5435042413552704,0.28926896146533343
Station 2,78650.0,6057.855251190952,-2.525142927745194,0.2946670107621848
Station 2,78660.0,6032.697671086818,-2.5064512358960664,0.3000620579186196
Station 2,78670.0,6007.726545758144,-2.487427461142833,0.3054532559942685
Station 2,78680.0,5982.951044449582,-2.468062129307101,0.31083972544601524
Station 2,78690.0,5958.366616113095,-2.4483585180917933,0.3162205533719136
Station 2,78700.0,5933.9828997253135,-2.4283125589234236,0.321594792763366
Station 2,78710.0,5909.803680220944,-2.407921449142561,0.32696146176798974
Station 2,78720.0,5885.8257839396665,-2.3871825627295724,0.3323195429657821
Station 2,78730.0,5862.059868687896,-2.3660928081006753,0.33766798266136466
Station 2,78740.0,5838.507053569572,-2.3446533102250515,0.3430056901952694
Station 2,78750.0,5815.168303819518,-2.3228542383542585,0.34833153727743615
Station 2,78760.0,5792.051210020189,-2.300701119390555,0.3536443573462584
Station 2,78770.0,5769.154189377811,-2.278187644539001,0.3589429449567324
Station 2,78780.0,5746.487360167478,-2.2553142107478776,0.3642260552014543
Station 2,78790.0,5724.050973568696,-2.2320808487696224,0.3694924031684108
Station 2,78800.0,5701.847383202408,-2.2084793106063425,0.3747406634397168
Station 2,78810.0,5679.881904829289,-2.1845116628887697,0.3799694696356433
Station 2,78820.0,5658.15767897972,-2.160178925303239,0.38517741400849176
Station 2,78830.0,5636.6792030341385,-2.135474827034342,0.39036304709105824
Station 2,78840.0,5615.449317299431,-2.1104012971224013,0.3955248774046182
Station 2,78850.0,5594.473322564462,-2.084956480300319,0.4006613712315588
Station 2,78860.0,5573.750736462261,-2.059141271614229,0.40577095245794503
Station 2,78870.0,5553.291048115898,-2.0329504662261213,0.4108520024914826
Station 2,78880.0,5533.094518468377,-2.006386958136914,0.4159028602604813
Station 2,78890.0,5513.164397652493,-1.9794479658473192,0.4209218222995573
Station 2,78900.0,5493.50706178619,-1.9521369475914472,0.4259071429276427
Station 2,78910.0,5474.122454901656,-1.9244526383642973,0.43085703450023666
Station 2,78920.0,5455.019483149445,-1.8963906474897838,0.4357696678114503
Station 2,78930.0,5436.197882932134,-1.8679581491331427,0.44064317259508495
Station 2,78940.0,5417.660059499612,-1.8391509459005397,0.4454756381205053
Station 2,78950.0,5399.414119284829,-1.809970303531408,0.450265113923404
Station 2,78960.0,5381.460949435975,-1.7804168604672326,0.45500961066507023
Station 2,78970.0,5363.8078855752165,-1.750497392032228,0.4597071011260325
Station 2,78980.0,5346.455914523494,-1.720205518833156,0.464355521339776
Station 2,78990.0,5329.404398277301,-1.6895463347156128,0.4689527718720313
Station 2,79000.0,5312.664010825826,-1.658522912818093,0.47349671925088244
Station 2,79010.0,5296.233662357625,-1.6271374215778724,0.47798519755261243
Station 2,79020.0,5280.121824186287,-1.5953883122325432,0.48241601014783814
Station 2,79030.0,5264.329809604213,-1.5632806604574254,0.4867869316120451
Station 2,79040.0,5248.859223883989,-1.5308196326352845,0.4910957098041271
Station 2,79050.0,5233.714636965383,-1.498003574580611,0.49534006811596093
Station 2,79060.0,5218.900458576569,-1.4648396729767557,0.4995177078954052
Station 2,79070.0,5204.417838810652,-1.4313320207061988,0.5036263110443989
Station 2,79080.0,5190.27329556521,-1.397481996705239,0.5076635427930448
Station 2,79090.0,5176.471481001023,-1.363294085803228,0.5116270546497055
Station 2,79100.0,5163.0081777587475,-1.328774621628447,0.5155144875262166
Station 2,79110.0,5149.895079928896,-1.2939266231026532,0.519323475036317
Station 2,79120.0,5137.131368784866,-1.2587586966672748,0.5230516469643357
Station 2,79130.0,5124.720654013435,-1.2232714640889413,0.5266966329000499
Station 2,79140.0,5112.666821540801,-1.1874745213617655,0.5302560660344529
Station 2,79150.0,5100.972341681793,-1.1513731273135837,0.5337275871099278
Station 2,79160.0,5089.640890988217,-1.1149718814980685,0.5371088485170611
Station 2,79170.0,5078.673975374195,-1.0782754316798437,0.5403975185290207
Station 2,79180.0,5068.0771376904595,-1.041294409495384,0.5435912856630863
Station 2,79190.0,5057.848891070397,-1.0040366258022568,0.5466878631575939
Station 2,79200.0,5047.996080737679,-0.9665045836842908,0.5496849935511964
Station 2,79210.0,5038.520172413811,-0.9287113276173978,0.5525804533500405
Station 2,79220.0,5029.421296940412,-0.8906639869439394,0.5553720577671409
Station 2,79230.0,5020.7067864274295,-0.8523661670075292,0.5580576655170011
Station 2,79240.0,5012.376974776523,-0.8138317046162721,0.5606351836473272
Station 2,79250.0,5004.43194229761,-0.7750670814059656,0.563102572388585
Station 2,79260.0,4996.875750296414,-0.7360810344972802,0.565457850001111
Station 2,79270.0,4989.711082991472,-0.6968821144803587,0.5676990975986115
Station 2,79280.0,4982.937549429899,-0.6574818373558489,0.5698244639193124
Station 2,79290.0,4976.561850647612,-0.6178898857391357,0.5718321700130873
Station 2,79300.0,4970.580843766237,-0.5781147458975201,0.5737205139004726
Station 2,79310.0,4965.000328111585,-0.5381666935980383,0.5754878750599702
Station 2,79320.0,4959.820318870927,-0.49805595900421723,0.5771327187902829
Station 2,79330.0,4955.038047611481,-0.4577944465590269,0.5786536004136742
Station 2,79340.0,4950.664822830552,-0.41739163900818704,0.5800491692945162
Station 2,79350.0,4946.691267430689,-0.37686013228574833,0.5813181726504013
Station 2,79360.0,4943.126982690792,-0.336208722931223,0.582459459133885
Station 2,79370.0,4939.967132726105,-0.29544664389350145,0.5834719821638246
Station 2,79380.0,4937.217514634339,-0.25459064119566593,0.5843548029864309
Station 2,79390.0,4934.87542934642,-0.2136479525177168,0.58510709344744
Station 2,79400.0,4932.94636862237,-0.17263367433866392,0.5857281384583386
Station 2,79410.0,4931.426168386458,-0.13155533108385037,0.5862173381412761
Station 2,79420.0,4930.313603856283,-0.09042692149851761,0.5865742096391502
Station 2,79430.0,4929.615348841897,-0.049260711108896474,0.5867983885793595
Station 2,79440.0,4929.330240839625,-0.008066553700287282,0.5868896301818528
Station 2,79450.0,4929.453591147716,0.03314065093338299,0.5868478100043508
Station 2,79460.0,4929.990568614132,0.07435283668937578,0.586672924319914
Station 2,79470.0,4930.942132083839,0.11555581846295182,0.58636509012443
Station 2,79480.0,4932.302955299708,0.15674126119050538,0.585924544773975
Station 2,79490.0,4934.077438206074,0.1978933102370415,0.5853516452544134
Station 2,79500.0,4936.260634963798,0.23900075672847731,0.5846468670879695
Station 2,79510.0,4938.85420583559,0.2800525244437945,0.5838108028838281
Station 2,79520.0,4941.863401225781,0.3210356994285605,0.5828441605420663
Station 2,79530.0,4945.276047985733,0.3619395803950364,0.581747761122344
Station 2,79540.0,4949.10063694056,0.40275814357899775,0.5805225363908085
Station 2,79550.0,4953.331322550488,0.4434759250416758,0.5791695260605119
Station 2,79560.0,4957.967861532502,0.4840774702279223,0.5776898747423638
Station 2,79570.0,4963.010608988224,0.5245591701024287,0.5760848286251422
Station 2,79580.0,4968.461062675471,0.5649035829846277,0.5743557319044217
Station 2,79590.0,4974.310590103172,0.60510550231676,0.572504022981399
Station 2,79600.0,4980.563255922685,0.6451486400192,0.5705312304535229
Station 2,79610.0,4987.212599260819,0.6850270951154358,0.5684389689195309
Station 2,79620.0,4994.2615537474185,0.7247321486886639,0.5662289346220066
Station 2,79630.0,5001.706032708976,0.7642500157601814,0.563902900950832
Station 2,79640.0,5009.544084687517,0.8035708187675159,0.5614627138310371
Station 2,79650.0,5017.777884943982,0.8426881270698743,0.5589102870121454
Station 2,79660.0,5026.3985084344695,0.8815897588767133,0.5562475972711184
Station 2,79670.0,5035.408244317145,0.9202720051043595,0.5534766796314604
Station 2,79680.0,5044.803492216825,0.9587170663160789,0.5505996225031252
Station 2,79690.0,5054.583049654175,0.996923328780218,0.547618562830426
Station 2,79700.0,5064.740838940213,1.034881614479946,0.544535681259611
Station 2,79710.0,5075.277877818402,1.0725856441873654,0.5413531973424719
Station 2,79720.0,5086.191798111168,1.1100235558564038,0.5380733647941549
Station 2,79730.0,5097.479963879994,1.1471872397005127,0.5346984668222106
Station 2,79740.0,5109.134911822455,1.1840737786664808,0.5312308115426178
Station 2,79750.0,5121.158713885262,1.220673903955651,0.5276727274972616
Station 2,79760.0,5133.546820960286,1.2569844121380822,0.5240265592860088
Station 2,79770.0,5146.296958652938,1.2929946597974635,0.520294663325191
Station 2,79780.0,5159.404925319974,1.3287018530822523,0.5164794037429686
Station 2,79790.0,5172.869664843814,1.364093826028779,0.5125831484207147
Station 2,79800.0,5186.686976240943,1.399173354984819,0.5086082651882664
Station 2,79810.0,5200.851400123255,1.4339347376338252,0.5045571181795983
Station 2,79820.0,5215.3642034823815,1.4683672869326474,0.5004320643542703
Station 2,79830.0,5230.217662454251,1.5024705750182599,0.4962354501887952
Station 2,79840.0,5245.411803157972,1.5362380174959065,0.4919696085409599
Station 2,79850.0,5260.942042676408,1.5696661516161414,0.48763685568906956
Station 2,79860.0,5276.804892272138,1.6027572811724875,0.4832394885470836
Station 2,79870.0,5292.996348215039,1.6354982470065886,0.4787797820556793
Station 2,79880.0,5309.515073398245,1.6678906187713711,0.4742599867484302
Station 2,79890.0,5326.354367694333,1.699932612423856,0.4696823264914738
Station 2,79900.0,5343.5109610927875,1.731619907264993,0.4650489963943611
Station 2,79910.0,5360.984134029049,1.7629514261238377,0.46036216088910387
Station 2,79920.0,5378.768219904523,1.7939212997143539,0.4556239519738703
Station 2,79930.0,5396.863177069216,1.8245304787649,0.45083646761727963
Station 2,79940.0,5415.259566281364,1.8547797219656443,0.4460017703187869
Station 2,79950.0,5433.954906267561,1.8846600140111354,0.44112188582029
Station 2,79960.0,5452.950311084266,1.914177429048754,0.43619880196375144
Station 2,79970.0,5472.239602373782,1.9433317452791028,0.43123446768938556
Station 2,79980.0,5491.815413419738,1.9721156900686472,0.4262307921687291
Station 2,79990.0,5511.67888036576,2.0005312543742524,0.4211896440667845
Station 2,80000.0,5531.826196554322,2.0285805434046713,0.41611285092728284
Station 2,80010.0,5552.2491224526375,2.056260536308156,0.41100219867506305
Station 2,80020.0,5572.951359963671,2.083570728214327,0.40585943121182705
Station 2,80030.0,5593.920285721049,2.110515115073994,0.40068625013692166
Station 2,80040.0,5615.157832945363,2.1370933361031037,0.39548431458750727
Station 2,80050.0,5636.657769299963,2.163300734110567,0.39025524113323623
Station 2,80060.0,5658.423882796797,2.1891429319733824,0.3850006037730496
Station 2,80070.0,5680.440837466043,2.2146196339468336,0.3797219340133202
Station 2,80080.0,5702.7146147498515,2.239734186286789,0.3744207210217432
Station 2,80090.0,5725.235963323285,2.264480176487753,0.36909841185149395
Station 2,80100.0,5748.003198622001,2.2888652978181847,0.36375641173036966
Station 2,80110.0,5771.010211880912,2.3128933706349617,0.35839608440978293
Station 2,80120.0,5794.258613780349,2.336558463499034,0.3530187525686716
Station 2,80130.0,5817.7422481208505,2.359868623263285,0.3476256982675707
Station 2,80140.0,5841.456050706085,2.382821385534753,0.34221816344829226
Station 2,80150.0,5865.398444445978,2.4054191778828797,0.3367973504748477
Station 2,80160.0,5889.561931661172,2.4276650234237707,0.3313644227114673
Station 2,80170.0,5913.947718980938,2.4495636507949823,0.3259205051337504
Station 2,80180.0,5938.551145281248,2.4711108943263675,0.3204666849691977
Station 2,80190.0,5963.37028518113,2.492315690433244,0.31500401236356473
Station 2,80200.0,5988.398997570222,2.5131764090339437,0.30953350106968286
Station 2,80210.0,6013.63205683008,2.5336960790991263,0.3040561291555794
Station 2,80220.0,6039.070113444253,2.5538784227707922,0.29857283972892024
Station 2,80230.0,6064.709828381278,2.573725027974366,0.29308454167499
Station 2,80240.0,6090.544125480591,2.5932345866225472,0.2875921104055833
Station 2,80250.0,6116.572365766685,2.6124182870737185,0.2820963886163905
Station 2,80260.0,6142.790865614666,2.6312747796585874,0.2765981870505902
Station 2,80270.0,6169.197114172453,2.6498035468515044,0.271098285266552
Station 2,80280.0,6195.786045974431,2.668008555410052,0.26559743240769196
Station 2,80290.0,6222.556674103334,2.68589776462848,0.26009634797268155
Station 2,80300.0,6249.502472208584,2.7034706614773745,0.25459572258434887
Station 2,80310.0,6276.624741514435,2.7207280174978554,0.24909621875574614
Station 2,80320.0,6303.91596698658,2.737676434263164,0.2435984716519967
Station 2,80330.0,6331.375688168815,2.7543132825046093,0.2381030898466358
Station 2,80340.0,6359.002784056492,2.770646450852959,0.2326106560713073
Station 2,80350.0,6386.7887817558685,2.7866817433727378,0.22712172795776037
Station 2,80360.0,6414.733964771397,2.8024151453406163,0.22163683877120788
Station 2,80370.0,6442.835075823786,2.817853461324453,0.2161564981342084
Station 2,80380.0,6471.090291513538,2.832997032704909,0.21068119273579908
Station 2,80390.0,6499.4963940024145,2.8478522901777805,0.20521138701306904
Station 2,80400.0,6528.0470561453085,2.8624237699213158,0.19974752387540579
Station 2,80410.0,6556.743756850239,2.8767073789730144,0.1942900253721569
Station 2,80420.0,6585.580664914171,2.8907102595948206,0.18883929335568406
Station 2,80430.0,6614.557242496072,2.904440592299141,0.18339571013445705
Station 2,80440.0,6643.6680819752155,2.9178913313957704,0.1779596391128992
Station 1,83180.0,6657.860356760494,-2.8126629049910123,0.17816205627718393
Station 1,83190.0,6629.791065541676,-2.8006497110502333,0.18341546306429482
Station 1,83200.0,6601.847766585844,-2.788373850589263,0.18867671407911266
Station 1,83210.0,6574.024197278495,-2.77583173945624,0.19394546801468668
Station 1,83220.0,6546.332627203885,-2.7630206485778284,0.19922136628093237
Station 1,83230.0,6518.769378338332,-2.7499385896375266,0.20450403242384768
Station 1,83240.0,6491.3335853559,-2.736584972191576,0.20979307153256363
Station 1,83250.0,6464.037388586844,-2.722953208880897,0.21508806963445581
Station 1,83260.0,6436.876612971917,-2.7090390779351425,0.22038859307862177
Station 1,83270.0,6409.8558577141275,-2.694844465431086,0.225694187908049
Station 1,83280.0,6382.9793438117085,-2.6803606075658966,0.23100437922089428
Station 1,83290.0,6356.250358686232,-2.665591106121216,0.23631867050809557
Station 1,83300.0,6329.669143908451,-2.6505271202978204,0.24163654299586643
Station 1,83310.0,6303.240410518504,-2.635170930879059,0.2469574549964017
Station 1,83320.0,6276.966448053295,-2.619514520884945,0.25228084121731614
Station 1,83330.0,6250.850623063937,-2.603555701632732,0.25760611207634515
Station 1,83340.0,6224.89553693391,-2.587296091604308,0.26293265300895985
Station 1,83350.0,6199.10451656126,-2.5707293867104535,0.26825982376980834
Station 1,83360.0,6173.482778848532,-2.553852416212981,0.2735869577290079
Station 1,83370.0,6148.030348398663,-2.536665103941208,0.27891336116445076
Station 1,83380.0,6122.749209246386,-2.519159857253945,0.28423831255136917
Station 1,83390.0,6097.647118003225,-2.501341791208752,0.28956106185053415
Station 1,83400.0,6072.723314054801,-2.4831978851223884,0.2948808297965743
Station 1,83410.0,6047.9857752719945,-2.464729287849947,0.3001968071880365
Station 1,83420.0,6023.4324275912395,-2.445938895033267,0.30550815418092725
Station 1,83430.0,5999.066736859152,-2.426821135734061,0.3108139995876292
Station 1,83440.0,5974.8959354705685,-2.4073706437576963,0.3161134401832114
Station 1,83450.0,5950.9213075523785,-2.3875847243739745,0.3214055400213139
Station 1,83460.0,5927.145195772333,-2.367466605067913,0.32668932976193554
Station 1,83470.0,5903.57333216704,-2.347008387008511,0.3319638060136111
Station 1,83480.0,5880.208209013242,-2.3262087981341053,0.33722793069262647
Station 1,83490.0,5857.050745077794,-2.3050685896916003,0.3424806304020939
Station 1,83500.0,5834.107003922585,-2.283581703032768,0.347720795833869
Station 1,83510.0,5811.381079139609,-2.2617506443753794,0.35294728119647856
Station 1,83520.0,5788.871079374967,-2.2395707127162994,0.358158903672387
Station 1,83530.0,5766.589364994839,-2.2170388525889773,0.3633544429081295
Station 1,83540.0,5744.531108038608,-2.1941580973976853,0.36853264054099616
Station 1,83550.0,5722.7088478482865,-2.1709197612330056,0.37369219976614315
Station 1,83560.0,5701.116329684591,-2.147325170811208,0.37883178494818265
Station 1,83570.0,5679.761715188393,-2.123376542822556,0.38395002128146927
Station 1,83580.0,5658.648808184713,-2.0990695498046263,0.3890454945034817
Station 1,83590.0,5637.781029465587,-2.0744018572500056,0.3941167506658511
Station 1,83600.0,5617.162104158313,-2.049379926116736,0.39916229596775915
Station 1,83610.0,5596.793645935698,-2.0239931604441024,0.4041805966565578
Station 1,83620.0,5576.6832287835905,-1.998244501098,0.4091700790006125
Station 1,83630.0,5556.830994452446,-1.9721347156249396,0.41412912933949814
Station 1,83640.0,5537.241348190303,-1.9456647001338456,0.4190560942167587
Station 1,83650.0,5517.918876159097,-1.9188327231279958,0.42394928060056747
Station 1,83660.0,5498.866505905768,-1.891636896872365,0.42880695618729475
Station 1,83670.0,5480.088126237375,-1.864079655184823,0.4336273498036265
Station 1,83680.0,5461.587217570796,-1.836161511328827,0.4384086519554804
Station 1,83690.0,5443.365517203602,-1.8078791490732353,0.44314901543672414
Station 1,83700.0,5425.428054509634,-1.779237433810902,0.44784655606923773
Station 1,83710.0,5407.782139984026,-1.7502387151812453,0.4524993535639239
Station 1,83720.0,5390.425688103037,-1.7208792135898048,0.45710545250704987
Station 1,83730.0,5373.365955214812,-1.6911625542429016,0.46166286347696833
Station 1,83740.0,5356.602912455865,-1.6610922924250922,0.46616956429603373
Station 1,83750.0,5340.144443605509,-1.6306696482236196,0.47062350142230636
Station 1,83760.0,5323.991291434324,-1.5998950774991425,0.4750225914853073
Station 1,83770.0,5308.148833880421,-1.5687713080226262,0.47936472296974114
Station 1,83780.0,5292.617057574447,-1.5373015030136845,0.48364775805069254
Station 1,83790.0,5277.4028063726,-1.5054901761423949,0.48786953458331245
Station 1,83800.0,5262.508894016349,-1.4733341961024526,0.4920278682495012
Station 1,83810.0,5247.938317589713,-1.4408452067411648,0.496120554863478
Station 1,83820.0,5233.692670340582,-1.4080191613640496,0.5001453728374852
Station 1,83830.0,5219.777195668714,-1.3748648743055418,0.5041000858081492
Station 1,83840.0,5206.196222054674,-1.3413874747910945,0.5079824454232408
Station 1,83850.0,5192.952011434973,-1.3075859816177873,0.511790194287731
Station 1,83860.0,5180.046764300981,-1.2734705736978928,0.515521069067153
Station 1,83870.0,5167.485118177334,-1.239041827163678,0.519172803745285
Station 1,83880.0,5155.26544719022,-1.2043068687583673,0.5227431330322174
Station 1,83890.0,5143.3977434475455,-1.1692735416200424,0.5262297959177515
Station 1,83900.0,5131.883060732051,-1.1339405871659844,0.5296305393640195
Station 1,83910.0,5120.719869057262,-1.0983202604467142,0.5329431221300596
Station 1,83920.0,5109.917103359726,-1.0624181247089715,0.5361653187199268
Station 1,83930.0,5099.47394282105,-1.0262387456189226,0.5392949234447482
Station 1,83940.0,5089.392684309822,-0.9897905052529679,0.5423297545879318
Station 1,83950.0,5079.678978085683,-0.95307926337012,0.5452676586615591
Station 1,83960.0,5070.333797831804,-0.9161127148304377,0.5481065147408398
Station 1,83970.0,5061.357594550205,-0.878898779929788,0.5508442388623433
Station 1,83980.0,5052.755634136998,-0.8414444206581218,0.5534787884706374
Station 1,83990.0,5044.530142683677,-0.8037575974146667,0.5560081668969223
Station 1,84000.0,5036.681839637959,-0.7658495566690184,0.5584304278522673
Station 1,84010.0,5029.214012967161,-0.7277279780036815,0.5607436799171722
Station 1,84020.0,5022.126185924299,-0.6893975876268644,0.5629460910083931
Station 1,84030.0,5015.424941510031,-0.6508721122210496,0.5650358928032692
Station 1,84040.0,5009.1092545442225,-0.6121587632349544,0.5670113850871313
Station 1,84050.0,5003.182299283276,-0.5732643860566068,0.5688709400223187
Station 1,84060.0,4997.643859335646,-0.5342013617239812,0.5706130063570565
Station 1,84070.0,4992.498002477982,-0.4949841260322605,0.5722361134531492
Station 1,84080.0,4987.745770524543,-0.4556146315774781,0.573738875186006
Station 1,84090.0,4983.385583556664,-0.41610672875049315,0.5751199936776663
Station 1,84100.0,4979.423581700595,-0.37647170785437023,0.5763782628419396
Station 1,84110.0,4975.857003266492,-0.3367178936198813,0.5775125717219153
Station 1,84120.0,4972.6910851832135,-0.2968581804650331,0.5785219076009024
Station 1,84130.0,4969.922390510478,-0.25690147397343693,0.5794053588688157
Station 1,84140.0,4967.552925920259,-0.21686031265731318,0.5801621176271933
Station 1,84150.0,4965.585092912004,-0.17674283601297922,0.580791482017327
Station 1,84160.0,4964.019212343143,-0.1365587052282422,0.5812928582574803
Station 1,84170.0,4962.854160650032,-0.09632691293140096,0.581665762376775
Station 1,84180.0,4962.0919223981455,-0.0560525865730295,0.5819098216350963
Station 1,84190.0,4961.730879736771,-0.015745733823856998,0.5820247756202092
Station 1,84200.0,4961.774850096359,0.024578025266982877,0.5820104770152772
Station 1,84210.0,4962.223955974453,0.06490862121604264,0.5818668920319492
Station 1,84220.0,4963.075679522247,0.10523694985512513,0.581594100506341
Station 1,84230.0,4964.328815558892,0.14554804621761389,0.5811922956572979
Station 1,84240.0,4965.9858195097595,0.1858356135739176,0.5806617835084654
Station 1,84250.0,4968.044046610782,0.22608538406115583,0.5800029819778171
Station 1,84260.0,4970.506521571859,0.2662877410903957,0.5792164196403274
Station 1,84270.0,4973.372248439417,0.3064300254068148,0.5783027341715086
Station 1,84280.0,4976.635192248837,0.34650245785754663,0.5772626704814249
Station 1,84290.0,4980.300287640315,0.3864902479684105,0.5760970785506494
Station 1,84300.0,4984.3641792832605,0.4263903952679943,0.5748069109812749
Station 1,84310.0,4988.829642877447,0.466183691398549,0.5733932202777023
Station 1,84320.0,4993.6874358845225,0.5058643261861321,0.5718571558733037
Station 1,84330.0,4998.945658217735,0.5454218555631635,0.570199960920299
Station 1,84340.0,5004.594925654041,0.5848466655822595,0.5684229688612812
Station 1,84350.0,5010.639393719481,0.6241243176416478,0.5665275998016878
Station 1,84360.0,5017.078500438181,0.663250172738253,0.5645153567032505
Station 1,84370.0,5023.905334196143,0.7022100470372616,0.5623878214189675
Station 1,84380.0,5031.123081042584,0.7409977588172413,0.5601466505904903
Station 1,84390.0,5038.725795538405,0.779601562583748,0.5577935714289869
Station 1,84400.0,5046.714610895538,0.8180139204851977,0.5553303774005279
Station 1,84410.0,5055.084679037039,0.8562254701499783,0.5527589238368099
Station 1,84420.0,5063.837058110944,0.8942257874123768,0.5500811234675343
Station 1,84430.0,5072.968412118136,0.9320099615940114,0.5472989419564112
Station 1,84440.0,5082.478891347289,0.9695678388475282,0.5444143934265876
Station 1,84450.0,5092.35865001918,1.0068869581248054,0.5414295359573811
Station 1,84460.0,5102.614845380994,1.043967797152292,0.5383464671176424
Station 1,84470.0,5113.23586994148,1.0807971559877643,0.535167319538009
Station 1,84480.0,5124.226588759349,1.1173720145087318,0.5318942565380111
Station 1,84490.0,5135.584139453262,1.1536796519481614,0.5285294678229385
Station 1,84500.0,5147.300517188549,1.1897208267840824,0.5250751652642474
Station 1,84510.0,5159.37542916176,1.2254793909553392,0.5215335787761545
Station 1,84520.0,5171.811932818581,1.2609579095839936,0.5179069522998722
Station 1,84530.0,5184.5970270151365,1.296145438952641,0.5141975399057694
Station 1,84540.0,5197.73308834492,1.3310382931527733,0.5104076020225566
Station 1,84550.0,5211.215789098477,1.365630758786025,0.5065394018014363
Station 1,84560.0,5225.044447201953,1.3999187311166628,0.5025952016219698
Station 1,84570.0,5239.212159239873,1.4338962393660126,0.49857725974537176
Station 1,84580.0,5253.720786228145,1.4675576780652988,0.4944878271197835
Station 1,84590.0,5268.563392094055,1.500901635560725,0.49032914434109726
Station 1,84600.0,5283.738847981039,1.5339199353262256,0.4861034387718881
Station 1,84610.0,5299.241081694421,1.5666143491998523,0.48181292182009183
Station 1,84620.0,5315.067859950821,1.5989756223466232,0.47745978637818676
Station 1,84630.0,5331.217973452882,1.6310037982754073,0.4730462044228405
Station 1,84640.0,5347.689232980833,1.6626955820226654,0.46857432477417055
Station 1,84650.0,5364.470720520199,1.6940456022061248,0.4640462710131779
Station 1,84660.0,5381.566409519897,1.725056144388698,0.4594641395551742
Station 1,84670.0,5398.971775394897,1.7557196489011342,0.45482999787653217
Station 1,84680.0,5416.678967861113,1.7860369679922021,0.45014588289154533
Station 1,84690.0,5434.689616483075,1.8160061228100717,0.4454137994757464
Station 1,84700.0,5453.000282023849,1.8456267586784356,0.44063571913164423
Station 1,84710.0,5471.603011905655,1.8748931908449333,0.43581357879249777
Station 1,84720.0,5490.49669833592,1.9038084746201402,0.43094927975946923
Station 1,84730.0,5509.6797986755555,1.9323713553784612,0.4260446867672555
Station 1,84740.0,5529.143257868151,1.9605786442570396,0.4211016271731244
Station 1,84750.0,5548.8889373658185,1.988429799598492,0.416121890264122
Station 1,84760.0,5568.908747631884,2.015925356726386,0.411107226677125
Station 1,84770.0,5589.204825095837,2.043065814232283,0.40605934792634696
Station 1,84780.0,5609.769026539349,2.0698529106722225,0.40097992603229005
Station 1,84790.0,5630.6012535709915,2.096282769386412,0.3958705932230175
Station 1,84800.0,5651.694886873381,2.12235617767629,0.39073294177350665
Station 1,84810.0,5673.046462092591,2.148075774626551,0.3855685239140567
Station 1,84820.0,5694.654755335075,2.1734413979894787,0.38037885180341163
Station 1,84830.0,5716.515244855011,2.198454425683377,0.375165397586865
Station 1,84840.0,5738.623031559311,2.223113742334356,0.3699295935245424
Station 1,84850.0,5760.976341117767,2.2474222143886804,0.36467283218492896
Station 1,84860.0,5783.569869958244,2.27137967432988,0.3593964666988464
Station 1,84870.0,5806.401419602286,2.2949906341351856,0.35410181106923155
Station 1,84880.0,5829.467637824156,2.3182530276577653,0.34879014053223334
Station 1,84890.0,5852.765160477889,2.341170184682625,0.34346269196531737
Station 1,84900.0,5876.2914909073215,2.3637425687752915,0.3381206643382012
Station 1,84910.0,5900.040227122976,2.385971832296867,0.332765219202689
Station 1,84920.0,5924.008903704331,2.407860729383622,0.3273974812175755
Station 1,84930.0,5948.195932579002,2.4294096827975413,0.3220185387050168
Station 1,84940.0,5972.594712571079,2.450623232224439,0.3166294442349255
Station 1,84950.0,5997.207295835461,2.471504156810125,0.31123121523412745
Station 1,84960.0,6022.02554496346,2.492050418316457,0.3058248346171893
Station 1,84970.0,6047.046106661751,2.512265979966296,0.30041125143600733
Station 1,84980.0,6072.269925979248,2.532155085929206,0.2949913815454157
Station 1,84990.0,6097.688071213923,2.5517186161285696,0.28956610828220947
Station 1,85000.0,6123.303331053988,2.570960222898927,0.2841362831552
Station 1,85010.0,6149.1072900203235,2.5898779843793744,0.2787027265440113
Station 1,85020.0,6175.10014710011,2.6084792316818377,0.27326622840451836
Station 1,85030.0,6201.276611395032,2.626767476186726,0.2678275489789583
Station 1,85040.0,6227.6350339772625,2.644739651476484,0.26238741950889066
Station 1,85050.0,6254.16912118093,2.6624041626339214,0.25694654294931907
Station 1,85060.0,6280.881448914463,2.679760028983448,0.25150559468241074
Station 1,85070.0,6307.763406101439,2.6968119647984796,0.2460652232293794
Station 1,85080.0,6334.815878988036,2.713561385340111,0.2406260509592135
Station 1,85090.0,6362.033824114162,2.7300118652792924,0.23518867479304287
Station 1,85100.0,6389.414183521794,2.7461659260572375,0.22975366690304247
Station 1,85110.0,6416.956457293964,2.7620259398183875,0.224321575404879
Station 1,85120.0,6444.655828242861,2.7775960692612696,0.21889292504279198
Station 1,85130.0,6472.506957730102,2.7928808537150123,0.2134682178665022
Station 1,85140.0,6500.51234388876,2.8078767919966605,0.20804793389921516
Station 1,85150.0,6528.661204050749,2.822591015694322,0.20263253179017968
Station 1,85160.0,6556.963786554894,2.8370286410631764,0.1972224494443799
Station 1,85170.0,6585.402312612971,2.8511881677524977,0.19181810469299448
Station 1,85180.0,6613.985471492545,2.8650751165793347,0.18641989590663907
Station 1,85190.0,6642.70550439326,2.8786893849611808,0.18102820260765917
Station 1,85200.0,6671.556486281929,2.8920402607416875,0.175643386072594
Station 2,88930.0,6648.615929300955,-3.611211764660254,0.17687815572345345
Station 2,88940.0,6612.529265915912,-3.6062806446757025,0.18361770697417829
Station 2,88950.0,6576.490730280033,-3.601143124282244,0.1903987308066678
Station 2,88960.0,6540.505632817745,-3.595795084559994,0.19722182757897122
Station 2,88970.0,6504.575431800369,-3.5902358433756243,0.20408760590999284
Station 2,88980.0,6468.701997784331,-3.584459882605107,0.21099668268379773
Station 2,88990.0,6432.887508042925,-3.5784623271831255,0.21794968304459322
Station 2,89000.0,6397.1338017773605,-3.5722424904212087,0.22494724038164762
Station 2,89010.0,6361.442261712452,-3.5657934229889463,0.23198999630335926
Station 2,89020.0,6325.817761282405,-3.5591111151168846,0.2390786005996448
Station 2,89030.0,6290.262392988908,-3.552191040383679,0.246213711191754
Station 2,89040.0,6254.776611520973,-3.545032730908607,0.2533959940685692
Station 2,89050.0,6219.36155910362,-3.537630381876996,0.2606261232083984
Station 2,89060.0,6184.023103318108,-3.5299756841138015,0.26790478048518374
Station 2,89070.0,6148.763449264335,-3.522067330493382,0.27523265555801046
Station 2,89080.0,6113.5838932266615,-3.5139028264713525,0.2826104457427158
Station 2,89090.0,6078.485955762786,-3.5054746506511996,0.290038855864329
Station 2,89100.0,6043.474429893989,-3.496778258102884,0.2975185980889978
Station 2,89110.0,6008.552038192692,-3.487809766086546,0.30505039173397835
Station 2,89120.0,5973.719517600663,-3.4785619994937247,0.31263496305417376
Station 2,89130.0,5938.981882063452,-3.4690331382570743,0.3202730450036144
Station 2,89140.0,5904.339412543213,-3.4592152262202664,0.3279653769702089
Station 2,89150.0,5869.797256878535,-3.44910533225029,0.3357127044819327
Station 2,89160.0,5835.3579202326955,-3.438696990269388,0.3435157788825817
Station 2,89170.0,5801.023357850348,-3.427981509382685,0.3513753569750663
Station 2,89180.0,5766.800140415499,-3.416958913141844,0.3592922006154818
Station 2,89190.0,5732.685903528691,-3.4056208250448274,0.36726707628535465
Station 2,89200.0,5698.689752332458,-3.3939613031426883,0.37530075464844853
Station 2,89210.0,5664.807376935839,-3.381973939147956,0.38339401002548923
Station 2,89220.0,5631.049848102635,-3.3696528901785845,0.3915476198403202
Station 2,89230.0,5597.415497164443,-3.3569968799817094,0.39976236401884124
Station 2,89240.0,5563.911032728964,-3.343992043923649,0.408039024337651
Station 2,89250.0,5530.536615976712,-3.3306364958800083,0.4163783837192531
Station 2,89260.0,5497.298511786327,-3.3169211206300586,0.4247812254705001
Station 2,89270.0,5464.200292159949,-3.3028457681163066,0.43324833246076705
Station 2,89280.0,5431.24451480299,-3.288391157923491,0.4417804862361316
Station 2,89290.0,5398.435417568972,-3.273565054140763,0.45037846606563714
Station 2,89300.0,5365.775372978638,-3.2583525179316353,0.459043047915475
Station 2,89310.0,5333.266836040475,-3.242747459889233,0.46777500334668987
Station 2,89320.0,5300.919959413951,-3.2267433483274894,0.47657509833174905
Station 2,89330.0,5268.736562043748,-3.2103355790447257,0.4854440919850435
Station 2,89340.0,5236.714423990463,-3.1935125763808894,0.4943827352020999
Station 2,89350.0,5204.86541487406,-3.176267116164051,0.5033917692019658
Station 2,89360.0,5173.190444144686,-3.1586001742689653,0.5124719239668966
Station 2,89370.0,5141.695702210599,-3.140493549345377,0.5216239165731174
Station 2,89380.0,5110.3835576637,-3.121944154760536,0.5308484494060495
Station 2,89390.0,5079.257897715972,-3.102946659541841,0.5401462082529546
Station 2,89400.0,5048.324509979336,-3.083489364558556,0.549517860265552
Station 2,89410.0,5017.590379737011,-3.063568065696675,0.5589640517846122
Station 2,89420.0,4987.055616088062,-3.0431720805539393,0.5684854060180522
Station 2,89430.0,4956.7264025664035,-3.022292524987547,0.5780825205634801
Station 2,89440.0,4926.6103001682295,-3.0009275240103697,0.5877559647654794
Station 2,89450.0,4896.712108078386,-2.9790638542423133,0.5975062768972843
Station 2,89460.0,4867.033068311423,-2.95669435712305,0.6073339611557068
Station 2,89470.0,4837.578667302208,-2.933812469940439,0.6172394844573691
Station 2,89480.0,4808.357938265188,-2.9104079788574975,0.6272232730233992
Station 2,89490.0,4779.373209997516,-2.886476505544255,0.6372857087386881
Station 2,89500.0,4750.629023529342,-2.8620094557924793,0.6474271252707379
Station 2,89510.0,4722.1335815204175,-2.8369985341060855,0.6576478039318582
Station 2,89520.0,4693.89170469582,-2.8114328800583075,0.6679479692670697
Station 2,89530.0,4665.907772830595,-2.785310724202658,0.6783277843485332
Station 2,89540.0,4638.185965208465,-2.758617907568858,0.688787345755555
Station 2,89550.0,4610.736331875098,-2.7313507654442923,0.6993266782073386
Station 2,89560.0,4583.562583255606,-2.703501968009644,0.7099457288361827
Station 2,89570.0,4556.670051300315,-2.675063416995472,0.7206443611062726
Station 2,89580.0,4530.062320804612,-2.6460269091253923,0.7314223482675383
Station 2,89590.0,4503.749266123568,-2.6163883248460635,0.742279366370862
Station 2,89600.0,4477.736359653424,-2.586136353421511,0.7532149867924077
Station 2,89610.0,4452.028902667993,-2.555268308182302,0.7642286682250559
Station 2,89620.0,4426.633448343648,-2.5237766622995945,0.7753197480908527
Station 2,89630.0,4401.554543809405,-2.49165805032112,0.7864874333229871
Station 2,89640.0,4376.803335612614,-2.4589002918848504,0.7977307904597128
Station 2,89650.0,4352.377867196373,-2.4255033689667895,0.8090487349856677
Station 2,89660.0,4328.292971148382,-2.3914601929581494,0.8204400198480531
Station 2,89670.0,4304.552329126602,-2.356765712221676,0.8319032230660809
Station 2,89680.0,4281.162049641156,-2.3214188702438743,0.8434367343416679
Station 2,89690.0,4258.12597835318,-2.285409168646843,0.8550387405675401
Station 2,89700.0,4235.455802159798,-2.248740971668775,0.8667072101153309
Station 2,89710.0,4213.154208732,-2.211405339514073,0.8784398757708173
Station 2,89720.0,4191.227838752128,-2.1734022072643597,0.890234216165838
Station 2,89730.0,4169.689559978581,-2.1347279671669024,0.9020874355363314
Station 2,89740.0,4148.537034146182,-2.095384313543072,0.9139964416131975
Station 2,89750.0,4127.782933590658,-2.055368222273098,0.9259578214267429
Station 2,89760.0,4107.4306402766315,-2.0146812638053064,0.9379678147762839
Station 2,89770.0,4087.4913929032764,-1.9733199985960495,0.9500222850834709
Station 2,89780.0,4067.9687901966136,-1.9312882619880958,0.9621166873109298
Station 2,89790.0,4048.8677259600913,-1.888588942232029,0.9742460325865563
Station 2,89800.0,4030.197476891458,-1.8452234569475778,0.9864048491281403
Station 2,89810.0,4011.9656482480705,-1.8011942672840717,0.9985871390129529
Station 2,89820.0,3994.1765974459668,-1.7565120747402543,1.0107863302827425
Station 2,89830.0,3976.8385702345454,-1.7111707030201337,1.0229952238170745
Station 2,89840.0,3959.95647915268,-1.6651868533880725,1.0352059343481341
Station 2,89850.0,3943.5372773424174,-1.6185588316603035,1.0474098249304125
Station 2,89860.0,3927.5863175926893,-1.571300275942333,1.05959743412221
Station 2,89870.0,3912.1139197006255,-1.523421431782599,1.0717583950876657
Station 2,89880.0,3897.1179459327177,-1.474921938555828,1.0838813457955225
Station 2,89890.0,3882.6163528436855,-1.4258244705723788,1.0959538294843438
Station 2,89900.0,3868.605119079167,-1.3761306099713553,1.107962184598423
Station 2,89910.0,3855.0932436595704,-1.3258599682616852,1.1198914234942057
Station 2,89920.0,3842.0891696324884,-1.2750225719657757,1.131725099391862
Station 2,89930.0,3829.5966230585914,-1.2236337796455483,1.1434451614015517
Station 2,89940.0,3817.6194832587153,-1.1717112735396251,1.155031797872205
Station 2,89950.0,3806.1635306652975,-1.1192648619106866,1.1664632690696422
Station 2,89960.0,3795.2358558132987,-1.0663206880660479,1.1777157312360358
Station 2,89970.0,3784.838625371039,-1.0128880199068895,1.1887630555041202
Station 2,89980.0,3774.980066328647,-0.9589935543090358,1.1995766470925386
Station 2,89990.0,3765.6611052961143,-0.904653519394566,1.2101252727674978
Station 2,90000.0,3756.886617416475,-0.849889914221356,1.2203749078145383
Station 2,90010.0,3748.664473561072,-0.794728705657095,1.230288617763103
Station 2,90020.0,3740.9952444061005,-0.7391858081137895,1.2398264947883297
Station 2,90030.0,3733.8810360445914,-0.683290852854707,1.2489456738526918
Station 2,90040.0,3727.3282971079325,-0.6270637527372226,1.2576004587575254
Station 2,90050.0,3721.341020740393,-0.5705309493938685,1.2657425925034609
Station 2,90060.0,3715.9206424438034,-0.5137220907688649,1.2733217084223976
Station 2,90070.0,3711.067454954875,-0.45665594143767163,1.280285996713476
Station 2,90080.0,3706.788282655622,-0.3993701380770778,1.2865831132750316
Station 2,90090.0,3703.0796347326727,-0.3418793081059535,1.2921613421676152
Station 2,90100.0,3699.9495994137565,-0.2842224419633353,1.2969709985683433
Station 2,90110.0,3697.3976674323117,-0.22642273567573598,1.3009660263148348
Station 2,90120.0,3695.4227663898437,-0.16850994296573857,1.3041057063540957
Station 2,90130.0,3694.027048951068,-0.11051124808283358,1.306356355913739
Station 2,90140.0,3693.211771261202,-0.05245945008163853,1.30769287169094
Station 2,90150.0,3692.979086865844,0.005618179699254591,1.3080999628517724
Station 2,90160.0,3693.3245080465304,0.06369098569806238,1.307572937445256
Station 2,90170.0,3694.2535036512827,0.12173400524642322,1.3061179494636144
Station 2,90180.0,3695.7591899382874,0.17971277628910548,1.303751676494342
Station 2,90190.0,3697.845865912385,0.23759888232558707,1.3005004670479003
Station 2,90200.0,3700.5102776510166,0.2953673719413732,1.2963990574549304
Station 2,90210.0,3703.7537876688216,0.3529842745333095,1.2914889986561904
Station 2,90220.0,3707.5685183331684,0.41042337114595373,1.2858169474775925
Station 2,90230.0,3711.961244956325,0.4676604224551469,1.2794329664945874
Station 2,90240.0,3716.9219305171687,0.5246631338339347,1.272388948197317
Station 2,90250.0,3722.4516769942793,0.581405828882418,1.2647372420308052
Station 2,90260.0,3728.5496732708607,0.637863143452051,1.2565295254653503
Station 2,90270.0,3735.2082276951414,0.6940088784158822,1.2478159284635726
Station 2,90280.0,3742.429871658942,0.7498189854287256,1.2386443974236832
Station 2,90290.0,3750.203720319458,0.8052700760815137,1.229060270252519
Station 2,90300.0,3758.531511485831,0.8603348206325463,1.2191060274260248
Station 2,90310.0,3767.4083663224087,0.914991721977485,1.2088211825928883
Station 2,90320.0,3776.832602778686,0.9692204854132239,1.1982422788214384
Station 2,90330.0,3786.792750757726,1.0230007780025705,1.1874029609570689
Station 2,90340.0,3797.2890280853917,1.0763122870353075,1.1763340997166443
Station 2,90350.0,3808.3178356270223,1.1291342958889583,1.1650639482476355
Station 2,90360.0,3819.870428287493,1.1814504921533249,1.1536183164804463
Station 2,90370.0,3831.944331314947,1.2332401479649329,1.1420207525044401
Station 2,90380.0,3844.534479137942,1.2844899686986166,1.1302927233607507
Station 2,90390.0,3857.6330967793165,1.335188332610816,1.1184537901172351
Station 2,90400.0,3871.2337242545614,1.385314551020838,1.1065217739650108
Station 2,90410.0,3885.3367364921655,1.4348569974486167,1.0945129114567882
Station 2,90420.0,3899.9313758064727,1.483805763756173,1.0824419979961988
Station 2,90430.0,3915.0110931996082,1.5321463299537217,1.0703225193738972
Station 2,90440.0,3930.5715431318827,1.5798717821458022,1.0581667716054746
Station 2,90450.0,3946.6040410008764,1.6269730588863456,1.0459859696177845
Station 2,90460.0,3963.109789549622,1.6734362060672294,1.0337903455014397
Station 2,90470.0,3980.0720278445456,1.7192589661719448,1.0215892371333959
Station 2,90480.0,3997.49173627963,1.7644314394947154,1.0093911680014873
Station 2,90490.0,4015.360039952712,1.8089522261208675,0.9972039190520916
Station 2,90500.0,4033.669630543949,1.8528108578692395,0.9850345933468905
Station 2,90510.0,4052.4124232636864,1.8960085529052602,0.9728896742650197
Station 2,90520.0,4071.586923450228,1.9385379740706123,0.9607750779296527
Station 2,90530.0,4091.181294093,1.9803972783661066,0.9486962004782153
Station 2,90540.0,4111.192134929454,2.021587654388238,0.9366579607357539
Station 2,90550.0,4131.611319851717,2.0621035046368488,0.9246648387938464
Station 2,90560.0,4152.433171834893,2.101947927835742,0.9127209109437665
Station 2,90570.0,4173.647545654115,2.141123699944787,0.9008298813631093
Station 2,90580.0,4195.253919181134,2.179625078509048,0.8889951109100229
Station 2,90590.0,4217.238628912252,2.217458059248482,0.8772196433384849
Station 2,90600.0,4239.5968889300675,2.2546226063114156,0.8655062292116227
Station 2,90610.0,4262.328460415494,2.2911221981252416,0.8538573477576182
Station 2,90620.0,4285.417759219613,2.3269616829929682,0.8422752268839292
Station 2,90630.0,4308.865881918609,2.3621414066384427,0.8307618615401223
Station 2,90640.0,4332.66013452939,2.3966691534729008,0.8193190305947867
Station 2,90650.0,4356.7967499279575,2.43054582355492,0.8079483123529653
Station 2,90660.0,4381.271109934178,2.4637770757704303,0.7966510989265921
Station 2,90670.0,4406.069752421861,2.4963688031318783,0.7854286094793302
Station 2,90680.0,4431.1945885314535,2.5283288556842476,0.7742819024833629
Station 2,90690.0,4456.6377629324725,2.5596603124688384,0.7632118870856511
Station 2,90700.0,4482.386389051452,2.5903697245036805,0.7522193336584857
Station 2,90710.0,4508.440225755749,2.62045901491473,0.7413048836058197
Station 2,90720.0,4534.792975770998,2.6499470837999053,0.730469058489049
Station 2,90730.0,4561.436650786027,2.6788275228427727,0.7197122685290513
Station 2,90740.0,4588.367881628989,2.7071145600738844,0.7090348205352799
Station 2,90750.0,4615.575990572761,2.73481472589816,0.6984369253074368
Station 2,90760.0,4643.061545536275,2.7619320558034497,0.687918704550626
Station 2,90770.0,4670.813184590182,2.788477410444658,0.6774801973408219
Station 2,90780.0,4698.829526870339,2.8144572718990832,0.6671213661738714
Station 2,90790.0,4727.102535492652,2.839880918218365,0.6568421026281632
Station 2,90800.0,4755.623499112924,2.8647522785451702,0.6466422326682433
Station 2,90810.0,4784.394478547428,2.8890829477867674,0.636521521614225
Station 2,90820.0,4813.405120769523,2.9128769800667884,0.6264796787996608
Station 2,90830.0,4842.649623389145,2.9361457952994696,0.6165163619385964
Station 2,90840.0,4872.1260627402025,2.9588962704740935,0.6066311812208051
Station 2,90850.0,4901.827227728525,2.98113516864465,0.5968237031526855
Station 2,90860.0,4931.747177502214,3.0028747081534832,0.5870934541598698
Station 2,90870.0,4961.881793582465,3.0241158091558935,0.5774399239664563
Station 2,90880.0,4992.228604610799,3.0448717327728385,0.5678625687645761
Station 2,90890.0,5022.779693050422,3.06514555292931,0.558360814187068
Station 2,90900.0,5053.529124136736,3.084949234135065,0.5489340580951075
Station 2,90910.0,5084.476629941722,3.1042908106801055,0.5395816731918297
Station 2,90920.0,5115.613593132036,3.1231766482503467,0.530303009472238
Station 2,90930.0,5146.936322225527,3.141615943816537,0.521097396519013
Station 2,90940.0,5178.444919098306,3.159609776849127,0.511964145653225
Station 2,90950.0,5210.129527299107,3.1771743892711704,0.5029025519483731
Station 2,90960.0,5241.987429288421,3.194313967907009,0.49391189611566316
Station 2,90970.0,5274.013116457553,3.2110336339741545,0.48499144626795443
Station 2,90980.0,5306.208144986246,3.2273431366559184,0.47614045956935014
Station 2,90990.0,5338.559360926867,3.243248634774454,0.4673581837770115
Station 2,91000.0,5371.069086390222,3.2587554944698325,0.4586438586810191
Station 2,91010.0,5403.731322596623,3.273876684411718,0.44999671742532055
Station 2,91020.0,5436.544431311258,3.288612076853097,0.4414159877801855
Station 2,91030.0,5469.5029020859465,3.3029737921615903,0.4329008933191899
Station 2,91040.0,5502.602256429923,3.316967199718845,0.42445065449705166
Station 2,91050.0,5535.843363698419,3.3305933275815383,0.4160644896619223
Station 2,91060.0,5569.214991480421,3.3438676477192493,0.40774161599635456
Station 2,91070.0,5602.715682943287,3.3567906506519645,0.39948125039106985
Station 2,91080.0,5636.348937880498,3.3693734521510224,0.39128261025543004
Station 2,91090.0,5670.1043904536255,3.381615063736461,0.3831449142683031
Station 2,91100.0,5703.98012514204,3.3935264496268185,0.37506738307281
Station 2,91110.0,5737.976320182592,3.405114642887277,0.3670492399182627
Station 2,91120.0,5772.080631107714,3.4163824173937316,0.35908971125239003
Station 2,91130.0,5806.30184142486,3.4273381453369054,0.3511880272668378
Station 2,91140.0,5840.626923089154,3.4379837307711076,0.3433434223987088
Station 2,91150.0,5875.0611161857205,3.4483298558967292,0.335555135790795
Station 2,91160.0,5909.5896458808575,3.4583791650405833,0.327822411712996
Station 2,91170.0,5944.225682269041,3.468136435495645,0.32014449994728883
Station 2,91180.0,5978.956459673176,3.47760567154763,0.31252065613847524
Station 2,91190.0,6013.77726931623,3.486796309267141,0.30495014211282445
Station 2,91200.0,6048.688276055494,3.495711900340488,0.2974322261666084
Station 2,91210.0,6083.688237330902,3.504357789427948,0.2899661833263946
Station 2,91220.0,6118.7748880818845,3.5127355715680424,0.28255129558290976
Station 2,91230.0,6153.942610597031,3.5208526595227476,0.275186852100134
Station 2,91240.0,6189.1904771238405,3.528710824903581,0.2678721494012224
Station 2,91250.0,6224.518921621736,3.536317779668593,0.26060649153275395
Station 2,91260.0,6259.91740112047,3.5436810558509713,0.25338919020872885
Station 2,91270.0,6295.389068233182,3.5507979466557593,0.24621956493564448
Station 2,91280.0,6330.931416538273,3.557674108468844,0.23909694311991792
Station 2,91290.0,6366.541349200121,3.56431917472507,0.23202066015884432
Station 2,91300.0,6402.21875441579,3.5707331059659313,0.22499005951621082
Station 2,91310.0,6437.956948568776,3.5769214982200395,0.21800449278362813
Station 2,91320.0,6473.755077034451,3.58288569368819,0.21106331972857656
Station 2,91330.0,6509.615353368894,3.588632113197671,0.20416590833010492
Station 2,91340.0,6545.526899817843,3.5941635830967122,0.19731163480307196
Station 2,91350.0,6581.4955682216005,3.5994827056368464,0.190499883611759
Station 2,91360.0,6617.516992517214,3.6045970906778195,0.18373004747364438
Station 2,91370.0,6653.586367676671,3.6095038884577098,0.17700152733907318
Station 1,93700.0,6648.3274805651,-3.614333032754447,0.18026918416450208
Station 1,93710.0,6612.205498527613,-3.6096567395371273,0.1870446413108727
Station 1,93720.0,6576.133721857813,-3.6047826869715616,0.1938625335024529
Station 1,93730.0,6540.113587750911,-3.5997005273487006,0.2007234963453786
Station 1,93740.0,6504.14141817973,-3.5944133180428604,0.2076281751750797
Station 1,93750.0,6468.224844857052,-3.5889153328898096,0.21457722512941274
Station 1,93760.0,6432.363122488094,-3.5832040286769176,0.22157131121599422
Station 1,93770.0,6396.561914223006,-3.577274009103035,0.22861110837319523
Station 1,93780.0,6360.818786634745,-3.571122577389407,0.23569730152421428
Station 1,93790.0,6325.138346440904,-3.5647450416221407,0.2428305856236158
Station 1,93800.0,6289.52630290515,-3.5581378640321595,0.2500116656956778
Station 1,93810.0,6253.977717482804,-3.5512974427928508,0.25724125686385546
Station 1,93820.0,6218.500755691652,-3.5442177118459144,0.2645200843706196
Station 1,93830.0,6183.093644836796,-3.536897313977826,0.2718488835868891
Station 1,93840.0,6147.761672924941,-3.5293264824495507,0.2792284000102232
Station 1,93850.0,6112.508624822797,-3.521508018085788,0.28665938925089524
Station 1,93860.0,6077.333741743054,-3.5134296720830753,0.29414261700491373
Station 1,93870.0,6042.240907221006,-3.505094637157732,0.3016788590130023
Station 1,93880.0,6007.232920776785,-3.496495100960172,0.30926890100448257
Station 1,93890.0,5972.3107192064235,-3.487622731474286,0.31691353862497984
Station 1,93900.0,5937.48264197071,-3.4784752000151657,0.3246135773467444
Station 1,93910.0,5902.743551384254,-3.4690464218805586,0.3323698323603811
Station 1,93920.0,5868.10158229055,-3.459334675106507,0.3401831284466668
Station 1,93930.0,5833.555234264,-3.449333644443277,0.34805429982707903
Station 1,93940.0,5799.113451005245,-3.4390348832547217,0.35598418997600995
Station 1,93950.0,5764.776416823403,-3.4284338480523426,0.36397365142573773
Station 1,93960.0,5730.545740655911,-3.417527469528447,0.3720235455686947
Station 1,93970.0,5696.427694997289,-3.4063042745532743,0.3801347423906809
Station 1,93980.0,5662.422782079439,-3.394765850572915,0.3883081201912578
Station 1,93990.0,5628.534039564745,-3.382901753054315,0.39654456527289333
Station 1,94000.0,5594.766162618079,-3.3707074858865376,0.40484497159679883
Station 1,94010.0,5561.123270580685,-3.3581771597308006,0.4132102404033842
Station 1,94020.0,5527.601808739751,-3.345304940549847,0.42164127979516736
Station 1,94030.0,5494.214970064341,-3.332081389885227,0.43013900427985524
Station 1,94040.0,5460.96370067628,-3.318502329032073,0.438704334271212
Station 1,94050.0,5427.846396850782,-3.3045624449366526,0.4473381955451998
Station 1,94060.0,5394.871257692786,-3.2902516412205625,0.4560415186487744
Station 1,94070.0,5362.04233072219,-3.27556680244722,0.46481523825857457
Station 1,94080.0,5329.362785377755,-3.260498113608948,0.4736602924866311
Station 1,94090.0,5296.834593309186,-3.2450410746371476,0.48257762213007244
Station 1,94100.0,5264.463047412255,-3.2291895675501547,0.4915681698616729
Station 1,94110.0,5232.252442741243,-3.212930960005537,0.5006328793579398
Station 1,94120.0,5200.206218133482,-3.1962621276785104,0.5097726943612827
Station 1,94130.0,5168.327029560992,-3.179173468594919,0.5189885576726578
Station 1,94140.0,5136.623055044948,-3.1616641973569246,0.5282814100709046
Station 1,94150.0,5105.097160825541,-3.143716751832414,0.5376521891548306
Station 1,94160.0,5073.751219013473,-3.1253298000457894,0.5471018281039111
Station 1,94170.0,5042.590022429884,-3.1064948923970306,0.5566312543532875
Station 1,94180.0,5011.622314943238,-3.0872029280364415,0.5662413881785477
Station 1,94190.0,4980.849009017586,-3.0674468945753253,0.5759331411855537
Station 1,94200.0,4950.273758955785,-3.0472189628507613,0.58570741470037
Station 1,94210.0,4919.9030935048695,-3.0265120082841457,0.5955650980540916
Station 1,94220.0,4889.745491357807,-3.0053157630741354,0.6055070667571191
Station 1,94230.0,4859.802384232056,-2.983625044739238,0.6155341805571699
Station 1,94240.0,4830.074275042625,-2.9614284091925525,0.6256472813749621
Station 1,94250.0,4800.574684344927,-2.938719967872889,0.635847191111231
Station 1,94260.0,4771.301728923301,-2.915491736236622,0.6461347093183435
Station 1,94270.0,4742.265850337986,-2.891736694646796,0.6565106107293696
Station 1,94280.0,4713.472078904567,-2.8674456918924762,0.6669756426370366
Station 1,94290.0,4684.919812931006,-2.8426094427414275,0.6775305221144619
Station 1,94300.0,4656.621464743258,-2.8172226447117037,0.6881759330689994
Station 1,94310.0,4628.57410924369,-2.791275927450458,0.6989125231196885
Station 1,94320.0,4600.796046317062,-2.7647570871757248,0.7097409002685829
Station 1,94330.0,4573.2842535893815,-2.7376680696028806,0.720661629412619
Station 1,94340.0,4546.045011549828,-2.709994850481269,0.7316752286374899
Station 1,94350.0,4519.085600093774,-2.6817283575452637,0.7427821652694097
Station 1,94360.0,4492.411170759054,-2.6528672517958585,0.7539828517015152
Station 1,94370.0,4466.031610329095,-2.623399417918579,0.7652776409675484
Station 1,94380.0,4439.945599995616,-2.593318276945883,0.7766668220449658
Station 1,94390.0,4414.167595378677,-2.562621831510118,0.788150614867433
Station 1,94400.0,4388.695915820172,-2.531295415419511,0.7997291650240778
Station 1,94410.0,4363.543309041077,-2.4993399985099116,0.8114025381198536
Station 1,94420.0,4338.710042439617,-2.466747046481119,0.8231707137677347
Station 1,94430.0,4314.209433197051,-2.4335104781650627,0.8350335791791935
Station 1,94440.0,4290.043978367607,-2.399624830142274,0.8469909223143315
Station 1,94450.0,4266.218195100949,-2.3650824637133456,0.8590424245469572
Station 1,94460.0,4242.742542992123,-2.3298849422158248,0.8711876527926994
Station 1,94470.0,4219.622980804493,-2.2940231084354186,0.883426051039604
Station 1,94480.0,4196.864874766545,-2.257495017304107,0.8957569312103442
Station 1,94490.0,4174.477703690339,-2.2202977754621522,0.9081794632727895
Station 1,94500.0,4152.459499252091,-2.1824281804198797,0.9206926645008531
Station 1,94510.0,4130.828927624529,-2.1438801176055393,0.933295387769643
Station 1,94520.0,4109.587879880967,-2.104662084128435,0.9459863087474544
Station 1,94530.0,4088.7384313507396,-2.0647634494355724,0.9587639118211199
Station 1,94540.0,4068.2947091762862,-2.024183640920252,0.9716264745598396
Station 1,94550.0,4048.2571317844217,-1.9829324621655402,0.9845720504844374
Station 1,94560.0,4028.6364577791906,-1.940999238256954,0.9975984498626842
Station 1,94570.0,4009.4411750094446,-1.8983924062376991,1.0107032181948024
Station 1,94580.0,3990.671910258022,-1.8551154935163168,1.0238836119843229
Station 1,94590.0,3972.339246749568,-1.811166993833606,1.037136571304807
Station 1,94600.0,3954.448969947526,-1.7665511583183438,1.0504586885691574
Station 1,94610.0,3937.01022653004,-1.721277634234468,1.0638461727801636
Station 1,94620.0,3920.026057194564,-1.6753491014407194,1.0772948083827643
Station 1,94630.0,3903.504600017822,-1.6287687659428334,1.0907999076424324
Station 1,94640.0,3887.454606459495,-1.5815538682637627,1.104356255230403
Station 1,94650.0,3871.875621573951,-1.5337022941193303,1.1179580433927563
Station 1,94660.0,3856.7802574852067,-1.4852283090774643,1.1315987957008962
Station 1,94670.0,3842.17536318694,-1.4361429195498836,1.145271276905837
Station 1,94680.0,3828.0606519113894,-1.3864573264276436,1.1589673858224097
Station 1,94690.0,3814.4450329768338,-1.336182252881576,1.1726780274128896
Station 1,94700.0,3801.339427180933,-1.2853314075425102,1.1863929593386382
Station 1,94710.0,3788.741288956625,-1.2339220188976847,1.20010060700572
Station 1,94720.0,3776.6622657957846,-1.181966965779931,1.2137878396972845
Station 1,94730.0,3765.105174876107,-1.1294829147066807,1.2274396985564735
Station 1,94740.0,3754.0762909752775,-1.0764867368943958,1.2410390649151215
Station 1,94750.0,3743.5772371099747,-1.0229955377590287,1.2545662547400582
Station 1,94760.0,3733.6148698407965,-0.9690348518262178,1.2679985217528487
Station 1,94770.0,3724.198715673785,-0.9146204602812155,1.2813094481554144
Station 1,94780.0,3715.324471212112,-0.8597727195556314,1.294468198135928
Station 1,94790.0,3707.002244399452,-0.804515497895767,1.3074386060819219
Station 1,94800.0,3699.236607353436,-0.7488719432092356,1.320178070018019
Station 1,94810.0,3692.0274645221093,-0.6928644628156803,1.3326362237360208
Station 1,94820.0,3685.378470170869,-0.6365198925917619,1.3447533729051768
Station 1,94830.0,3679.298510960959,-0.5798626152097027,1.3564587087399005
Station 1,94840.0,3673.783443505265,-0.5229168450737467,1.367668369465072
Station 1,94850.0,3668.842095320789,-0.465711953200831,1.3782835215677183
Station 1,94860.0,3664.468670706948,-0.4082744946331163,1.388188798746902
Station 1,94870.0,3660.6748095599564,-0.3506312375806082,1.397251678024281
Station 1,94880.0,3657.459202987766,-0.29281475955676517,1.4053236688327504
Station 1,94890.0,3654.8197744740432,-0.2348494338169026,1.4122444453103706
Station 1,94900.0,3652.761177364261,-0.17676385413450965,1.4178500446635212
Station 1,94910.0,3651.285095739638,-0.11858939401963643,1.4219856561364665
Station 1,94920.0,3650.3872154652086,-0.06035650751749918,1.424522085885936
Station 1,94930.0,3650.07784326338,-0.002095197234370783,1.425372933896708
Station 1,94940.0,3650.347509168222,0.05616952425636624,1.424507886656895
Station 1,94950.0,3651.199070550391,0.11440015568062747,1.421957730107066
Station 1,94960.0,3652.6363560736754,0.17257339750650144,1.4178092586783446
Station 1,94970.0,3654.6516211028597,0.2306555256214742,1.4121919324243561
Station 1,94980.0,3657.2497228927386,0.28861962634159843,1.405260689163576
Station 1,94990.0,3660.4244038575453,0.3464357965686499,1.3971795003610343
Station 1,95000.0,3664.1766816678573,0.40407637662091606,1.3881086179297506
Station 1,95010.0,3668.504777271637,0.4615104594638145,1.3781964118794332
Station 1,95020.0,3673.4070970075154,0.5187097886399474,1.3675752663033507
Station 1,95030.0,3678.8763761533423,0.575652215081821,1.356360408937138
Station 1,95040.0,3684.919674363739,0.632305557065317,1.344650545479596
Station 1,95050.0,3691.523859388351,0.6886461023001424,1.3325294252869921
Station 1,95060.0,3698.691653069217,0.7446482788252194,1.32006776120107
Station 1,95070.0,3706.414588084622,0.8002869136017552,1.307325167272441
Station 1,95080.0,3714.6939924825565,0.8555371442415305,1.2943519433834276
Station 1,95090.0,3723.523356857111,0.910379632139659,1.2811906371627362
Station 1,95100.0,3732.9013186803977,0.9647864633030279,1.2678773699302457
Station 1,95110.0,3742.8177562730766,1.0187418318930097,1.254442941527611
Station 1,95120.0,3753.274501599797,1.0722225674315358,1.2409137406156645
Station 1,95130.0,3764.2616916202105,1.125208862749029,1.2273124899208143
Station 1,95140.0,3775.775972303401,1.1776861827316036,1.2136588544807774
Station 1,95150.0,3787.8132283909026,1.229633346047481,1.1999699376846944
Station 1,95160.0,3800.3679185077585,1.2810324490982907,1.1862606861441598
Station 1,95170.0,3813.431914323314,1.3318737841412511,1.1725442208109875
Station 1,95180.0,3827.0032379221643,1.3821372305634017,1.1588321085455855
Station 1,95190.0,3841.0707334641415,1.4318106322147297,1.1451345856154118
Station 1,95200.0,3855.6357795906843,1.4808870237806409,1.1314607423529122
Station 1,95210.0,3870.687944535899,1.5293476564430046,1.1178186763738174
Station 1,95220.0,3886.2227055587005,1.5771858810821398,1.1042156202856552
Station 1,95230.0,3902.2295509498754,1.624390682335458,1.0906580486397597
Station 1,95240.0,3918.7079817524323,1.670954264913593,1.0771517679419926
Station 1,95250.0,3935.646521802349,1.7168702717014157,1.0637019927903697
Station 1,95260.0,3953.0415539103055,1.7621301093517086,1.0503134106129326
Station 1,95270.0,3970.887193188213,1.8067295873481972,1.0369902370048065
Station 1,95280.0,3989.174769089046,1.8506623126737274,1.0237362632847475
Station 1,95290.0,4007.8992234775064,1.8939289275306186,1.010554897588196
Station 1,95300.0,4027.052113932745,1.9365200430549596,0.9974492005706649
Station 1,95310.0,4046.6275615585973,1.9784330308188265,0.9844219165995404
Station 1,95320.0,4066.619142386301,2.019671172624507,0.9714755011544731
Station 1,95330.0,4087.017958887134,2.06023156171785,0.9586121450287161
Station 1,95340.0,4107.81870472207,2.1001135855107105,0.9458337958200663
Station 1,95350.0,4129.0166818411,2.1393158630182247,0.9331421771156643
Station 1,95360.0,4150.603857121805,2.177843130634306,0.9205388057059392
Station 1,95370.0,4172.57367605004,2.215695173075935,0.9080250071067105
Station 1,95380.0,4194.914865605793,2.252872146827718,0.8956019296220599
Station 1,95390.0,4217.62649606799,2.2893812165435645,0.8832705571426018
Station 1,95400.0,4240.701610196367,2.325221929031453,0.8710317208423619
Station 1,95410.0,4264.129329368556,2.3604018203081107,0.8588861099112489
Station 1,95420.0,4287.908093986928,2.3949190059057734,0.8468342814166665
Station 1,95430.0,4312.0256634449615,2.4287865277699043,0.8348766694527362
Station 1,95440.0,4336.480427709811,2.4620032893928023,0.8230135936163456
Station 1,95450.0,4361.263994201571,2.494575288999787,0.8112452668659419
Station 1,95460.0,4386.3698495776935,2.5265116112245702,0.7995718028541056
Station 1,95470.0,4411.791457343708,2.557813283250148,0.7879932227757277
Station 1,95480.0,4437.523267795526,2.5884907555692895,0.7765094617764029
Station 1,95490.0,4463.560468530113,2.618549691533128,0.7651203749596087
Station 1,95500.0,4489.892890044435,2.647995454791243,0.753825743026159
Station 1,95510.0,4516.517752046801,2.6768375977715073,0.7426252775751524
Station 1,95520.0,4543.426528830638,2.7050799082334693,0.7315186260920292
Station 1,95530.0,4570.617404915768,2.7327301060902967,0.7205053766463246
Station 1,95540.0,4598.081009272595,2.7597994802872745,0.7095850623191247
Station 1,95550.0,4625.812207666123,2.78629266140642,0.69875716537806
Station 1,95560.0,4653.806460789953,2.8122179812287995,0.6880211212158219
Station 1,95570.0,4682.0536336960895,2.837584796869807,0.6773763220666038
Station 1,95580.0,4710.554356103385,2.862395534990677,0.6668221205135303
Station 1,95590.0,4739.29903874373,2.886667313141412,0.6563578327989763
Station 1,95600.0,4768.2844169672635,2.9103994816538172,0.6459827419486892
Station 1,95610.0,4797.507314710009,2.9336040573768556,0.6356961007197708
Station 1,95620.0,4826.954938817938,2.9562899988905396,0.6254971343817974
Station 1,95630.0,4856.630769484794,2.9784645496379296,0.6153850433397698
Station 1,95640.0,4886.524701919956,3.0001334318848722,0.6053590056069492
Station 1,95650.0,4916.633302649698,3.0213060147860795,0.5954181791351585
Station 1,95660.0,4946.949315684142,3.0419920013502377,0.5855617040096772
Station 1,95670.0,4977.470871363431,3.0621999237652977,0.5757887045154565
Station 1,95680.0,5008.191581736448,3.0819337693851296,0.5660982910810073
Station 1,95690.0,5039.1080331394805,3.101202654268943,0.5564895621060116
Station 1,95700.0,5070.212734280731,3.120017148704027,0.546961605678352
Station 1,95710.0,5101.507995478509,3.1383820090650634,0.537513501186058
Station 1,95720.0,5132.979033927206,3.1563091843794435,0.5281443208293378
Station 1,95730.0,5164.629885445902,3.1737992811433564,0.5188531310376637
Station 1,95740.0,5196.455553766851,3.190866726477272,0.5096389937966461
Station 1,95750.0,5228.448806748209,3.2075134304974613,0.500500967889226
Station 1,95760.0,5260.604005636469,3.223752746244691,0.4914381100555049
Station 1,95770.0,5292.921021470385,3.2395866020041684,0.4824494760753592
Station 1,95780.0,5325.392940261236,3.25502471589141,0.47353412176655524
Station 1,95790.0,5358.0190704773395,3.270074829968895,0.46469110391294954
Station 1,95800.0,5390.79273626854,3.2847418605655045,0.45591948117043585
Station 1,95810.0,5423.712132070638,3.299033457161936,0.44721831486177355
Station 1,95820.0,5456.774903006345,3.3129555711346765,0.43858666972740834
Station 1,95830.0,5489.969407244835,3.3265150319558847,0.43002361462088146
Station 1,95840.0,5523.303174589257,3.3397221439065525,0.42152822315120325
Station 1,95850.0,5556.76525462691,3.3525772088022783,0.41309957427507327
Station 1,95860.0,5590.352529150941,3.3650946771420704,0.4047367528417128
Station 1,95870.0,5624.065024254545,3.3772723826670763,0.39643885009293955
Station 1,95880.0,5657.893451065022,3.3891205155700916,0.38820496412100186
Station 1,95890.0,5691.8463282942985,3.4006463298972984,0.38003420028657187
Station 1,95900.0,5725.907960518704,3.41185282211891,0.37192567159918066
Station 1,95910.0,5760.0798477731005,3.422745099225935,0.36387849906228537
Station 1,95920.0,5794.363198014605,3.4333330792350676,0.3558918119850361
Station 1,95930.0,5828.7468622094,3.4436193296267135,0.3479647482627213
Station 1,95940.0,5863.2339891814,3.4536090414906986,0.340096454627779
Station 1,95950.0,5897.818911837357,3.4633101632195133,0.33228608687316635
Station 1,95960.0,5932.500066544791,3.47272490804318,0.3245328100497626
Station 1,95970.0,5967.272350448173,3.4818620258426756,0.31683579863946465
Station 1,95980.0,6002.135419950414,3.490725956875934,0.3091942367054739
Station 1,95990.0,6037.085722032029,3.499317791965121,0.3016073180212507
Station 1,96000.0,6072.1210073172315,3.507645651564842,0.2940742461795076
Station 1,96010.0,6107.239156873011,3.5157123657438523,0.28659423468256007
Station 1,96020.0,6142.435500912809,3.5235255646151855,0.27916650701527057
Station 1,96030.0,6177.7074307362855,3.531087899246722,0.2717902967017618
Station 1,96040.0,6213.055524701339,3.53840260498162,0.2644648473470239
Station 1,96050.0,6248.474927990174,3.545477841854057,0.2571894126644367
Station 1,96060.0,6283.96316176267,3.552313821817162,0.24996325649024959
Station 1,96070.0,6319.522803584101,3.558918062607938,0.24278565278591957
Station 1,96080.0,6355.141136117938,3.565290395266534,0.23565588562921638
Station 1,96090.0,6390.82634393665,3.571441030813422,0.22857324919493155
Station 1,96100.0,6426.570031632567,3.5773680159158183,0.2215370477259782
Station 1,96110.0,6462.373373287914,3.5830780200638443,0.21454659549563554
Station 1,96120.0,6498.228430528986,3.5885755417101226,0.20760121676163468
Station 1,96130.0,6534.1438989415465,3.593862045391386,0.20070024571275688
Station 1,96140.0,6570.107927710409,3.5989426598558905,0.19384302640447426
Station 1,96150.0,6606.118726643361,3.60382255789446,0.18702891267231472
Station 1,96160.0,6642.183425922423,3.6085010410558644,0.18025726809031178
Station 3,98370.0,6657.349043209993,-0.856443735484125,0.17549548160365183
Station 3,98380.0,6648.8990676818,-0.833158273443448,0.17706109804496328
Station 3,98390.0,6640.685145449979,-0.8097379920195408,0.17858591152393888
Station 3,98400.0,6632.705737130906,-0.7861810634013598,0.1800694609310124
Station 3,98410.0,6624.961693392567,-0.7624887755141314,0.18151129264645005
Station 3,98420.0,6617.4562470572355,-0.738669659133193,0.18291096094768516
Station 3,98430.0,6610.191336972866,-0.7147234906326034,0.18426802841530146
Station 3,98440.0,6603.16315454477,-0.6906523619955227,0.18558206633698074
Station 3,98450.0,6596.377143954228,-0.6664601307107932,0.18685265510871008
Station 3,98460.0,6589.834611121139,-0.6421485482491271,0.18807938463253762
Station 3,98470.0,6583.533444953944,-0.617726371392715,0.1892618547101399
Station 3,98480.0,6577.478131429993,-0.5931875872876204,0.1903996754314947
Station 3,98490.0,6571.670464444546,-0.5685443709981348,0.19149246755790963
Station 3,98500.0,6566.10923995066,-0.5437951045989353,0.19253986289867137
Station 3,98510.0,6560.795550806668,-0.5189419790426473,0.19354150468058906
Station 3,98520.0,6555.730079608281,-0.4939901911407983,0.19449704790968605
Station 3,98530.0,6550.91397184845,-0.4689455754539791,0.1954061597243207
Station 3,98540.0,6546.352338295758,-0.44380876032276656,0.19626851973900744
Station 3,98550.0,6542.039011342188,-0.41858014688264955,0.1970838203782279
Station 3,98560.0,6537.9798127638705,-0.3932748149083973,0.19785176719953063
Station 3,98570.0,6534.175523919705,-0.3678834378322756,0.19857207920523195
Station 3,98580.0,6530.6231424998305,-0.34241386223687176,0.1992444891420452
Station 3,98590.0,6527.328278368576,-0.3168738400181204,0.19986874378799366
Station 3,98600.0,6524.285779170267,-0.29126408645915147,0.200444604225968
Station 3,98610.0,6521.50152282796,-0.2655881898962646,0.20097184610332852
Station 3,98620.0,6518.974121497139,-0.23984727776669326,0.20145025987696957
Station 3,98630.0,6516.704871053348,-0.21405304290894542,0.20187965104329453
Station 3,98640.0,6514.69319572201,-0.18820084721763589,0.20225984035257819
Station 3,98650.0,6512.9409051561015,-0.16229897677495397,0.2025906640072275
Station 3,98660.0,6511.447306187438,-0.13635430065061577,0.20287197384348724
Station 3,98670.0,6510.214531280606,-0.11036199354846019,0.2031036374961673
Station 3,98680.0,6509.2413346764315,-0.0843358128793383,0.20328553854601542
Station 3,98690.0,6508.527048519196,-0.058274002899656126,0.20341757664938745
Station 3,98700.0,6508.074808099881,-0.03218091598856138,0.20349966764123775
Station 3,98710.0,6507.884500193405,-0.006063609028422044,0.20353174361218834
Station 3,98720.0,6507.955689086767,0.020078659200870323,0.20351375301940056
Station 3,98730.0,6508.284864030696,0.04623703628428533,0.2034456607256306
Station 3,98740.0,6508.878648673598,0.07240970590106023,0.20332744803449915
Station 3,98750.0,6509.734134111908,0.09859231625034545,0.20315911270818124
Station 3,98760.0,6510.8531733276905,0.12477902544930303,0.2029406689660274
Station 3,98770.0,6512.2284558486335,0.1509683640611235,0.20267214746411513
Station 3,98780.0,6513.872083439783,0.17715441468664814,0.2023535952557885
Station 3,98790.0,6515.7734989827195,0.20333615198776422,0.2019850757332768
Station 3,98800.0,6517.937001694153,0.22950449529031403,0.20156666855054572
Station 3,98810.0,6520.360740100884,0.255659163576956,0.2010984695275445
Station 3,98820.0,6523.049059026747,0.2817944876405414,0.20058059053610655
Station 3,98830.0,6525.998140014397,0.3079078194841306,0.20001315936775893
Station 3,98840.0,6529.2088827929765,0.33399350540017925,0.19939631958375886
Station 3,98850.0,6532.677836775399,0.3600472738709181,0.19873023034771325
Station 3,98860.0,6536.409376589102,0.3860667397428803,0.19801506624117887
Station 3,98870.0,6540.399589415821,0.412048560934623,0.19725101706266382
Station 3,98880.0,6544.649109714098,0.43798725595610916,0.19643828761051285
Station 3,98890.0,6549.159376110571,0.46387836466089505,0.19557709745016688
Station 3,98900.0,6553.92753384378,0.4897169526679233,0.19466768066633203
Station 3,98910.0,6558.952307453834,0.5155040994139761,0.19371028560063036
Station 3,98920.0,6564.236985745761,0.5412306894113619,0.19270517457531244
Station 3,98930.0,6569.779511735186,0.5668967275555222,0.1916526236036594
Station 3,98940.0,6575.575587880596,0.5924942404872562,0.19055292208771152
Station 3,98950.0,6581.629140007764,0.6180255565498358,0.18940637250398648
Station 3,98960.0,6587.934898313487,0.6434796379932095,0.18821329007786947
Station 3,98970.0,6594.49605567799,0.6688589106252008,0.18697400244737644
Station 3,98980.0,6601.310875584342,0.6941560378387394,0.18568884931699692
Station 3,98990.0,6608.378870546869,0.7193722699812537,0.18435818210234672
Station 3,99000.0,6615.70146458388,0.74449836908377,0.18298236356635822
Station 3,99010.0,6623.267818414529,0.7695331398928588,0.1815617674477553
Station 3,99020.0,6631.087940215339,0.7944766851463939,0.18009677808254965
Station 3,99030.0,6639.15654461755,0.8193205169701564,0.17858779001931377
Station 3,99040.0,6647.475301981788,0.8440636110567816,0.17703520762896935
Station 3,99050.0,6656.039210403846,0.8687045056541274,0.1754394447098389
Station 2,99790.0,6638.262161195882,-3.6220935414067292,0.17873178832841033
Station 2,99800.0,6602.064446690768,-3.6175276305249806,0.18551203095639845
Station 2,99810.0,6565.912477323331,-3.612767464416634,0.1923351839286261
Station 2,99820.0,6529.808176543327,-3.6078112302424317,0.199201901889897
Station 2,99830.0,6493.756717609945,-3.60264466087108,0.20611284995732682
Station 2,99840.0,6457.758541673753,-3.59727090032222,0.21306870382908386
Station 2,99850.0,6421.811469309489,-3.5916886344018923,0.22007014987888182
Station 2,99860.0,6385.924930949894,-3.585891895755435,0.22711788525318677
Station 2,99870.0,6350.094842296981,-3.5798725741963637,0.23421261796315307
Station 2,99880.0,6314.328174046315,-3.5736309332357834,0.24135506697075398
Station 2,99890.0,6278.6234178718405,-3.5671630431627706,0.24854596226855702
Station 2,99900.0,6242.984527988449,-3.5604669914823983,0.25578604495254686
Station 2,99910.0,6207.414398735053,-3.5535315850868567,0.26307606728736904
Station 2,99920.0,6171.915288033593,-3.546359489097876,0.27041679276333364
Station 2,99930.0,6136.488655375582,-3.5389451056835273,0.2778089961444637
Station 2,99940.0,6101.138077315113,-3.531278657496083,0.2852534635068484
Station 2,99950.0,6065.861897068656,-3.5233610025579547,0.29275099226650453
Station 2,99960.0,6030.670599642785,-3.5151871036012716,0.300302391195913
Station 2,99970.0,5995.560669941089,-3.5067497492089577,0.3079084804283411
Station 2,99980.0,5960.536580259596,-3.498044526519066,0.31557009144901743
Station 2,99990.0,5925.5996983118675,-3.4890676032017875,0.32328806707217794
Station 2,100000.0,5890.755068893272,-3.4798152256808783,0.33106326140293446
Station 2,100010.0,5856.005834922212,-3.4702778670292114,0.3388965397828801
Station 2,100020.0,5821.351665726242,-3.4604539849584954,0.3467887787182693
Station 2,100030.0,5786.79823239051,-3.4503398432010215,0.3547408657895679
Station 2,100040.0,5752.343200707586,-3.4399233388956816,0.3627536995410929
Station 2,100050.0,5718.001013491101,-3.429204978298195,0.37082818934940537
Station 2,100060.0,5683.762738488272,-3.4181768510254575,0.3789652552690556
Station 2,100070.0,5649.637949534447,-3.4068308408291563,0.387165827854205
Station 2,100080.0,5615.628277014756,-3.3951674280990147,0.3954308479545886
Station 2,100090.0,5581.736025410806,-3.383172502213217,0.4037612664842078
Station 2,100100.0,5547.964449477746,-3.3708423101773803,0.4121580441610599
Station 2,100110.0,5514.318995928101,-3.3581789694901345,0.42062215121617713
Station 2,100120.0,5480.802709842564,-3.3451644504171676,0.4291545670701064
Station 2,100130.0,5447.417416739949,-3.3318003265039966,0.43775627997495525
Station 2,100140.0,5414.168651480399,-3.3180737320636857,0.4464282866200091
Station 2,100150.0,5381.05445463898,-3.3039802676460788,0.4551715916988649
Station 2,100160.0,5348.0893653626035,-3.289515824402313,0.46398720743595245
Station 2,100170.0,5315.269537848233,-3.274672675246244,0.47287615307022923
Station 2,100180.0,5282.597803180074,-3.2594417985904545,0.48183945428618474
Station 2,100190.0,5250.080646091933,-3.243813409415666,0.49087814259431917
Station 2,100200.0,5217.723103491657,-3.227787631962077,0.49999325470076494
Station 2,100210.0,5185.524863923161,-3.211352907438843,0.509185831781677
Station 2,100220.0,5153.496434910434,-3.194501443385066,0.5184569187161936
Station 2,100230.0,5121.6379943339525,-3.1772272524783816,0.5278075632627657
Station 2,100240.0,5089.954580060387,-3.1595216267278063,0.5372388151752201
Station 2,100250.0,5058.448276606737,-3.1413739183921847,0.5467517252558534
Station 2,100260.0,5027.126952127327,-3.1227822720425458,0.5563473443428104
Station 2,100270.0,4995.993940590252,-3.1037366574835774,0.5660267222289563
Station 2,100280.0,4965.054171374383,-3.084229075360107,0.5757909065094412
Station 2,100290.0,4934.310342906497,-3.064248581020426,0.585640941355115
Station 2,100300.0,4903.771194367754,-3.04379009308098,0.5955778662089727
Station 2,100310.0,4873.4378909392,-3.0228451252848365,0.6056027144027802
Station 2,100320.0,4843.316742375341,-3.001404639646095,0.6157165116910833
Station 2,100330.0,4813.412285527654,-2.9794625024002688,0.6259202746997967
Station 2,100340.0,4783.726691652923,-2.957006030225781,0.6362150092866515
Station 2,100350.0,4754.273133532394,-2.9340346577575573,0.6466017088108107
Station 2,100360.0,4725.048055653985,-2.9105335970728725,0.6570813523090585
Station 2,100370.0,4696.0625847988285,-2.8864956497830234,0.6676549025760589
Station 2,100380.0,4667.321550654139,-2.861915055153642,0.6783233041462955
Station 2,100390.0,4638.826787970678,-2.8367791062435384,0.6890874811754387
Station 2,100400.0,4610.58864190549,-2.811084569956694,0.6999483352190358
Station 2,100410.0,4582.60684804828,-2.7848210811397043,0.7109067429066078
Station 2,100420.0,4554.89368607933,-2.757980680354793,0.7219635535094043
Station 2,100430.0,4527.450017086293,-2.730557319413669,0.7331195864003112
Station 2,100440.0,4500.284959347456,-2.7025391401571834,0.7443756284045907
Station 2,100450.0,4473.4009452120645,-2.6739223569662243,0.7557324310404542
Station 2,100460.0,4446.8072783615735,-2.644698290625371,0.7671907076486114
Station 2,100470.0,4420.50786525533,-2.6148585292682016,0.7787511304103119
Station 2,100480.0,4394.511542613578,-2.584397442557786,0.7904143272535926
Station 2,100490.0,4368.822701167607,-2.553304933654757,0.8021808786477368
Station 2,100500.0,4343.4463556683395,-2.5215794006063166,0.8140513142861738
Station 2,100510.0,4318.393157267728,-2.4892127889727056,0.826026109658292
Station 2,100520.0,4293.665072014421,-2.4561981226732854,0.838105682510795
Station 2,100530.0,4269.271690585153,-2.4225268248587417,0.8502903891993533
Station 2,100540.0,4245.217279520788,-2.388198577401849,0.8625805209296744
Station 2,100550.0,4221.512119444617,-2.353204646223589,0.8749762998766016
Station 2,100560.0,4198.154618262111,-2.3175413976765773,0.8874778752352899
Station 2,100570.0,4175.160034306194,-2.2812061074106995,0.9000853191345438
Station 2,100580.0,4152.532282909549,-2.244192790022535,0.9127986224447288
Station 2,100590.0,4130.279609051776,-2.2065009864008625,0.9256176904800973
Station 2,100600.0,4108.406812859024,-2.168125201045351,0.9385423385886601
Station 2,100610.0,4086.9199923681695,-2.1290633117555258,0.9515722876248531
Station 2,100620.0,4065.827488226291,-2.0893187018395754,0.964707159297809
Station 2,100630.0,4045.1380468723332,-2.0488785447584252,0.9779464713846835
Station 2,100640.0,4024.8533491137678,-2.0077595229190015,0.9912896327941947
Station 2,100650.0,4004.984332739435,-1.9659497936848536,1.0047359384599
Station 2,100660.0,3985.5353247337116,-1.9234550336345557,1.0182845640354508
Station 2,100670.0,3966.516271788732,-1.8802734573011142,1.0319345603547165
Station 2,100680.0,3947.933457219742,-1.8364119949204671,1.0456848476075415
Station 2,100690.0,3929.7894356716697,-1.7918734101768936,1.059534209166339
Station 2,100700.0,3912.0971364870475,-1.7466594341208315,1.073481284978575
Station 2,100710.0,3894.856962228815,-1.7007797790571828,1.087524564414118
Station 2,100720.0,3878.08171408172,-1.6542360284396678,1.1016623784224828
Station 2,100730.0,3861.7760467003877,-1.6070388537704634,1.1158928908106591
Station 2,100740.0,3845.9456300029237,-1.559195351745086,1.130214088393866
Station 2,100750.0,3830.593316201715,-1.5107152547421496,1.1446237696943549
Station 2,100760.0,3815.7331915574814,-1.4616044105128119,1.1591195317603233
Station 2,100770.0,3801.365065751873,-1.411879758524102,1.1736987545383366
Station 2,100780.0,3787.4959921302493,-1.3615474948547042,1.1883585820442657
Station 2,100790.0,3774.1354948552384,-1.3106285462415754,1.2030958993191752
Station 2,100800.0,3761.287540083917,-1.259129818685499,1.2179073037978942
Station 2,100810.0,3748.9566390789605,-1.2070706424803872,1.2327890692138008
Station 2,100820.0,3737.1472610624755,-1.1544654648075139,1.2477370994463557
Station 2,100830.0,3725.8681450406243,-1.1013322715868323,1.2627468686826244
Station 2,100840.0,3715.119808605208,-1.0476882542357653,1.2778133427473224
Station 2,100850.0,3704.9151157651236,-0.9935531269518156,1.292930874196293
Station 2,100860.0,3695.251660931547,-0.9389476696434308,1.3080930603416827
Station 2,100870.0,3686.1379280580977,-0.8838937557594132,1.3232925480786644
Station 2,100880.0,3677.5766778667166,-0.828411882903989,1.3385207610161811
Station 2,100890.0,3669.5696836076495,-0.7725287426104194,1.3537675108921046
Station 2,100900.0,3662.127446915889,-0.7162633778892393,1.3690204328433748
Station 2,100910.0,3655.2456685803977,-0.6596444091474472,1.384264145925025
Station 2,100920.0,3648.9327252937223,-0.6026945169495956,1.3994789732623816
Station 2,100930.0,3643.1947063820767,-0.545443370529033,1.4146389346375572
Station 2,100940.0,3638.028353711984,-0.487915428062858,1.4297084959677648
Station 2,100950.0,3633.437660827998,-0.430140232306523,1.4446371150834956
Station 2,100960.0,3629.4241659753407,-0.37214345080691796,1.4593497240134
Station 2,100970.0,3625.994580054351,-0.31395641207008124,1.4737294162618961
Station 2,100980.0,3623.1446996979744,-0.2556080674492664,1.4875846794774452
Station 2,100990.0,3620.8824719721883,-0.19712870945396713,1.5005857561931049
Station 2,101000.0,3619.205330712188,-0.13854612890674156,1.512143953524126
Station 2,101010.0,3618.1136879047067,-0.07989015477901616,1.5212235831441943
Station 2,101020.0,3617.6049162060485,-0.021194134130068307,1.5262698605018812
Station 2,101030.0,3617.6876742470913,0.037512305089058826,1.5258961681495777
Station 2,101040.0,3618.356595843746,0.09620153353108808,1.52022314792335
Station 2,101050.0,3619.612082697574,0.15483998850904274,1.5107391188614663
Station 2,101060.0,3621.453855665276,0.21339632067782924,1.4989454569513694
Station 2,101070.0,3623.87847030119,0.2718446660806345,1.4858080418799586
Station 2,101080.0,3626.8896784982753,0.33015054105899383,1.4718718690266936
Station 2,101090.0,3630.4807624073546,0.38828830263466735,1.4574431433434687
Station 2,101100.0,3634.6565960322246,0.4462252791572314,1.4427008009023867
Station 2,101110.0,3639.4036962105743,0.503935623380849,1.4277548071443855
Station 2,101120.0,3644.730216126311,0.5613894582574546,1.4126762263820711
Station 2,101130.0,3650.630997463442,0.618558431109682,1.3975131858892038
Station 2,101140.0,3657.1020095758977,0.6754230398526897,1.3822997005792501
Station 2,101150.0,3664.1397863347793,0.731943328396121,1.367060757144954
Station 2,101160.0,3671.740714788476,0.7881080042395098,1.3518153589284896
Station 2,101170.0,3679.900529560646,0.8438826867342553,1.3365784146533553
Station 2,101180.0,3688.616895807016,0.8992467009700741,1.3213619473717453
Station 2,101190.0,3697.884337725702,0.9541782711543935,1.30617589023446
Station 2,101200.0,3707.696586563244,1.008654968607236,1.2910286235101522
Station 2,101210.0,3718.054353731314,1.0626573111777387,1.2759273451582183
Station 2,101220.0,3728.950190254398,1.1161606091583598,1.260878331727408
Station 2,101230.0,3740.3762172777288,1.1691507483232444,1.2458871254156227
Station 2,101240.0,3752.33082540769,1.221606690109768,1.2309586704496687
Station 2,101250.0,3764.807281140745,1.2735132635453248,1.2160974140745824
Station 2,101260.0,3777.8003899214286,1.3248533209735633,1.2013073824450329
Station 2,101270.0,3791.3034820948383,1.3756129277921931,1.1865922384582488
Station 2,101280.0,3805.310837603002,1.4257754889346304,1.1719553264623424
Station 2,101290.0,3819.815765686344,1.4753317464544053,1.1573997073144442
Station 2,101300.0,3834.8173060786908,1.5242673904776598,1.142928186229208
Station 2,101310.0,3850.299509189351,1.5725733425107753,1.1285433352521126
Station 2,101320.0,3866.2637227435675,1.6202395205777447,1.1142475116663861
Station 2,101330.0,3882.7013944078208,1.6672564693631693,1.1000428733079115
Station 2,101340.0,3899.6075324499743,1.713617061583192,1.0859313915146909
Station 2,101350.0,3916.9728453792827,1.7593139280804104,1.0719148622566466
Station 2,101360.0,3934.790908073357,1.8043420446281377,1.0579949158582733
Station 2,101370.0,3953.0562022338127,1.8486921316429719,1.0441730256275183
Station 2,101380.0,3971.761876008691,1.8923660217623648,1.0304505156299018
Station 2,101390.0,3990.9025199186653,1.9353577848204548,1.0168285677906765
Station 2,101400.0,4010.4693604875506,1.9776655129872942,1.0033082284650257
Station 2,101410.0,4030.451942378131,2.0192832187412226,0.9898904145835729
Station 2,101420.0,4050.8493834490823,2.060216735034331,0.9765759194552758
Station 2,101430.0,4071.6537494025383,2.100461568862693,0.963365418290331
Station 2,101440.0,4092.858409663113,2.1400181320256366,0.9502594734906554
Station 2,101450.0,4114.451908069611,2.1788909663474274,0.9372585397438363
Station 2,101460.0,4136.43328031603,2.217075484036274,0.9243629689473729
Station 2,101470.0,4158.793211040224,2.2545821112813096,0.9115730149830098
Station 2,101480.0,4181.521475974817,2.2914058914431927,0.898888838355557
Station 2,101490.0,4204.617681953873,2.327554237770535,0.8863105107063509
Station 2,101500.0,4228.071222384098,2.3630326176727707,0.8738380192084355
Station 2,101510.0,4251.876726292423,2.3978394232848323,0.8614712708480198
Station 2,101520.0,4276.026604604287,2.431989459420458,0.849210096595052
Station 2,101530.0,4300.512062137843,2.465475229283729,0.8370542554644101
Station 2,101540.0,4325.334072720014,2.498309310577775,0.8250034384683033
Station 2,101550.0,4350.477341378901,2.530502921904797,0.8130572724598469
Station 2,101560.0,4375.939853546031,2.5620509814861356,0.8012153238673966
Station 2,101570.0,4401.716845628425,2.5929692172898853,0.7894771023190355
Station 2,101580.0,4427.798526003002,2.623255270161032,0.7778420641564917
Station 2,101590.0,4454.1808803051335,2.65292484778067,0.7663096158379167
Station 2,101600.0,4480.85414788978,2.6819830427218045,0.7548791172289566
Station 2,101610.0,4507.818685611125,2.7104327001658346,0.743549884781817
Station 2,101620.0,4535.06207944896,2.738286909587388,0.7323211946021949
Station 2,101630.0,4562.5807342613325,2.765548569338549,0.7211922854012874
Station 2,101640.0,4590.370837952663,2.792228335634358,0.7101623613116304
Station 2,101650.0,4618.4245110808015,2.8183348157458816,0.6992305946535415
Station 2,101660.0,4646.736220949295,2.84387179351458,0.6883961285501057
Station 2,101670.0,4675.299533686552,2.868852165025973,0.6776580794338319
Station 2,101680.0,4704.110742920432,2.8932845626026684,0.6670155394510425
Station 2,101690.0,4733.164494716362,2.9171735696506276,0.6564675787601734
Station 2,101700.0,4762.452763571873,2.940528130481902,0.6460132477258042
Station 2,101710.0,4791.971276438962,2.9633575057257984,0.6356515790104025
Station 2,101720.0,4821.716745036456,2.98567000636158,0.6253815895659487
Station 2,101730.0,4851.684322255245,3.007475614332552,0.6152022825277493
Station 2,101740.0,4881.865958854645,3.028776860449986,0.6051126490128754
Station 2,101750.0,4912.257406181792,3.049584962890317,0.5951116698257779
Station 2,101760.0,4942.856122099315,3.0699086675726828,0.5851983170737172
Station 2,101770.0,4973.654958043472,3.089758671948991,0.5753715556947172
Station 2,101780.0,5004.648232968693,3.109140841826093,0.5656303449008201
Station 2,101790.0,5035.837433769588,3.128059979172669,0.5559736395394429
Station 2,101800.0,5067.208491564038,3.14652722070667,0.5464003913756842
Station 2,101810.0,5098.765115792168,3.1645501516433736,0.5369095502984215
Station 2,101820.0,5130.497056396842,3.182137819351707,0.5275000654530537
Station 2,101830.0,5162.404633733328,3.1992955381092796,0.5181708863037424
Station 2,101840.0,5194.482161175216,3.2160327499831487,0.5089209636279346
Station 2,101850.0,5226.723808540342,3.2323546858365018,0.49974925044600593
Station 2,101860.0,5259.127880298403,3.2482692080724367,0.49065470288874136
Station 2,101870.0,5291.68935531657,3.2637865013391587,0.4816362810053724
Station 2,101880.0,5324.40273380374,3.2789067770918208,0.4726929495148269
Station 2,101890.0,5357.266739363671,3.2936489756211973,0.46382367850279327
Station 2,101900.0,5390.275420748361,3.308009746046519,0.45502744406712753
Station 2,101910.0,5423.424788821578,3.321999488351488,0.4463032289140986
Station 2,101920.0,5456.71265429999,3.3356279996501916,0.4376500229078408
Station 2,101930.0,5490.13725279879,3.348894458981083,0.42906682357539283
Station 2,101940.0,5523.689336967533,3.361810023721668,0.42055263656955305
Station 2,101950.0,5557.371848532281,3.3743838962402166,0.41210647609175444
Station 2,101960.0,5591.177079555962,3.386620246430776,0.40372736527707065
Station 2,101970.0,5625.1036833053395,3.3985220335059028,0.39541433654339403
Station 2,101980.0,5659.144860020833,3.4100994754564993,0.3871664319067478
Station 2,101990.0,5693.304823661151,3.42135392741359,0.3789827032634489
Station 2,102000.0,5727.573247664063,3.4322974299933873,0.370862212619185
Station 2,102010.0,5761.949031511052,3.442933200709908,0.36280403233901154
Station 2,102020.0,5796.430030279578,3.453265271173873,0.35480724534495495
Station 2,102030.0,5831.013893345081,3.4633024767670375,0.34687094528079676
Station 2,102040.0,5865.69274586906,3.4730451162704283,0.3389942366602314
Station 2,102050.0,5900.474192857133,3.4825028213432496,0.3311762349927029
Station 2,102060.0,5935.343835107878,3.4916793715361734,0.3234160668883126
Station 2,102070.0,5970.306092312428,3.5005796077217677,0.31571287014311966
Station 2,102080.0,6005.3532799615305,3.5092087026185412,0.3080657938061006
Station 2,102090.0,6040.488554863668,3.5175747847792502,0.30047399822896603
Station 2,102100.0,6075.705768907967,3.5256794928297976,0.2929366550999825
Station 2,102110.0,6111.000003736999,3.5335253123006245,0.28545294746288385
Station 2,102120.0,6146.376549719073,3.5411237118224266,0.27802206972190446
Station 2,102130.0,6181.824267855551,3.5484726775392943,0.2706432276339184
Station 2,102140.0,6217.345192899962,3.555578964473031,0.2633156382886082
Station 2,102150.0,6252.934816526649,3.5624458594187467,0.2560385300775474
Station 2,102160.0,6288.592393787212,3.569079337288216,0.24881114265302828
Station 2,102170.0,6324.314622342744,3.5754861423518505,0.24163272687743206
Station 2,102180.0,6360.101149442022,3.5816632383331357,0.23450254476386534
Station 2,102190.0,6395.947599390613,3.5876214631898047,0.2274198694087968
Station 2,102200.0,6431.854169389257,3.5933605869350536,0.22038398491733574
Station 2,102210.0,6467.812996413219,3.598883922838052,0.21339418632179397
Station 2,102220.0,6503.829601773944,3.6041989028490686,0.20644977949411175
Station 2,102230.0,6539.897279533823,3.609308304473531,0.1995500810527141
Station 2,102240.0,6576.015166947257,3.61421180614157,0.19269441826431732
Station 2,102250.0,6612.180231116366,3.6189178652846596,0.185882128941177
Station 2,102260.0,6648.393309701048,3.623426209949398,0.17911256133425277
Station 1,104630.0,6648.209212234971,-3.558893027773673,0.18025178317605217
Station 1,104640.0,6612.642180604619,-3.5541675055853124,0.18691520379920917
Station 1,104650.0,6577.124349349862,-3.5492506885368664,0.1936193019014328
Station 1,104660.0,6541.659535065609,-3.5441377368362876,0.20036466830269475
Station 1,104670.0,6506.242920104848,-3.5388201046456347,0.20715190223854613
Station 1,104680.0,6470.883461884599,-3.5333035519244578,0.21398161139347555
Station 1,104690.0,6435.578310289872,-3.52757929827426,0.22085441192718824
Station 1,104700.0,6400.332505847162,-3.521642087059066,0.22777092849317815
Station 1,104710.0,6365.145429112665,-3.515492062045833,0.23473179424900562
Station 1,104720.0,6330.022316274316,-3.5091227860706575,0.2417376508576009
Station 1,104730.0,6294.965464210063,-3.502530668587688,0.24878914847890085
Station 1,104740.0,6259.970882423429,-3.495713154976714,0.25588694575106613
Station 1,104750.0,6225.052174702592,-3.4886676403903936,0.2630317097604982
Station 1,104760.0,6190.20133973598,-3.4813874021862237,0.2702241159998061
Station 1,104770.0,6155.425049571489,-3.4738678644350447,0.27746484831284546
Station 1,104780.0,6120.723469449422,-3.4661054908480495,0.2847545988258796
Station 1,104790.0,6086.102316618762,-3.4580966506871045,0.2920940678638708
Station 1,104800.0,6051.562308200185,-3.4498370401840117,0.29948396385084025
Station 1,104810.0,6017.1069283212655,-3.441319789500725,0.30692500319317917
Station 1,104820.0,5982.738708165941,-3.4325446491250564,0.3144179101447306
Station 1,104830.0,5948.45800021471,-3.423501981427128,0.3219634166523817
Station 1,104840.0,5914.269157198523,-3.414190498460528,0.3295622621808472
Station 1,104850.0,5880.173010074916,-3.40460075306834,0.33721519351524126
Station 1,104860.0,5846.17896191705,-3.3947371749263118,0.3449229645399532
Station 1,104870.0,5812.279036431253,-3.384585916281894,0.35268633599226595
Station 1,104880.0,5778.487234894524,-3.374143782194874,0.3605060751890619
Station 1,104890.0,5744.7989411250655,-3.3634057925928613,0.3683829557248666
Station 1,104900.0,5711.218138945907,-3.3523678651713738,0.3763177571393891
Station 1,104910.0,5677.751185218176,-3.3410234605062614,0.38431126455261266
Station 1,104920.0,5644.398995857807,-3.3293676807158694,0.3923642682653743
Station 1,104930.0,5611.1647900204125,-3.3173925221321996,0.4004775633232735
Station 1,104940.0,5578.053419407903,-3.3050944829298543,0.4086519490416052
Station 1,104950.0,5545.066036261002,-3.2924674125116264,0.4168882284831142
Station 1,104960.0,5512.203971342579,-3.27950502482353,0.42518720788338044
Station 1,104970.0,5479.47640078565,-3.2662012778282876,0.4335496960736456
Station 1,104980.0,5446.881507549746,-3.252549671125882,0.4419765038108916
Station 1,104990.0,5414.428983450674,-3.2385441513270945,0.45046844306727096
Station 1,105000.0,5382.1136487019885,-3.224180562453498,0.4590263262655626
Station 1,105010.0,5349.944796939986,-3.2094478401483353,0.46765096545568646
Station 1,105020.0,5317.925464830475,-3.194340564385191,0.47634317142879123
Station 1,105030.0,5286.059212185845,-3.178855659156719,0.48510375276526446
Station 1,105040.0,5254.347994745519,-3.1629827594108715,0.4939335148127571
Station 1,105050.0,5222.800801395749,-3.1467178159500735,0.5028332585901575
Station 1,105060.0,5191.414176819363,-3.130052083592656,0.5118037796131903
Station 1,105070.0,5160.199119111924,-3.112979018797259,0.5208458666370883
Station 1,105080.0,5129.1578857065515,-3.095491912147762,0.5299603003115078
Station 1,105090.0,5098.292319923988,-3.0775822820150323,0.539147851742609
Station 1,105100.0,5067.607254350192,-3.059242592836603,0.5484092809568956
Station 1,105110.0,5037.109511964015,-3.040469969089923,0.5577453352611166
Station 1,105120.0,5006.798997772111,-3.021251530179971,0.5671567474921602
Station 1,105130.0,4976.686303836274,-3.0015826146176834,0.5766442341505252
Station 1,105140.0,4946.769795034634,-2.9814553984950654,0.5862084934105211
Station 1,105150.0,4917.057743392336,-2.9608679445667176,0.5958502029999283
Station 1,105160.0,4887.552929499141,-2.9397988024719233,0.605570017941354
Station 1,105170.0,4858.261728888787,-2.918255560603775,0.6153685681469873
Station 1,105180.0,4829.190946635229,-2.896222576273897,0.6252464558578866
Station 1,105190.0,4800.339744538808,-2.8736915114320785,0.6352042529182584
Station 1,105200.0,4771.715838880706,-2.8506598125240123,0.6452424978744951
Station 1,105210.0,4743.329080330408,-2.8271176191802794,0.6553616928879241
Station 1,105220.0,4715.176963842057,-2.803054443055357,0.6655623004493283
Station 1,105230.0,4687.269291712468,-2.7784681001050955,0.6758447398822919
Station 1,105240.0,4659.609649722267,-2.753348287616983,0.6862093836213079
Station 1,105250.0,4632.202159956546,-2.727687037057193,0.6966565532492871
Station 1,105260.0,4605.057886265582,-2.7014801756452496,0.7071865152776826
Station 1,105270.0,4578.177310519935,-2.6747185399426607,0.7177994766508013
Station 1,105280.0,4551.564826622117,-2.647395547122832,0.7284955799539813
Station 1,105290.0,4525.231399670932,-2.6195021596406187,0.7392748983032433
Station 1,105300.0,4499.17721379575,-2.5910353133605204,0.7501374298914973
Station 1,105310.0,4473.411851792363,-2.5619842126461756,0.7610830921632622
Station 1,105320.0,4447.939828461695,-2.532350132256182,0.7721117155707146
Station 1,105330.0,4422.766201972736,-2.5021177479713286,0.7832230369288613
Station 1,105340.0,4397.901348494329,-2.4712836532924554,0.7944166922793707
Station 1,105350.0,4373.343493872132,-2.439845499267431,0.8056922092254117
Station 1,105360.0,4349.103761797567,-2.407795800018194,0.8170489987056344
Station 1,105370.0,4325.189764138376,-2.37512977975166,0.8284863461435445
Station 1,105380.0,4301.604071889455,-2.3418396483993305,0.8400034019086565
Station 1,105390.0,4278.3544587808365,-2.3079279849510113,0.8515991710168564
Station 1,105400.0,4255.447345417382,-2.2733852537763886,0.8632725019871977
Station 1,105410.0,4232.889435302927,-2.2382091844261125,0.8750220747603034
Station 1,105420.0,4210.683952041093,-2.2023944571338583,0.886846387569624
Station 1,105430.0,4188.842302603466,-2.165941737663249,0.8987437426405473
Station 1,105440.0,4167.367268627191,-2.128847312893898,0.9107122305733856
Station 1,105450.0,4146.2669236598595,-2.0911092057251994,0.9227497132441828
Station 1,105460.0,4125.546059823983,-2.0527242265278285,0.9348538050314654
Station 1,105470.0,4105.2155934077055,-2.0136970634966693,0.9470218521469378
Station 1,105480.0,4085.276247099761,-1.9740235502396313,0.9592509098129534
Station 1,105490.0,4065.7364387342413,-1.9337043209347888,0.9715377169885031
Station 1,105500.0,4046.6043947189705,-1.8927418082702911,0.9838786682975481
Station 1,105510.0,4027.886398077674,-1.851135855181999,0.9962697827575817
Station 1,105520.0,4009.5849723041415,-1.8088932318077686,1.0087066688411606
Station 1,105530.0,3991.706869106998,-1.7660129696861624,1.0211844853273666
Station 1,105540.0,3974.2657067856735,-1.7225020386712913,1.0336978973122002
Station 1,105550.0,3957.262296984974,-1.6783624286021865,1.0462410266451805
Station 1,105560.0,3940.700833617106,-1.6336063457184988,1.0588073959422728
Station 1,105570.0,3924.591359997864,-1.5882278627217499,1.071389865191162
Station 1,105580.0,3908.938433378703,-1.5422486831358884,1.0839805598126417
Station 1,105590.0,3893.7471714177987,-1.4956667746663124,1.0965707888709646
Station 1,105600.0,3879.027489170016,-1.4484940887663305,1.109150951937089
Station 1,105610.0,3864.7811715625508,-1.4007477146184628,1.1217104329045662
Station 1,105620.0,3851.0133610247235,-1.3524256946222357,1.1342374788443317
Station 1,105630.0,3837.733766062707,-1.3035472668825294,1.1467190617729395
Station 1,105640.0,3824.9441205814105,-1.2541269435923297,1.1591407210176845
Station 1,105650.0,3812.653183223957,-1.2041740279572872,1.1714863837217435
Station 1,105660.0,3800.864399381269,-1.1537064134193447,1.1837381609904487
Station 1,105670.0,3789.5814751406024,-1.1027364289173838,1.1958761173071129
Station 1,105680.0,3778.808122207498,-1.0512832416235875,1.2078780112445224
Station 1,105690.0,3768.555426190781,-0.9993650661017647,1.219719006339756
Station 1,105700.0,3758.8234796162237,-0.9469963305238025,1.2313713524650964
Station 1,105710.0,3749.618440527689,-0.894199845677034,1.2428040403837133
Station 1,105720.0,3740.941334293568,-0.8409902376443522,1.2539824359289773
Station 1,105730.0,3732.7991850559106,-0.7873934323388069,1.2648679056695946
Station 1,105740.0,3725.1936469330003,-0.7334299267458112,1.2754174536674339
Station 1,105750.0,3718.133122997724,-0.6791207433989358,1.2855833994438615
Station 1,105760.0,3711.6138524272837,-0.6244898826683197,1.295313140838639
Station 1,105770.0,3705.64118059027,-0.5695607956826483,1.3045490618431113
Station 1,105780.0,3700.224390993751,-0.5143587741594599,1.3132286634784187
Station 1,105790.0,3695.3555840192935,-0.4589071313070433,1.321285012473084
Station 1,105800.0,3691.046106199823,-0.4032308311800614,1.3286476126520248
Station 1,105810.0,3687.291976903763,-0.3473577496054393,1.335243799734983
Station 1,105820.0,3684.098797042198,-0.2913160971431076,1.341000731924904
Station 1,105830.0,3681.4683810080987,-0.23512691201970262,1.3458479872515694
Station 1,105840.0,3679.3968410332673,-0.1788219017936693,1.3497206808484572
Station 1,105850.0,3677.8905494791043,-0.12242765583992031,1.352562890080153
Station 1,105860.0,3676.9485980620725,-0.06597141516256316,1.354331048501388
Station 1,105870.0,3676.5716378389675,-0.009483004064725783,1.3549968816518725
Station 1,105880.0,3676.760164228819,0.047013656342354285,1.354549451487957
Station 1,105890.0,3677.5125110217414,0.10348830243956514,1.35299597597032
Station 1,105900.0,3678.829061582334,0.1599158444614658,1.3503612832426426
Station 1,105910.0,3680.7107247086874,0.2162605240862415,1.3466859945920322
Station 1,105920.0,3683.153653582819,0.27250485182328527,1.3420237369259758
Station 1,105930.0,3686.1601134993616,0.32861756685500193,1.336437806471934
Station 1,105940.0,3689.726178139092,0.38456667515835513,1.329997719692946
Station 1,105950.0,3693.8504129019207,0.44033605331158165,1.3227760128238155
Station 1,105960.0,3698.531608792317,0.49589026791117324,1.3148455288030811
Station 1,105970.0,3703.767808012319,0.5512102962380964,1.306277302150432
Station 1,105980.0,3709.554559572085,0.6062654312356861,1.2971390477897409
Station 1,105990.0,3715.8931654535118,0.661029050560934,1.2874941910186708
Station 1,106000.0,3722.774612392528,0.7154879733097465,1.2774013414389922
Station 1,106010.0,3730.2008754924223,0.7696108543480904,1.2669141053779966
Station 1,106020.0,3738.163939728158,0.8233763378990786,1.2560811392854043
Station 1,106030.0,3746.667013918321,0.8767601388279701,1.2449463624487456
Station 1,106040.0,3755.6997359876145,0.9297463508178992,1.2335492653825255
Station 1,106050.0,3765.2603363449934,0.9823133921656566,1.2219252670967384
Station 1,106060.0,3775.345785297925,1.0344359671625902,1.2101060886826258
Station 1,106070.0,3785.9474039911274,1.0861001562200086,1.1981201216595567
Station 1,106080.0,3797.064950328312,1.1372930159481236,1.1859927778771548
Station 1,106090.0,3808.691595822231,1.1879872051068499,1.173746813608417
Station 1,106100.0,3820.823347901937,1.238177011552109,1.161402624481252
Station 1,106110.0,3833.452063816025,1.287842670518704,1.1489785105204762
Station 1,106120.0,3846.576028909777,1.3369695771924892,1.13649091220066
Station 1,106130.0,3860.190638484218,1.3855432278203241,1.1239546193486862
Station 1,106140.0,3874.2876442816505,1.4335528929937758,1.1113829552096737
Station 1,106150.0,3888.858507344599,1.4809918998604925,1.0987879381634569
Station 1,106160.0,3903.904694671888,1.5278425201538226,1.086180423564696
Station 1,106170.0,3919.4144830225887,1.5740992730818928,1.0735702280551178
Station 1,106180.0,3935.3824954037336,1.6197527149368773,1.060966238512979
Station 1,106190.0,3951.807780691337,1.6647970144457127,1.0483765075956637
Station 1,106200.0,3968.6774521427433,1.7092214659774163,1.0358083376173333
Station 1,106210.0,3985.988384921096,1.7530247268261903,1.023268354297004
Station 1,106220.0,4003.7383923612574,1.7961972127521482,1.0107625717202822
Station 1,106230.0,4021.9114411151954,1.8387333379408166,0.9982964496833979
Station 1,106240.0,4040.5100974529973,1.8806342475493985,0.9858749444322822
Station 1,106250.0,4059.5215982655272,1.9218966131386495,0.9735025536717796
Station 1,106260.0,4078.9459457930325,1.9625143348371368,0.9611833565997137
Station 1,106270.0,4098.770306074787,2.0024904484118493,0.9489210496158139
Station 1,106280.0,4118.9928463298,2.0418198672593046,0.9367189782649732
Station 1,106290.0,4139.6053351272885,2.0805038154817304,0.9245801658961951
Station 1,106300.0,4160.600066664421,2.11854698825982,0.9125073394514335
Station 1,106310.0,4181.972444438939,2.1559417306850834,0.9005029527408742
Station 1,106320.0,4203.7175065779265,2.192700211951286,0.8885692075117695
Station 1,106330.0,4225.824557139667,2.2288127851739796,0.8767080725755096
Station 1,106340.0,4248.290864634061,2.264291141464958,0.8649213012214595
Station 1,106350.0,4271.10955474033,2.299136970007462,0.8532104471148716
Station 1,106360.0,4294.272048916247,2.3333477983740187,0.8415768788496717
Station 1,106370.0,4317.773310824773,2.366934795772981,0.8300217933040656
Station 1,106380.0,4341.6077646556205,2.3998978122783226,0.8185462279273995
Station 1,106390.0,4365.769729784376,2.432243383036373,0.807151072069934
Station 1,106400.0,4390.254185851476,2.4639760037077467,0.7958370774523089
Station 1,106410.0,4415.04599331147,2.4950987306079986,0.7846048678370962
Station 1,106420.0,4440.151117430981,2.5256189453495708,0.7734549480420861
Station 1,106430.0,4465.557296785369,2.555544878449616,0.7623877123054579
Station 1,106440.0,4491.2604532825035,2.584880668260098,0.7514034520567259
Station 1,106450.0,4517.25375617913,2.6136330395564946,0.7405023631689976
Station 1,106460.0,4543.530791645155,2.6418050987769104,0.7296845527282897
Station 1,106470.0,4570.087227135665,2.6694059659239135,0.7189500453595303
Station 1,106480.0,4596.918616322922,2.6964450639095654,0.7082987891444961
Station 1,106490.0,4624.014410912759,2.72292648857333,0.69773066116315
Station 1,106500.0,4651.374315052187,2.748856889585617,0.6872454726865415
Station 1,106510.0,4678.987902098252,2.774244126783981,0.6768429740465725
Station 1,106520.0,4706.855728397952,2.799096340729468,0.6665228592054335
Station 1,106530.0,4734.9703162490205,2.823418660868378,0.6562847700453401
Station 1,106540.0,4763.322967568937,2.8472222936789535,0.6461283003972768
Station 1,106550.0,4791.912662197059,2.8705097054216457,0.6360529998258042
Station 1,106560.0,4820.733135638786,2.893294644356396,0.6260583771854814
Station 1,106570.0,4849.777709847139,2.9155782461448427,0.6161439039631913
Station 1,106580.0,4879.042253743446,2.93737262378417,0.6063090174194723
Station 1,106590.0,4908.521031721911,2.9586810092754012,0.5965531235409627
Station 1,106600.0,4938.215277603478,2.979515542240364,0.5868755998151435
Station 1,106610.0,4968.111614011484,2.9998787169208323,0.5772757978377575
Station 1,106620.0,4998.210284916445,3.0197830045928216,0.5677530457625446
Station 1,106630.0,5028.5060822086725,3.039233512848062,0.558306650602298
Station 1,106640.0,5058.993289956049,3.0582353259239947,0.5489359003896231
Station 1,106650.0,5089.667275882419,3.076799791707326,0.5396400662052686
Station 1,106660.0,5120.52926447456,3.0949362588031524,0.5304184040814105
Station 1,106670.0,5151.565434469175,3.112642569967572,0.5212701567867781
Station 1,106680.0,5182.778070295774,3.1299328223859804,0.5121945555001829
Station 1,106690.0,5214.164744889629,3.146816169110988,0.5031908213785561
Station 1,106700.0,5245.714517396922,3.1632913502145006,0.494258167025287
Station 1,106710.0,5277.428615480037,3.179372406535055,0.485395797864339
Station 1,106720.0,5309.299425732024,3.1950645553102572,0.4766029134252987
Station 1,106730.0,5341.328584993003,3.2103720498264976,0.46787870854424857
Station 1,106740.0,5373.507520854129,3.2253047149142406,0.45922237448508824
Station 1,106750.0,5405.835158020379,3.2398668904792967,0.4506330999856952
Station 1,106760.0,5438.302280368154,3.2540696734626993,0.44211007223300614
Station 1,106770.0,5470.91150479695,3.2679125957273536,0.43365247775177684
Station 1,106780.0,5503.6589111875555,3.2814044123368915,0.4252595032585377
Station 1,106790.0,5536.539546400635,3.294553593984588,0.41693033646077704
Station 1,106800.0,5569.552389053317,3.3073633046470845,0.40866416677282164
Station 1,106810.0,5602.685733420106,3.319842366035323,0.4004601859899233
Station 1,106820.0,5635.947021861988,3.331998783898215,0.39231758891194535
Station 1,106830.0,5669.325765140571,3.3438292892919894,0.3842355739195171
Station 1,106840.0,5702.820396743989,3.355348472999044,0.37621334350536884
Station 1,106850.0,5736.431664565661,3.366557793777418,0.36825010476343256
Station 1,106860.0,5770.151178589556,3.3774629477551494,0.36034506983814957
Station 1,106870.0,5803.978472536873,3.388072271566171,0.3524974563363124
Station 1,106880.0,5837.913645158801,3.3983854405142915,0.34470648770364004
Station 1,106890.0,5871.945203441957,3.4084134836731192,0.3369713935681793
Station 1,106900.0,5906.079267612027,3.418158765301822,0.3292914100525077
Station 1,106910.0,5940.309386685463,3.427626618301114,0.321665780056626
Station 1,106920.0,5974.63045567477,3.4368252665705303,0.3140937535133095
Station 1,106930.0,6009.044745578426,3.4457506950015446,0.30657458761761475
Station 1,106940.0,6043.545134244637,3.454416116671565,0.29910754703213477
Station 1,106950.0,6078.130606765457,3.4628230743390964,0.2916919040695182
Station 1,106960.0,6112.802557939213,3.4709764616122394,0.2843269388536853
Station 1,106970.0,6147.551076796811,3.478881671722483,0.27701193946109975
Station 1,106980.0,6182.379079600625,3.4865412037743164,0.26974620204337574
Station 1,106990.0,6217.281114428192,3.493960988170271,0.26252903093243996
Station 1,107000.0,6252.2560684634645,3.50114529535809,0.2553597387293905
Station 1,107010.0,6287.302099207426,3.5080948453126246,0.24823764637815404
Station 1,107020.0,6322.415559731437,3.514819955520657,0.24116208322493493
Station 1,107030.0,6357.5975405619065,3.5213189313260647,0.23413238706446649
Station 1,107040.0,6392.843343864149,3.5275975773312576,0.22714790417395087
Station 1,107050.0,6428.148600892425,3.5336604088209294,0.2202079893355611
Station 1,107060.0,6463.514701120391,3.5395090849386497,0.21331200584832383
Station 1,107070.0,6498.9392340370405,3.5451501319025636,0.2064593255301455
Station 1,107080.0,6534.418072358074,3.5505854619310755,0.19964932871071417
Station 1,107090.0,6569.948214251054,3.5558206331117312,0.19288140421595548
Station 1,107100.0,6605.532270540466,3.560854828561401,0.1861549493446985
Station 1,107110.0,6641.1651287351815,3.565692919856114,0.17946936983813241
Station 3,108210.0,6637.599891849323,-3.4005320814893554,0.17923684427496106
Station 3,108220.0,6603.6313827246495,-3.3935457459799028,0.18559293763259613
Station 3,108230.0,6569.731580367901,-3.3863253025765623,0.19198101331016765
Station 3,108240.0,6535.906006496897,-3.378870208870878,0.19840135142589946
Station 3,108250.0,6502.1535885134235,-3.3711727235352384,0.20485422896887087
Station 3,108260.0,6468.481442770301,-3.3632353524361034,0.21133991936771576
Station 3,108270.0,6434.889141107607,-3.355047935952624,0.21785869203784966
Station 3,108280.0,6401.3842399645555,-3.346607870430635,0.2244108119015132
Station 3,108290.0,6367.959217918221,-3.3379117384358885,0.23099653887925548
Station 3,108300.0,6334.623484838538,-3.3289613248412144,0.23761612735140897
Station 3,108310.0,6301.379358709176,-3.3197387467660833,0.24426982558804708
Station 3,108320.0,6268.230065712301,-3.3102526932740886,0.2509578751458497
Station 3,108330.0,6235.176162116029,-3.3004930225234492,0.25768051023022653
Station 3,108340.0,6202.22223857952,-3.290455030827676,0.26443795702098
Station 3,108350.0,6169.370005812411,-3.2801373577109776,0.27123043295971544
Station 3,108360.0,6136.620202951428,-3.2695313555294283,0.27805814599712525
Station 3,108370.0,6103.979330852879,-3.2586350011590164,0.2849212937981973
Station 3,108380.0,6071.448074003075,-3.2474438718342493,0.2918200629033216
Station 3,108390.0,6039.032443289711,-3.2359497318083523,0.29875462784316936
Station 3,108400.0,6006.730627593433,-3.2241533139141336,0.30572515020516206
Station 3,108410.0,5974.54884474557,-3.212046996162621,0.31273177764922205
Station 3,108420.0,5942.493118438414,-3.1996260571860295,0.3197746428704477
Station 3,108430.0,5910.556885846184,-3.186885937880644,0.32685386250623116
Station 3,108440.0,5878.754514655808,-3.173818113028464,0.3339695359852693
Station 3,108450.0,5847.081620021302,-3.1604217991159054,0.3411217443158111
Station 3,108460.0,5815.546589680145,-3.146686475687648,0.3483105488103945
Station 3,108470.0,5784.148932140262,-3.1326143998302034,0.3555359897442365
Station 3,108480.0,5752.896594335476,-3.1181949587397,0.36279808494433174
Station 3,108490.0,5721.786813815581,-3.103424173406393,0.3700968283062455
Station 3,108500.0,5690.828347642431,-3.088296334592862,0.37743218823546243
Station 3,108510.0,5660.023592628153,-3.0728057667497675,0.38480410601008685
Station 3,108520.0,5629.374554575053,-3.0569497736272773,0.39221249406159153
Station 3,108530.0,5598.8849960709185,-3.040717601366979,0.399657234170219
Station 3,108540.0,5568.55911191838,-3.024109298475258,0.4071381755715749
Station 3,108550.0,5538.401803263447,-3.0071117851504177,0.414655132970855
Station 3,108560.0,5508.418900785823,-2.9897264255068405,0.4222078844610956
Station 3,108570.0,5478.609650950789,-2.9719465905113496,0.42979616934176335
Station 3,108580.0,5448.982109391937,-2.9537617080933,0.4374196858339487
Station 3,108590.0,5419.535042771245,-2.935171302478094,0.44507808868837784
Station 3,108600.0,5390.2801572650615,-2.916166550561593,0.45277098666310245
Station 3,108610.0,5361.212611022533,-2.8967435021541,0.46049793991666566
Station 3,108620.0,5332.34599801788,-2.876894730089353,0.46825845728774673
Station 3,108630.0,5303.679428593443,-2.856614229965236,0.4760519934220324
Station 3,108640.0,5275.2151559324575,-2.8358955851278878,0.48387794578703924
Station 3,108650.0,5246.96160183911,-2.8147389146173944,0.4917356515570063
Station 3,108660.0,5218.923455733565,-2.7931310793910042,0.4996243843643034
Station 3,108670.0,5191.098559277658,-2.771070946216519,0.5075433509139383
Station 3,108680.0,5163.502137473765,-2.7485505857902583,0.5154916874579344
Station 3,108690.0,5136.132697016318,-2.7255636107034915,0.5234684561265627
Station 3,108700.0,5108.991436671559,-2.7021087655675213,0.5314726411137095
Station 3,108710.0,5082.0907746449675,-2.678177048688725,0.5395031447139771
Station 3,108720.0,5055.430933593229,-2.653763381644719,0.5475587832095389
Station 3,108730.0,5029.017253556366,-2.628861191730555,0.5556382826052243
Station 3,108740.0,5002.855217321313,-2.603467299244491,0.5637402742108863
Station 3,108750.0,4976.950735755732,-2.5775781218816194,0.571863290070758
Station 3,108760.0,4951.303425108549,-2.5511860491851355,0.5800057582402438
Station 3,108770.0,4925.928019588175,-2.5242860619909955,0.5881659979114903
Station 3,108780.0,4900.82233944753,-2.4968737092230207,0.5963422143900768
Station 3,108790.0,4875.992670324969,-2.46894737070417,0.6045324939263187
Station 3,108800.0,4851.443670839221,-2.440499966474876,0.6127347984059863
Station 3,108810.0,4827.18321098836,-2.41152733304914,0.6209469599067545
Station 3,108820.0,4803.2143436092665,-2.3820258230297493,0.6291666751283534
Station 3,108830.0,4779.544947171971,-2.351991435669713,0.6373914997063483
Station 3,108840.0,4756.176939642186,-2.32142315481769,0.6456188424215784
Station 3,108850.0,4733.117462748259,-2.2903133794084045,0.6538459593197358
Station 3,108860.0,4710.371647293494,-2.2586647840554908,0.6620699477582367
Station 3,108870.0,4687.9461212731085,-2.2264679862342818,0.6702877404005776
Station 3,108880.0,4665.847100032041,-2.193729598155998,0.6784960991816831
Station 3,108890.0,4644.072689457765,-2.160439735117571,0.6866916092714951
Station 3,108900.0,4622.636525691379,-2.126599838213297,0.6948706730681334
Station 3,108910.0,4601.5433413386,-2.0922082751007083,0.7030295042564636
Station 3,108920.0,4580.79438054321,-2.0572666964448145,0.7111641219728643
Station 3,108930.0,4560.397621567961,-2.0217683888265245,0.7192703451223573
Station 3,108940.0,4540.361494318113,-1.9857183610535227,0.7273437869001285
Station 3,108950.0,4520.686430560692,-1.9491174608028932,0.7353798495757797
Station 3,108960.0,4501.381354304158,-1.9119640246550882,0.7433737196054395
Station 3,108970.0,4482.449698768309,-1.8742608023289882,0.7513203631417872
Station 3,108980.0,4463.898704062083,-1.8360089204248686,0.7592145220022845
Station 3,108990.0,4445.730108933362,-1.7972108631916557,0.7670507102639454
Station 3,109000.0,4427.95529341269,-1.757868486213977,0.774823211481423
Station 3,109010.0,4410.575431823136,-1.7179879870523418,0.7825260766758348
Station 3,109020.0,4393.597267756232,-1.6775713756887043,0.7901531232127966
Station 3,109030.0,4377.027735744086,-1.6366229653199111,0.7976979346856456
Station 3,109040.0,4360.868548316429,-1.5951492967064433,0.8051538619343248
Station 3,109050.0,4345.125157064408,-1.5531546647556622,0.8125140253381992
Station 3,109060.0,4329.805982442902,-1.5106476914740665,0.8197713185281204
Station 3,109070.0,4314.914437407152,-1.4676291619981012,0.8269184136689277
Station 3,109080.0,4300.455403719477,-1.424116398885102,0.8339477684679928
Station 3,109090.0,4286.43398306834,-1.3801104752988378,0.8408516350678408
Station 3,109100.0,4272.8529331724685,-1.3356216980855569,0.8476220709809107
Station 3,109110.0,4259.72281312184,-1.2906601108170421,0.8542509522215468
Station 3,109120.0,4247.043344871024,-1.2452363163830849,0.8607299887838622
Station 3,109130.0,4234.81755368042,-1.1993590931166753,0.8670507426035404
Station 3,109140.0,4223.056600813927,-1.153042775816556,0.8732046481263956
Station 3,109150.0,4211.757803587986,-1.1063003435939995,0.8791830355860832
Station 3,109160.0,4200.930078090068,-1.0591395499189815,0.8849771570671698
Station 3,109170.0,4190.577841306295,-1.0115759474124046,0.890578215397593
Station 3,109180.0,4180.702725791261,-0.9636247513313141,0.8959773958759354
Station 3,109190.0,4171.308105340379,-0.9153039633256127,0.9011659007940725
Station 3,109200.0,4162.397150652248,-0.8666227339702297,0.9061349866646037
Station 3,109210.0,4153.974430409644,-0.817598488249615,0.9108760040056383
Station 3,109220.0,4146.0469838068675,-0.7682501712229703,0.915380439473733
Station 3,109230.0,4138.611028536473,-0.7185899094291543,0.9196399600701746
Station 3,109240.0,4131.675191616035,-0.6686404226584431,0.9236464590778972
Station 3,109250.0,4125.239584171628,-0.6184171618745421,0.9273921033180161
Station 3,109260.0,4119.30896780751,-0.5679391064841574,0.9308693812483813
Station 3,109270.0,4113.883196400073,-0.5172253321410841,0.9340711513642701
Station 3,109280.0,4108.964495025963,-0.4662954657954054,0.9369906903059833
Station 3,109290.0,4104.557426221675,-0.41516776576080694,0.9396217400324364
Station 3,109300.0,4100.661169431134,-0.3638626109826398,0.9419585533866143
Station 3,109310.0,4097.278677590563,-0.3124018129777945,0.943995937360372
Station 3,109320.0,4094.4135017704607,-0.26080690427175496,0.9457292933647236
Station 3,109330.0,4092.0651694170465,-0.20909525961198902,0.9471546538289223
Station 3,109340.0,4090.231873006187,-0.1572904517818201,0.9482687144882528
Station 3,109350.0,4088.9179940632857,-0.10541198473061392,0.9490688617607324
Station 3,109360.0,4088.1236321607894,-0.05348558789620219,0.9495531947365443
Station 3,109370.0,4087.847884625077,-0.001530133631061335,0.9497205413634522
Station 3,109380.0,4088.0942313418213,0.0504355331023515,0.9495704684615923
Station 3,109390.0,4088.859051647215,0.10238535295779036,0.9491032854212718
Station 3,109400.0,4090.1401731512,0.15429882466096914,0.9483200414975365
Station 3,109410.0,4091.943865753674,0.20615568052339206,0.9472225167552808
Station 3,109420.0,4094.2624071808764,0.2579330403610947,0.945813206842794
Station 3,109430.0,4097.102621118393,0.30961090989978235,0.9440953018894495
Station 3,109440.0,4100.455525465071,0.3611691057064007,0.9420726599306749
Station 3,109450.0,4104.323730108996,0.412583685145746,0.9397497753570736
Station 3,109460.0,4108.706240261623,0.463837341179548,0.9371317429616484
Station 3,109470.0,4113.60037620011,0.5149078376599829,0.9342242182178941
Station 3,109480.0,4119.004591609388,0.5657756237813443,0.9310333744608782
Station 3,109490.0,4124.9144077504325,0.6164191084545944,0.9275658576633788
Station 3,109500.0,4131.331361780475,0.6668227592240518,0.9238287395004006
Station 3,109510.0,4138.249864983843,0.716965919783322,0.9198294693793511
Station 3,109520.0,4145.671104765782,0.7668333633075312,0.9155758260820097
Station 3,109530.0,4153.586972318173,0.8164021736026933,0.9110758696203555
Station 3,109540.0,4161.9977873816715,0.8656571127666006,0.9063378938543729
Station 3,109550.0,4170.898260332703,0.9145837353740254,0.9013703803584749
Station 3,109560.0,4180.289507090116,0.9631621846686271,0.8961819539572223
Station 3,109570.0,4190.16005620893,1.0113792896535887,0.8907813402828777
Station 3,109580.0,4200.5131794315585,1.0592219785389205,0.8851773256393476
Station 3,109590.0,4211.344597448939,1.1066731451458132,0.8793787193911302
Station 3,109600.0,4222.644987821629,1.153719604385603,0.8733943190335532
Station 3,109610.0,4234.417968502422,1.2003478622449062,0.8672328780430524
Station 3,109620.0,4246.65207550366,1.246546128127234,0.8609030765543383
Station 3,109630.0,4259.346694174285,1.2923012033587213,0.8544134948655158
Station 3,109640.0,4272.49729270051,1.3376035072367123,0.8477725897327981
Station 3,109650.0,4286.098069043907,1.38244339519525,0.8409886733833684
Station 3,109660.0,4300.143738292913,1.4268109144626808,0.8340698951479534
Station 3,109670.0,4314.631719928346,1.4706910715553159,0.8270242255934365
Station 3,109680.0,4329.555065927147,1.5140835918614501,0.8198594430198834
Station 3,109690.0,4344.909180121804,1.5569739336925406,0.8125831221751382
Station 3,109700.0,4360.693057937494,1.5993598140763494,0.8052026250331
Station 3,109710.0,4376.895155547562,1.6412310373102479,0.7977250934774087
Station 3,109720.0,4393.516140427797,1.6825850865116145,0.7901574437082663
Station 3,109730.0,4410.548109675973,1.7234123838519293,0.7825063622934441
Station 3,109740.0,4427.982671652386,1.763709549586774,0.774778303638068
Station 3,109750.0,4445.819744296885,1.8034761096212393,0.7669794887376816
Station 3,109760.0,4464.050244256034,1.8427011142260596,0.7591159050962742
Station 3,109770.0,4482.671672925618,1.881385466276627,0.7511933076692112
Station 3,109780.0,4501.676303111281,1.919529981765603,0.743217220707896
Station 3,109790.0,4521.061296020263,1.9571263136625232,0.7351929403915722
Station 3,109800.0,4540.817287338776,1.9941772991834477,0.7271255381401943
Station 3,109810.0,4560.940024984944,2.030677799165481,0.7190198645109016
Station 3,109820.0,4581.427985327999,2.0666284288931704,0.7108805535889405
Station 3,109830.0,4602.272375590211,2.1020332700670665,0.7027120277919429
Station 3,109840.0,4623.466721676912,2.1368865973395406,0.6945185030141551
Station 3,109850.0,4645.0087387353415,2.1711905752090677,0.6863039940444846
Station 3,109860.0,4666.889303572917,2.2049495050158394,0.6780723201990745
Station 3,109870.0,4689.1039298516835,2.2381631139776474,0.6698271111154418
Station 3,109880.0,4711.651874394281,2.270828771305488,0.6615718126612039
Station 3,109890.0,4734.520289401275,2.302954453760614,0.6533096929157692
Station 3,109900.0,4757.707820051116,2.334544927682582,0.6450438481884199
Station 3,109910.0,4781.209664065797,2.3655915060339474,0.6367772090407581
Station 3,109920.0,4805.018396404223,2.3961039652722342,0.6285125462856357
Station 3,109930.0,4829.128778253862,2.4260886148784153,0.6202524769384529
Station 3,109940.0,4853.538295301791,2.4555455854425334,0.6119994701001017
Station 3,109950.0,4878.237878987933,2.48447698482058,0.6037558527538913
Station 3,109960.0,4903.228391496349,2.512892578273833,0.5955238154615333
Station 3,109970.0,4928.495154268122,2.5407889664479906,0.587305417945717
Station 3,109980.0,4954.040796441855,2.5681777248041264,0.5791025945489938
Station 3,109990.0,4979.858187238073,2.595058175553767,0.5709171595606344
Station 3,110000.0,5005.9414418920605,2.621435216635039,0.5627508124048427
Station 3,110010.0,5032.283835964887,2.6473179043999235,0.5546051426852457
Station 3,110020.0,5058.8862323945605,2.6727104331626172,0.5464816350818973
Station 3,110030.0,5085.7345388421,2.6976094873862646,0.5383816740982421
Station 3,110040.0,5112.836516565678,2.7220345648149333,0.5303065486564905
Station 3,110050.0,5140.177734789425,2.7459792334316835,0.5222574565407607
Station 3,110060.0,5167.753845940004,2.7694524517704036,0.5142355086881337
Station 3,110070.0,5195.563872298329,2.7924614007944735,0.5062417333284224
Station 3,110080.0,5223.601627894551,2.8150109429188244,0.4982770799635619
Station 3,110090.0,5251.861102356003,2.8371054127853697,0.49034242319388543
Station 3,110100.0,5280.341181311637,2.8587528759389333,0.48243856645020555
Station 3,110110.0,5309.0354895705395,2.8799545147734396,0.4745662455290479
Station 3,110120.0,5337.940591968937,2.9007226636233465,0.4667261320033239
Station 3,110130.0,5367.049450976376,2.9210549364654432,0.4589188364969149
Station 3,110140.0,5396.359862215775,2.9409645362858123,0.4511449118254548
Station 3,110150.0,5425.867065650677,2.96045112235373,0.4434048560068141
Station 3,110160.0,5455.566952580407,2.979526172633897,0.43569911514493276
Station 3,110170.0,5485.455735718583,2.9981920847432173,0.4280280861906346
Station 3,110180.0,5515.528629075326,3.016453468144852,0.4203921195832715
Station 3,110190.0,5545.782776529362,3.034318874565978,0.41279152177691936
Station 3,110200.0,5576.214713771773,3.0517926510819127,0.40522655765494436
Station 3,110210.0,5606.819475250104,3.0688817718519257,0.3976974528367337
Station 3,110220.0,5637.5905729198885,3.085588486609848,0.3902043958803447
Station 3,110230.0,5668.529814144064,3.101922412012643,0.3827475403848083
Station 3,110240.0,5699.628236123446,3.1178876545905454,0.3753270069957578
Station 3,110250.0,5730.883995261972,3.1334878880278496,0.36794288531801056
Station 3,110260.0,5762.29605640304,3.1487328617193384,0.3605952357386441
Station 3,110270.0,5793.859409996043,3.16362187700217,0.3532840911640552
Station 3,110280.0,5825.567662724602,3.1781644710028103,0.34600945867439653
Station 3,110290.0,5857.420176027081,3.192366388685547,0.33877132109870944
Station 3,110300.0,5889.414097839195,3.2062311660042955,0.33156963851397797
Station 3,110310.0,5921.544082837283,3.2197639901452706,0.3244043496712492
Station 3,110320.0,5953.807831638828,3.2329702632925668,0.3172753733518664
Station 3,110330.0,5986.200945196344,3.245855701976508,0.3101826096567669
Station 3,110340.0,6018.723938257528,3.2584255023874404,0.3031259412317128
Station 3,110350.0,6051.36955287025,3.270686081309501,0.29610523443122094
Station 3,110360.0,6084.137320392344,3.2826366444694224,0.2891203404238637
Station 3,110370.0,6117.022087551341,3.2942860013094997,0.2821710962415338
Station 3,110380.0,6150.0214839489345,3.30564039827536,0.2752573257751528
Station 3,110390.0,6183.135645395332,3.316701385289043,0.2683788407192346
Station 3,110400.0,6216.355268742582,3.327474955507566,0.2615354414676108
Station 3,110410.0,6249.6825717883075,3.33796539271237,0.2547269179625437
Station 3,110420.0,6283.111057319218,3.3481788791795335,0.24795305049936758
Station 3,110430.0,6316.64280754061,3.3581173673975426,0.24121361048871495
Station 3,110440.0,6350.275332263329,3.367784605066295,0.23450836117591428
Station 3,110450.0,6383.99835308607,3.3771915757720192,0.22783705830053444
Station 3,110460.0,6417.816529775625,3.3863299550690784,0.22119945077296405
Station 3,110470.0,6451.7245124216015,3.395217821360595,0.21459528127964536
Station 3,110480.0,6485.721629576476,3.4038491075385466,0.20802428685538235
Station 3,110490.0,6519.802137989011,3.412233150932682,0.20148619942883259
Station 3,110500.0,6553.965144122807,3.420371810028998,0.19498074633766674
Station 3,110510.0,6588.20865036704,3.4282682913045432,0.18850765081487686
Station 3,110520.0,6622.528262392245,3.4359265888755863,0.1820666324475842
Station 3,110530.0,6656.92590643036,3.4433535719336104,0.17565740760975707
Station 2,110670.0,6653.464627846995,-3.4684689324838236,0.1764171589633633
Station 2,110680.0,6618.812215937426,-3.461352947654414,0.18289567086101227
Station 2,110690.0,6584.234326187853,-3.4540087219248847,0.1894075697709977
Station 2,110700.0,6549.73257654898,-3.4464289691509626,0.1959531863144184
Station 2,110710.0,6515.3074922680225,-3.4386114685806093,0.20253284940717786
Station 2,110720.0,6480.961871766849,-3.430552080550471,0.20914688587582903
Station 2,110730.0,6446.698342440213,-3.422246865500126,0.2157956200486585
Station 2,110740.0,6412.518503948447,-3.4136915857120926,0.22247937332067808
Station 2,110750.0,6378.424819259021,-3.404883980631877,0.22919846369112615
Station 2,110760.0,6344.421432786279,-3.3958162201628914,0.23595320527201127
Station 2,110770.0,6310.509376280362,-3.386485996695845,0.24274390776616422
Station 2,110780.0,6276.691455891558,-3.376888981356195,0.2495708759131859
Station 2,110790.0,6242.9728426025895,-3.3670228423159845,0.25643440890160296
Station 2,110800.0,6209.3539775051095,-3.356879575924297,0.26333479974521634
Station 2,110810.0,6175.837396901431,-3.346457584959374,0.2702723346053603
Station 2,110820.0,6142.423617102834,-3.3357493850749846,0.2772472921057313
Station 2,110830.0,6109.122563567044,-3.3247519593340673,0.28425994259589654
Station 2,110840.0,6075.930472641409,-3.3134612610970793,0.29131054735788836
Station 2,110850.0,6042.853385822965,-3.301873468158172,0.29839935777518545
Station 2,110860.0,6009.8937226449925,-3.289978723306299,0.3055266144536156
Station 2,110870.0,5977.055902767479,-3.2777770714058363,0.31269254629171483
Station 2,110880.0,5944.338966337847,-3.265262254542334,0.3198973694980783
Station 2,110890.0,5911.749346078905,-3.2524251418660928,0.32714128655306746
Station 2,110900.0,5879.2917861822625,-3.2392671321537523,0.3344244851121441
Station 2,110910.0,5846.9681430623705,-3.225779909356602,0.3417471368479884
Station 2,110920.0,5814.777539303722,-3.2119579608889293,0.3491093962284421
Station 2,110930.0,5782.7290179191195,-3.1977970678111065,0.35651139922719455
Station 2,110940.0,5750.822837456055,-3.1832898982837943,0.36395326196400907
Station 2,110950.0,5719.06534154725,-3.168432344976907,0.3714350792711671
Station 2,110960.0,5687.456176339676,-3.1532174147221492,0.37895692318267254
Station 2,110970.0,5656.00351781647,-3.137640699911477,0.38651884134263786
Station 2,110980.0,5624.704755376099,-3.121699176403253,0.3941208553291439
Station 2,110990.0,5593.566965362379,-3.1053839687705356,0.4017629588897335
Station 2,111000.0,5562.5976494980205,-3.0886876025512966,0.4094451160845666
Station 2,111010.0,5531.797388030391,-3.0716064565113546,0.4171672593331465
Station 2,111020.0,5501.16503215108,-3.054139294081174,0.4249292873603867
Station 2,111030.0,5470.716286011356,-3.0362677700496974,0.43273106303766823
Station 2,111040.0,5440.442674976467,-3.0180002254861815,0.44057241111441864
Station 2,111050.0,5410.3551371331,-2.9993216306319233,0.448453115835623
Station 2,111060.0,5380.456874463289,-2.9802293565143225,0.4563729184405638
Station 2,111070.0,5350.752368261842,-2.960715224967412,0.4643315145379953
Station 2,111080.0,5321.244781835725,-2.9407776305507105,0.47232855135284774
Station 2,111090.0,5291.937688745026,-2.92040737709037,0.4803636248394924
Station 2,111100.0,5262.83771309532,-2.8995976456712715,0.4884362766565206
Station 2,111110.0,5233.949506245686,-2.8783445461603248,0.49654599099794305
Station 2,111120.0,5205.2718270362375,-2.8566407216668437,0.504692191275689
Station 2,111130.0,5176.81668507617,-2.8344801017122516,0.5128742366482762
Station 2,111140.0,5148.585441711415,-2.8118595967591165,0.5210914183905494
Station 2,111150.0,5120.582736896974,-2.788768475182732,0.5293429560994338
Station 2,111160.0,5092.8105885916,-2.765203575097075,0.537627993730759
Station 2,111170.0,5065.278862170433,-2.7411602432687845,0.5459455954488392
Station 2,111180.0,5037.988172694944,-2.716632872485896,0.554294741315113
Station 2,111190.0,5010.947865171496,-2.6916131682682787,0.5626743228069403
Station 2,111200.0,4984.159080127556,-2.66609724923287,0.5710831381200142
Station 2,111210.0,4957.627668754717,-2.640079622245436,0.579519887292993
Station 2,111220.0,4931.358457351157,-2.6135540349283755,0.587983167138395
Station 2,111230.0,4905.358238527369,-2.586517897107768,0.5964714659772441
Station 2,111240.0,4879.628519933321,-2.5589646203815484,0.6049831581755699
Station 2,111250.0,4854.181456181522,-2.530889662219129,0.6135164984817564
Station 2,111260.0,4829.012761803134,-2.5022846662537694,0.6220696161646895
Station 2,111270.0,4804.135443965004,-2.473151692248094,0.630640508953848
Station 2,111280.0,4779.551324927504,-2.4434828704596323,0.6392270367838108
Station 2,111290.0,4755.2679576470655,-2.4132757085675696,0.6478269153472381
Station 2,111300.0,4731.28938898312,-2.3825218473661707,0.6564377094622028
Station 2,111310.0,4707.62120805174,-2.3512235199950036,0.6650568262618372
Station 2,111320.0,4684.268324468729,-2.3193737492827298,0.673681508216669
Station 2,111330.0,4661.235813883512,-2.286972477094863,0.6823088260027633
Station 2,111340.0,4638.529104625272,-2.254015303983594,0.6909356712319229
Station 2,111350.0,4616.155231253552,-2.2204998363588073,0.6995587490637545
Station 2,111360.0,4594.120530308628,-2.1864223460626393,0.7081745707234356
Station 2,111370.0,4572.429280035142,-2.151788371852607,0.7167794459535611
Station 2,111380.0,4551.087545358207,-2.116587811341896,0.7253694754335465
Station 2,111390.0,4530.099411439597,-2.0808196839215887,0.7339405432057984
Station 2,111400.0,4509.473137751817,-2.0444922402090353,0.7424883091542324
Station 2,111410.0,4489.210124945029,-2.0076003919770806,0.7510082015877986
Station 2,111420.0,4469.322034863115,-1.9701460384660126,0.7594954099895304
Station 2,111430.0,4449.809999619202,-1.932125168711199,0.7679448780002256
Station 2,111440.0,4430.68124508847,-1.8935438405481,0.7763512967153241
Station 2,111450.0,4411.941521099995,-1.854408787724352,0.7847090983837689
Station 2,111460.0,4393.595513676222,-1.814713903056856,0.7930124506087287
Station 2,111470.0,4375.649295277214,-1.7744658710301697,0.8012552511618866
Station 2,111480.0,4358.107774434906,-1.7336686422121352,0.8094311235355919
Station 2,111490.0,4340.978114272441,-1.692324775782994,0.8175334133703435
Station 2,111500.0,4324.262985151867,-1.6504438174762066,0.8255551859087682
Station 2,111510.0,4307.9693698372375,-1.6080242850019115,0.8334892246411899
Station 2,111520.0,4292.105265911538,-1.5650772306282774,0.8413280313218392
Station 2,111530.0,4276.6696708301515,-1.521610246448878,0.849063827546691
Station 2,111540.0,4261.675485159716,-1.4776263013534867,0.8566885580833173
Station 2,111550.0,4247.118641261962,-1.4331368559407485,0.864193896230839
Station 2,111560.0,4233.012065178325,-1.3881511087184053,0.8715712513616122
Station 2,111570.0,4219.358904861916,-1.3426781618536539,0.878811778910192
Station 2,111580.0,4206.1616370585125,-1.296725295352203,0.8859063930510563
Station 2,111590.0,4193.425430599011,-1.2503021406313823,0.8928457822969762
Station 2,111600.0,4181.156817055141,-1.20343033094422,0.8996204282485468
Station 2,111610.0,4169.359663252942,-1.156108659276344,0.9062206277127984
Station 2,111620.0,4158.036980222019,-1.108365746796591,0.9126365183886478
Station 2,111630.0,4147.191172323968,-1.0602010993175093,0.918858108288228
Station 2,111640.0,4136.834148068819,-1.011635016050733,0.924875309024808
Station 2,111650.0,4126.960291003039,-0.9626798833514061,0.9306779730493624
Station 2,111660.0,4117.581150485375,-0.9133550977483695,0.9362559348582201
Station 2,111670.0,4108.696984298684,-0.8636707333287149,0.9415990561234879
Station 2,111680.0,4100.308280783108,-0.8136503226884955,0.9466972746162972
Station 2,111690.0,4092.422526612815,-0.7633070636887775,0.9515406567012059
Station 2,111700.0,4085.042836535487,-0.7126620170873165,0.9561194530796837
Station 2,111710.0,4078.170049865905,-0.6617318382547355,0.9604241573537391
Station 2,111720.0,4071.8100457033543,-0.6105346450552553,0.964445566870231
Station 2,111730.0,4065.9607084993772,-0.5590895407709325,0.9681748451959129
Station 2,111740.0,4060.6268089144605,-0.5074228847139262,0.9716035854670287
Station 2,111750.0,4055.812772560873,-0.4555442021079648,0.9747238737601346
Station 2,111760.0,4051.517508682318,-0.40348202425265367,0.9775283515478348
Station 2,111770.0,4047.744924499121,-0.35125687705247693,0.9800102762394938
Station 2,111780.0,4044.4941151468015,-0.2988866649876705,0.9821635787675473
Station 2,111790.0,4041.7671970630167,-0.24639776357777385,0.9839829171690861
Station 2,111800.0,4039.5663839606177,-0.19380910743098204,0.9854637251331112
Station 2,111810.0,4037.891093909043,-0.14114576646364024,0.98660225453827
Station 2,111820.0,4036.744081666566,-0.08842259800832498,0.9873956110942136
Station 2,111830.0,4036.1217227444095,-0.035668973777561924,0.9878417823206155
Station 2,111840.0,4036.031319260587,0.017091795205737868,0.9879396572480224
Station 2,111850.0,4036.462965474247,0.06984102388679972,0.9876890373991449
Station 2,111860.0,4037.4253100105975,0.12255721230999223,0.9870906388014163
Station 2,111870.0,4038.9161556111167,0.17521063097423956,0.9861460849840767
Station 2,111880.0,4040.93061184606,0.22778682339801018,0.9848578911174216
Station 2,111890.0,4043.470583274319,0.28026173837785223,0.9832294396491106
Station 2,111900.0,4046.536344461767,0.33261094968743116,0.9812649479597421
Station 2,111910.0,4050.124163248082,0.3848159753453902,0.9789694287924098
Station 2,111920.0,4054.230804162132,0.43685219989314905,0.9763486442394171
Station 2,111930.0,4058.8598397084043,0.4886997094269408,0.9734090542349746
Station 2,111940.0,4064.0045737258906,0.5403365088541195,0.9701577605775955
Station 2,111950.0,4069.6634171671544,0.5917454988117605,0.9666024475218852
Station 2,111960.0,4075.838529604578,0.6429037253263381,0.962751319988905
Station 2,111970.0,4082.5230545196364,0.693791088311519,0.9586130404173999
Station 2,111980.0,4089.7128075385585,0.744393600452982,0.9541966652250112
Station 2,111990.0,4097.4103591653475,0.794686145773858,0.9495115817737589
Station 2,112000.0,4105.60612410547,0.8446573437073711,0.9445674466426278
Station 2,112010.0,4114.301939030784,0.8942836547316075,0.9393741259072588
Station 2,112020.0,4123.490515203628,0.943551443308477,0.933941638017443
Station 2,112030.0,4133.170825791326,0.9924452487315651,0.9282800997519443
Station 2,112040.0,4143.338624414663,1.040947765542756,0.9223996756210068
Station 2,112050.0,4153.98696389857,1.0890430564060647,0.9163105309830625
Station 2,112060.0,4165.117003364449,1.1367214200358877,0.9100227890460386
Station 2,112070.0,4176.722396794395,1.1839640081994232,0.9035464918371174
Station 2,112080.0,4188.79544750088,1.230763675308862,0.8968915651488555
Station 2,112090.0,4201.334607140996,1.2771016817261933,0.8900677874047599
Station 2,112100.0,4214.33611773648,1.3229691337897334,0.8830847623336859
Station 2,112110.0,4227.794693821376,1.3683553462808062,0.8759518952993959
Station 2,112120.0,4241.6993681735075,1.413254061944851,0.8686783730985802
Station 2,112130.0,4256.056259668045,1.4576469099960578,0.8612731470166808
Station 2,112140.0,4270.85219373637,1.5015344227572105,0.853744918914927
Station 2,112150.0,4286.084218697472,1.5449027642427926,0.8461021301130718
Station 2,112160.0,4301.750797391519,1.5877457775556514,0.8383529528292033
Station 2,112170.0,4317.838051361439,1.630057880638211,0.8305052839398201
Station 2,112180.0,4334.349308465933,1.671834832098813,0.8225667408289665
Station 2,112190.0,4351.271925762602,1.7130621246057083,0.8145446591038968
Station 2,112200.0,4368.6062257113,1.7537455468206447,0.8064460919655775
Station 2,112210.0,4386.344002118197,1.7938722818276656,0.7982778110347842
Station 2,112220.0,4404.484187629909,1.8334449633911671,0.7900463084479344
Station 2,112230.0,4423.015573227946,1.8724577361520982,0.7817578000507366
Station 2,112240.0,4441.931597560631,1.910911604369539,0.7734182295317868
Station 2,112250.0,4461.229265646071,1.9487978702077546,0.7650332733521332
Station 2,112260.0,4480.904036278107,1.9861203745001363,0.7566083463218035
Station 2,112270.0,4500.950277025875,2.0228755894117456,0.7481486077490598
Station 2,112280.0,4521.360589590278,2.0590630845549884,0.7396589680428926
Station 2,112290.0,4542.127892570449,2.0946845772108595,0.7311440956338641
Station 2,112300.0,4563.253743625562,2.1297394948936192,0.7226084241729446
Station 2,112310.0,4584.7222926503655,2.1642272716695072,0.7140561599225129
Station 2,112320.0,4606.535691390815,2.198152860369496,0.7054912892752049
Station 2,112330.0,4628.685595131468,2.231513874265211,0.6969175863445363
Station 2,112340.0,4651.1649130795895,2.264313397283157,0.6883386205786601
Station 2,112350.0,4673.967005841399,2.2965563054583886,0.6797577643553435
Station 2,112360.0,4697.091509109803,2.3282442157881236,0.6711782005222795
Station 2,112370.0,4720.5294375994345,2.3593768257380017,0.6626029298522453
Station 2,112380.0,4744.279401050474,2.3899614164502205,0.6540347783874209
Station 2,112390.0,4768.326844785133,2.4199995156681613,0.6454764046514527
Station 2,112400.0,4792.676892535436,2.44949546682197,0.6369303067116084
Station 2,112410.0,4817.315868154518,2.478457083707322,0.6283988290767069
Station 2,112420.0,4842.24375392684,2.5068789504418554,0.6198841694194154
Station 2,112430.0,4867.4516946644335,2.534777759386519,0.6113883851140695
Station 2,112440.0,4892.936812241752,2.5621479592851086,0.6029133995833966
Station 2,112450.0,4918.694607543543,2.5889989435453407,0.5944610084494651
Station 2,112460.0,4944.7160851243,2.615337907495737,0.5860328854858555
Station 2,112470.0,4970.998563354987,2.641166130100008,0.5776305883694977
Station 2,112480.0,4997.538143350756,2.6664912593697623,0.5692555642318594
Station 2,112490.0,5024.325651636554,2.6913174001337676,0.5609091550102339
Station 2,112500.0,5051.362504401466,2.715650420659535,0.5525926026007606
Station 2,112510.0,5078.6373929638,2.7394948249911297,0.5443070538155955
Station 2,112520.0,5106.150469715155,2.762858684625022,0.536053565147255
Station 2,112530.0,5133.894099838207,2.7857471541839676,0.5278331073437001
Station 2,112540.0,5161.86479113502,2.80816801178678,0.5196465697981505
Station 2,112550.0,5190.054897486763,2.8301230044502037,0.5114947647579686
Station 2,112560.0,5218.464615547259,2.851618529484939,0.5033784313572197
Station 2,112570.0,5247.084913778503,2.872662877974485,0.49529823947773366
Station 2,112580.0,5275.916542094246,2.8932636982519364,0.4872547934436534
Station 2,112590.0,5304.951484734486,2.913419997036415,0.4792486355545305
Station 2,112600.0,5334.185675070852,2.933142898065178,0.47128024946215946
Station 2,112610.0,5363.611890666584,2.9524429318557943,0.46335006339630375
Station 2,112620.0,5393.229690873884,2.971317807111173,0.45545845323721695
Station 2,112630.0,5423.037792025981,2.989776990010729,0.4476057454352853
Station 2,112640.0,5453.02498376692,3.0078243736156005,0.4397922198503277
Station 2,112650.0,5483.192376875698,3.0254720227230045,0.4320181124089606
Station 2,112660.0,5513.533969763943,3.042719325063362,0.42428361764895767
Station 2,112670.0,5544.0456739221545,3.0595740938553075,0.41658889114465186
Station 2,112680.0,5574.721970368762,3.076043855162399,0.40893405181624354
Station 2,112690.0,5605.565000673861,3.0921339212801433,0.4013191841276891
Station 2,112700.0,5636.563721917444,3.1078489397478806,0.3937443401777159
Station 2,112710.0,5667.721189324317,3.1231948436403387,0.3862095416883965
Station 2,112720.0,5699.0292182991125,3.1381773516227836,0.37871478189558255
Station 2,112730.0,5730.483231656418,3.1528008132379104,0.37126002734538016
Station 2,112740.0,5762.080114579684,3.167076278424951,0.36384521960070304
Station 2,112750.0,5793.823928528793,3.181001917926598,0.35647027686182586
Station 2,112760.0,5825.7009239189265,3.1945890253663975,0.3491350955047168
Station 2,112770.0,5857.714810732903,3.207839524991123,0.3418395515408001
Station 2,112780.0,5889.8590504045,3.2207610279982344,0.33458350200167797
Station 2,112790.0,5922.129112598587,3.233355420847155,0.3273667862521967
Station 2,112800.0,5954.522514517043,3.2456317542098776,0.32018922723513443
Station 2,112810.0,5987.038051540582,3.257593562136555,0.3130506326506489
Station 2,112820.0,6019.674010993797,3.269247254862136,0.30595079607351017
Station 2,112830.0,6052.42259249902,3.2805961209473935,0.29888949801102077
Station 2,112840.0,6085.286494610266,3.2916414427359824,0.29186650690441335
Station 2,112850.0,6118.256253122344,3.3023938196872984,0.28488158007639586
Station 2,112860.0,6151.330999080525,3.31286019367991,0.27793446462741395
Station 2,112870.0,6184.512460399625,3.3230376812379845,0.2710248982830848
Station 2,112880.0,6217.791019203363,3.332934153656426,0.2641526101951572
Station 2,112890.0,6251.170324114457,3.34255556844375,0.25731732169825355
Station 2,112900.0,6284.641389852445,3.351904584029921,0.25051874702454996
Station 2,112910.0,6318.207359251808,3.360986834630359,0.2437565939784545
Station 2,112920.0,6351.859897869629,3.369805061876739,0.23703056457326205
Station 2,112930.0,6385.600097462525,3.378366089626895,0.23034035563167213
Station 2,112940.0,6419.425803193654,3.3866709636116052,0.2236856593519527
Station 2,112950.0,6453.333894543943,3.394727116701295,0.2170661638415019
Station 2,112960.0,6487.3207847594185,3.402538297150208,0.21048155361942444
Station 2,112970.0,6521.382565482774,3.41010389685806,0.20393151008969806
Station 2,112980.0,6555.522023889632,3.4174327382706844,0.19741571198638774
Station 2,112990.0,6589.732884492668,3.4245252511485984,0.19093383577334094
Station 2,113000.0,6624.012741581429,3.431389463454362,0.1844855560479307
Station 2,113010.0,6658.3585619597225,3.4380246978407647,0.17807054592450539
Station 1,115560.0,6666.688117627492,-3.5978228060633612,0.17615070334186683
Station 1,115570.0,6630.73860335746,-3.592878882659934,0.18285237958809958
Station 1,115580.0,6594.831306214272,-3.587731157000269,0.18959473697963874
Station 1,115590.0,6558.982139451358,-3.5823760157192175,0.19637835639658088
Station 1,115600.0,6523.187636056555,-3.576809797735179,0.2032038263925286
Station 1,115610.0,6487.446235421502,-3.5710294049024727,0.2100717431715199
Station 1,115620.0,6451.766135849635,-3.5650330727241024,0.21698271056438095
Station 1,115630.0,6416.14622747119,-3.558811625198132,0.22393733999432033
Station 1,115640.0,6380.59065801749,-3.5523678578644518,0.23093625043095894
Station 1,115650.0,6345.100681582138,-3.5456910525501084,0.2379800683319369
Station 1,115660.0,6309.6778317718345,-3.5387803580664987,0.24506942757118452
Station 1,115670.0,6274.324355009553,-3.531632754175801,0.2522049693528957
Station 1,115680.0,6239.046611942493,-3.5242417217689486,0.2593873421101768
Station 1,115690.0,6203.842599454088,-3.516601822622472,0.2666172013872662
Station 1,115700.0,6168.713073312345,-3.5087130183607766,0.2738952097042172
Station 1,115710.0,6133.666735851215,-3.5005694776840546,0.28122203640275667
Station 1,115720.0,6098.704069786236,-3.492163845724556,0.28859835747206897
Station 1,115730.0,6063.825823826632,-3.48349373866445,0.29602485535311185
Station 1,115740.0,6029.036189209511,-3.4745546771508664,0.3035022187200083
Station 1,115750.0,5994.335737539973,-3.4653382909039645,0.31103114223697115
Station 1,115760.0,5959.728713101426,-3.455845509464114,0.318612326289124
Station 1,115770.0,5925.220793727975,-3.446064499570002,0.3262464766854835
Station 1,115780.0,5890.809006846946,-3.4359939176962917,0.3339343043322733
Station 1,115790.0,5856.501366886453,-3.42563202124895,0.3416765248746199
Station 1,115800.0,5822.296481520249,-3.4149649910393305,0.34947385830457917
Station 1,115810.0,5788.202659093022,-3.4039918600362915,0.3573270285333121
Station 1,115820.0,5754.219147912126,-3.3927076004674652,0.3652367629251106
Station 1,115830.0,5720.351670759773,-3.38110727167875,0.37320379179082597
Station 1,115840.0,5686.596666111694,-3.3691808957577423,0.3812288478381311
Station 1,115850.0,5652.967291608436,-3.3569272638248115,0.3893126655758753
Station 1,115860.0,5619.460917657635,-3.344337921639199,0.397455980669647
Station 1,115870.0,5586.081595260306,-3.331405236729939,0.4056595292454868
Station 1,115880.0,5552.832674423737,-3.318128841264301,0.4139240471385153
Station 1,115890.0,5519.719472111407,-3.304493579707163,0.4222502690830526
Station 1,115900.0,5486.74455480085,-3.2905014981736036,0.4306389278406049
Station 1,115910.0,5453.911332340367,-3.2761403407393677,0.4390907532618868
Station 1,115920.0,5421.224278859087,-3.2614082560810123,0.4476064712788156
Station 1,115930.0,5388.6846138543315,-3.246294683215973,0.4561868028221867
Station 1,115940.0,5356.297013394589,-3.230792552935971,0.4648324626518792
Station 1,115950.0,5324.067609707013,-3.2149003219073986,0.47354415810408007
Station 1,115960.0,5292.001558451223,-3.198604883045572,0.4823225877835685
Station 1,115970.0,5260.0986431649135,-3.1819013307776465,0.4911684401214873
Station 1,115980.0,5228.365545231579,-3.164782257526151,0.5000823918467684
Station 1,115990.0,5196.804412502127,-3.1472417964954356,0.5090651063520536
Station 1,116000.0,5165.420459970784,-3.129269773406068,0.5181172319470314
Station 1,116010.0,5134.219795047942,-3.1108626074302377,0.5272393999923288
Station 1,116020.0,5103.205301849939,-3.0920113186640603,0.5364322229066621
Station 1,116030.0,5072.380603218526,-3.0727074907645284,0.5456962920394849
Station 1,116040.0,5041.752427277901,-3.0529430483210156,0.5550321754008285
Station 1,116050.0,5011.324474845563,-3.0327126752318487,0.5644404152395802
Station 1,116060.0,4981.099931793223,-3.0120050657444835,0.5739215254606801
Station 1,116070.0,4951.08628990199,-2.990815819860596,0.5834759888712313
Station 1,116080.0,4921.286311833364,-2.969138647786862,0.5931042542447065
Station 1,116090.0,4891.705370890541,-2.9469609981811495,0.6028067331916886
Station 1,116100.0,4862.34833997524,-2.9242775524773514,0.6125837968247198
Station 1,116110.0,4833.220437801025,-2.9010835278582694,0.6224357722038986
Station 1,116120.0,4804.327193328837,-2.8773639630600956,0.6323629385488218
Station 1,116130.0,4775.676328687633,-2.8531187933455135,0.6423655232013268
Station 1,116140.0,4747.268002567477,-2.8283361138216567,0.6524436973222139
Station 1,116150.0,4719.1113612460385,-2.803008774157994,0.6625975713037209
Station 1,116160.0,4691.208688187158,-2.777128521899741,0.6728271898779543
Station 1,116170.0,4663.569875713551,-2.7506891808729024,0.6831325268997268
Station 1,116180.0,4636.195942460658,-2.7236847908621984,0.6935134797802958
Station 1,116190.0,4609.098252703845,-2.6961070748754756,0.7039698635463124
Station 1,116200.0,4582.2762742939685,-2.667947061037842,0.7145014044958359
Station 1,116210.0,4555.739988656235,-2.6391973327183593,0.7251077334205002
Station 1,116220.0,4529.495174378456,-2.6098563125133225,0.7357883783598482
Station 1,116230.0,4503.545479440093,-2.579912181091401,0.7465427568503334
Station 1,116240.0,4477.898813450519,-2.5493579729614684,0.7573701676275787
Station 1,116250.0,4452.56010385924,-2.5181923235838926,0.7682697817360513
Station 1,116260.0,4427.537969987254,-2.4864037566875625,0.7792406329952999
Station 1,116270.0,4402.83541861985,-2.453993161121021,0.7902816077662922
Station 1,116280.0,4378.459868907058,-2.4209499948486326,0.8013914339549812
Station 1,116290.0,4354.418302117297,-2.387269778256826,0.8125686691830919
Station 1,116300.0,4330.715853446583,-2.3529470839707,0.8238116880451867
Station 1,116310.0,4307.3630497568,-2.3179838987466255,0.8351186683542228
Station 1,116320.0,4284.359979623635,-2.2823704616850184,0.8464875763346709
Station 1,116330.0,4261.7157093228225,-2.2461029628070697,0.857916150574414
Station 1,116340.0,4239.43924816931,-2.209180289257079,0.8694018846558111
Station 1,116350.0,4217.532931620049,-2.1716005451883222,0.8809420083261419
Station 1,116360.0,4196.008038817464,-2.1333601617834286,0.8925334670512208
Station 1,116370.0,4174.87021336341,-2.094459299618089,0.9041728997810949
Station 1,116380.0,4154.123834918197,-2.054895216119701,0.9158566147366122
Station 1,116390.0,4133.775213832576,-2.0146677769768897,0.9275805630036905
Station 1,116400.0,4113.8306567908485,-1.9737806488698293,0.939340309697743
Station 1,116410.0,4094.3005384444687,-1.932232266837332,0.951131002434736
Station 1,116420.0,4075.1877111759322,-1.8900222579486887,0.9629473368172758
Station 1,116430.0,4056.501802476214,-1.8471583971336547,0.9747835186146585
Station 1,116440.0,4038.2490191624024,-1.8036377354234225,0.9866332222855214
Station 1,116450.0,4020.4314950888215,-1.7594709116569516,0.9984895454615015
Station 1,116460.0,4003.059655281011,-1.7146573213069312,1.0103449589816489
Station 1,116470.0,3986.140324207866,-1.6692059840473408,1.0221912520423069
Station 1,116480.0,3969.6771101536306,-1.6231239753681255,1.0340194720087896
Station 1,116490.0,3953.681436312711,-1.5764148702565968,1.0458198584275649
Station 1,116500.0,3938.1531323862646,-1.529091173876586,1.0575817707864954
Station 1,116510.0,3923.101565405041,-1.4811588026553477,1.0692936096036734
Station 1,116520.0,3908.5289370497358,-1.4326301192879611,1.080942730492756
Station 1,116530.0,3894.4495706208113,-1.383512598331296,1.092515350967843
Station 1,116540.0,3880.862447656879,-1.333824602242674,1.1039964499312407
Station 1,116550.0,3867.7773366530846,-1.2835729863836771,1.1153696600549938
Station 1,116560.0,3855.1916904840486,-1.2327733041689388,1.1266171536492162
Station 1,116570.0,3843.121742284929,-1.181443794090589,1.1377195231404211
Station 1,116580.0,3831.565561112892,-1.1295976605937084,1.1486556580001583
Station 1,116590.0,3820.5317723877574,-1.0772496834724004,1.1594026209120305
Station 1,116600.0,3810.0218991860497,-1.0244235809529276,1.1699355271888061
Station 1,116610.0,3800.043374771492,-0.9711287018689309,1.180227432992441
Station 1,116620.0,3790.6016524048696,-0.9173916392340218,1.190249239796277
Station 1,116630.0,3781.6983140038265,-0.863234870481621,1.1999696247602276
Station 1,116640.0,3773.3375972946596,-0.8086706036043416,1.209355009215901
Station 1,116650.0,3765.5264536851682,-0.7537288909418679,1.2183695801503283
Station 1,116660.0,3758.2654288688886,-0.6984292861741023,1.2269753821910072
Station 1,116670.0,3751.5589524037323,-0.6427956472771961,1.2351324997321897
Station 1,116680.0,3745.409811399245,-0.5868537225025362,1.2427993499888064
Station 1,116690.0,3739.8230576078627,-0.5306291721586048,1.2499331070307331
Station 1,116700.0,3734.7994765174208,-0.4741430726047048,1.2564902735748251
Station 1,116710.0,3730.3388221211794,-0.4174271179691488,1.2624274104842235
Station 1,116720.0,3726.4498095938834,-0.36050429858702093,1.26770202295502
Station 1,116730.0,3723.1304717644775,-0.3034028794160845,1.272273587204885
Station 1,116740.0,3720.3823508271325,-0.246150767369901,1.2761046829253024
Station 1,116750.0,3718.207876998501,-0.1887751395482568,1.2791621768150623
Station 1,116760.0,3716.606986133774,-0.1313075642127934,1.2814183843485072
Station 1,116770.0,3715.5798903628743,-0.07377272486448992,1.282852124492827
Station 1,116780.0,3715.131279378733,-0.01620118247651742,1.2834495792305067
Station 1,116790.0,3715.255676243198,0.041380617093218254,1.2832048790600052
Station 1,116800.0,3715.9613285352398,0.09893931323573486,1.2821203573740374
Station 1,116810.0,3717.2361962044533,0.1564520000749403,1.280206448086632
Station 1,116820.0,3719.087079110863,0.21388942540045522,1.27748123691187
Station 1,116830.0,3721.511632743693,0.2712150971500283,1.2739697108625243
Station 1,116840.0,3724.5131709159004,0.3284104431573433,1.269702776922039
Station 1,116850.0,3728.0819822347685,0.3854438529781779,1.264716135603083
Station 1,116860.0,3732.2184932800487,0.44228961762070235,1.2590490972535973
Station 1,116870.0,3736.926233458822,0.4989165609754435,1.252743420205067
Station 1,116880.0,3742.1980438463825,0.5553015471658768,1.245842233643615
Station 1,116890.0,3748.031664690599,0.6114171835402299,1.2383890884589703
Station 1,116900.0,3754.4255279999393,0.6672371032731215,1.230427159867256
Station 1,116910.0,3761.3758929441365,0.7227406151851544,1.221998608826519
Station 1,116920.0,3768.879044465681,0.7779017229690945,1.2131440964717044
Station 1,116930.0,3776.9309265260827,0.8326938966135652,1.2039024372571354
Station 1,116940.0,3785.532832808687,0.8870994327892875,1.194310371775169
Station 1,116950.0,3794.672941671324,0.9410918013721427,1.184402438525885
Station 1,116960.0,3804.3517005120957,0.9946536972641838,1.1742109243587349
Station 1,116970.0,3814.564554125023,1.0477641511159934,1.1637658750875712
Station 1,116980.0,3825.3061067650456,1.100405119210106,1.1530951502503217
Station 1,116990.0,3836.569667900648,1.1525534689471646,1.1422245086792366
Station 1,117000.0,3848.354800749161,1.2041947845400063,1.1311777141647814
Station 1,117010.0,3860.653065278588,1.255315595337897,1.1199766528626263
Station 1,117020.0,3873.460004952533,1.3058977329926367,1.1086414561284634
Station 1,117030.0,3886.7710664316737,1.3559270318173786,1.0971906241353857
Station 1,117040.0,3900.576177818681,1.4053887642148946,1.0856411470421525
Station 1,117050.0,3914.8754188181306,1.4542711691159358,1.0740086214664928
Station 1,117060.0,3929.660157431845,1.5025642485872999,1.062307360848407
Station 1,117070.0,3944.923954381167,1.5502557193215842,1.0505504989242942
Station 1,117080.0,3960.6631904250253,1.597335671660468,1.038750085946034
Station 1,117090.0,3976.8684519595204,1.6437964309045576,1.02691717759881
Station 1,117100.0,3993.538560935605,1.6896268149121856,1.0150619167859778
Station 1,117110.0,4010.660940840824,1.7348236417019676,1.0031936085899682
Station 1,117120.0,4028.2311447083716,1.77937657718901,0.9913207888041836
Station 1,117130.0,4046.244852606251,1.8232898231604329,0.9794512864771363
Station 1,117140.0,4064.694342379015,1.8665470386284355,0.9675922809282209
Station 1,117150.0,4083.574143756513,1.9091498223727366,0.9557503536931622
Station 1,117160.0,4102.873609086271,1.9510961333087553,0.9439315358428517
Station 1,117170.0,4122.593075887036,1.9923785627887736,0.9321413510967038
Station 1,117180.0,4142.720495379933,2.033003291601251,0.920384855124279
Station 1,117190.0,4163.251285145219,2.072965537358546,0.9086666713991901
Station 1,117200.0,4184.1780147519075,2.112265423141873,0.8969910239389027
Station 1,117210.0,4205.493600390388,2.150900518927128,0.8853617672341685
Station 1,117220.0,4227.194303746528,2.188875737099778,0.8737824136431308
Station 1,117230.0,4249.271219246758,2.2261919883504695,0.8622561584982293
Station 1,117240.0,4271.715783751096,2.2628500381085446,0.8507859031489726
Station 1,117250.0,4294.524690874959,2.298856092900602,0.8393742761407041
Station 1,117260.0,4317.6905380741255,2.334210143728303,0.8280236527085717
Station 1,117270.0,4341.206839107484,2.368914313977578,0.8167361727469652
Station 1,117280.0,4365.065358126186,2.402976301082296,0.8055137573976923
Station 1,117290.0,4389.263092592528,2.4363986996302196,0.7943581243848494
Station 1,117300.0,4413.792360642148,2.4691871075342355,0.7832708022107335
Station 1,117310.0,4438.646144198657,2.5013453458287938,0.7722531433149583
Station 1,117320.0,4463.817564327491,2.532880344881066,0.7613063362881295
Station 1,117330.0,4489.3011025248825,2.5637969730219767,0.7504314172218234
Station 1,117340.0,4515.08814781416,2.594102233131783,0.7396292802680831
Station 1,117350.0,4541.181466683407,2.6238009589288955,0.7289006874741129
Station 1,117360.0,4567.5653745151185,2.6529013666339356,0.7182462779511238
Station 1,117370.0,4594.23832372543,2.681407820883488,0.7076665764303864
Station 1,117380.0,4621.192757293438,2.709330130364215,0.6971620012542787
Station 1,117390.0,4648.42083624899,2.7366719162491338,0.6867328718309456
Station 1,117400.0,4675.922779010626,2.7634429386040695,0.6763794156159407
Station 1,117410.0,4703.687842636627,2.789651492092462,0.6661017746775412
Station 1,117420.0,4731.7130853952995,2.815300842154909,0.6559000118039199
Station 1,117430.0,4759.993726864994,2.8404028968698127,0.645774116238873
Station 1,117440.0,4788.520343949441,2.8649631610661275,0.6357240090580331
Station 1,117450.0,4817.291310794588,2.8889892223701388,0.6257495482096951
Station 1,117460.0,4846.296978781489,2.9124863276107105,0.6158505332425674
Station 1,117470.0,4875.5383299355635,2.935467064644823,0.6060267097409262
Station 1,117480.0,4905.005370288663,2.9579376445659245,0.5962777734859991
Station 1,117490.0,4934.694249759205,2.979902821967424,0.5866033743609493
Station 1,117500.0,4964.600463641292,3.001373595553556,0.5770031200154995
Station 1,117510.0,4994.722378128045,3.022357633964081,0.5674765793050488
Station 1,117520.0,5025.046944313461,3.042861555050727,0.5580232855180589
Station 1,117530.0,5055.576029083512,3.062890633625298,0.548642739404503
Station 1,117540.0,5086.304536244041,3.082456561640829,0.5393344120172967
Station 1,117550.0,5117.224865390202,3.1015644832434823,0.5300977473778127
Station 1,117560.0,5148.3339941581335,3.120223284336332,0.5209321649758507
Station 1,117570.0,5179.62658952572,3.138439921771999,0.5118370621137593
Station 1,117580.0,5211.103377978494,3.156221322952292,0.5028118161037881
Station 1,117590.0,5242.751632804507,3.1735764555164265,0.4938557863271802
Station 1,117600.0,5274.573277012685,3.1905099014389475,0.4849683161629946
Station 1,117610.0,5306.558010039397,3.207032071429691,0.47614873479415715
Station 1,117620.0,5338.710468263077,3.223147815033092,0.467396358897799
Station 1,117630.0,5371.02010506212,3.238865040058573,0.4587104942265202
Station 1,117640.0,5403.485522335303,3.254187130195613,0.45009043708683455
Station 1,117650.0,5436.104059341085,3.2691263479871706,0.44153547572068225
Station 1,117660.0,5468.868554080471,3.2836883911142687,0.43304489159557524
Station 1,117670.0,5501.776540064626,3.2978777562976633,0.42461796060861084
Station 1,117680.0,5534.826483354385,3.3117018304815247,0.41625395420930666
Station 1,117690.0,5568.0103546713935,3.325169441215178,0.4079521404459272
Station 1,117700.0,5601.325561609547,3.338280480700663,0.3997117849397156
Station 1,117710.0,5634.773910027982,3.3510477687137157,0.39153215179119955
Station 1,117720.0,5668.34683544595,3.36347897161752,0.3834125044225143
Station 1,117730.0,5702.042741159637,3.375571688370349,0.37535210635946364
Station 1,117740.0,5735.8576089320795,3.387338214435213,0.3673502219568405
Station 1,117750.0,5769.78932614872,3.3987829555533,0.35940611706700604
Station 1,117760.0,5803.832452668425,3.409911303376839,0.35151905963706126
Station 1,117770.0,5837.986270749871,3.4207271700536124,0.34368832031674196
Station 1,117780.0,5872.2452625833785,3.431240363083274,0.3359131729790969
Station 1,117790.0,5906.606975140351,3.4414511672649453,0.32819289520317624
Station 1,117800.0,5941.073947871702,3.4513711581232394,0.3205267687216893
Station 1,117810.0,5975.634250978897,3.461001764434877,0.3129140798315768
Station 1,117820.0,6010.291429741225,3.4703486580597542,0.3053541197697484
Station 1,117830.0,6045.040643272311,3.4794155366041135,0.2978461850560969
Station 1,117840.0,6079.879130596292,3.4882097458239962,0.29038957780580227
Station 1,117850.0,6114.8046950829785,3.496731777850798,0.28298360601281236
Station 1,117860.0,6149.814318562733,3.5049948292341684,0.27562758380629737
Station 1,117870.0,6184.9043306048325,3.512992118900975,0.2683208316817644
Station 1,117880.0,6220.073011741839,3.52073774813003,0.2610626767084335
Station 1,117890.0,6255.3172492078,3.5282343158508924,0.25385245271438434
Station 1,117900.0,6290.637523357627,3.535481301106327,0.24668950045089708
Station 1,117910.0,6326.026018309956,3.542491245186329,0.23957316773733583
Station 1,117920.0,6361.485629213721,3.5492590431299433,0.2325028095878432
Station 1,117930.0,6397.009111111752,3.5557974684942644,0.22547778832104667
Station 1,117940.0,6432.59872288645,3.5621035431254913,0.2184974736539068
Station 1,117950.0,6468.251687703822,3.568184256081783,0.21156124278077315
Station 1,117960.0,6503.963841095477,3.5740426060595936,0.20466848043865896
Station 1,117970.0,6539.732700253785,3.579685399502408,0.19781857895967714
Station 1,117980.0,6575.552990461782,3.585113648644641,0.19101093831153773
Station 1,117990.0,6611.434506406581,3.5903300797974924,0.18424496612694588
Station 1,118000.0,6647.361257346054,3.5953424430062313,0.1775200777226943
Station 3,118960.0,6652.232734488328,-3.610480869931872,0.1761346892610331
Station 3,118970.0,6616.150538336303,-3.6058770617105558,0.18286872968694973
Station 3,118980.0,6580.113475905044,-3.601078140964016,0.18964475475091053
Station 3,118990.0,6544.129092824384,-3.596080763469796,0.19646339614434427
Station 3,119000.0,6508.193843299114,-3.5908796270832943,0.20332529535559654
Station 3,119010.0,6472.309653819977,-3.5854739244670983,0.21023110375387602
Station 3,119020.0,6436.48438448655,-3.579859874339802,0.21718148266814705
Station 3,119030.0,6400.7139009889515,-3.5740303850908295,0.22417710346047326
Station 3,119040.0,6365.004726514005,-3.5679862236712947,0.23121864759328833
Station 3,119050.0,6329.35653441541,-3.561721866540149,0.23830680669003163
Station 3,119060.0,6293.771051413414,-3.5552319457672583,0.2454422825885511
Station 3,119070.0,6258.253279613175,-3.548513802385118,0.2526257873866409
Station 3,119080.0,6222.802399980623,-3.5415636961778882,0.25985804347904207
Station 3,119090.0,6187.422318809601,-3.5343758853737235,0.26713978358519114
Station 3,119100.0,6152.11425588091,-3.5269470562608323,0.2744717507669593
Station 3,119110.0,6116.883045791809,-3.5192741932910487,0.28185469843557737
Station 3,119120.0,6081.730197585129,-3.511349244526291,0.2892893903469001
Station 3,119130.0,6046.655327346857,-3.503170420388868,0.296776600584106
Station 3,119140.0,6011.669119792312,-3.49473564135088,0.30431711352688223
Station 3,119150.0,5976.761790861016,-3.4860324280659305,0.311911723806068
Station 3,119160.0,5941.949125022986,-3.477060857946679,0.31956123624274196
Station 3,119170.0,5907.222247704484,-3.467820414050765,0.327266465770558
Station 3,119180.0,5872.591031659414,-3.4582983190544447,0.3350282373401926
Station 3,119190.0,5838.058760653101,-3.4484928415063005,0.3428473858046329
Station 3,119200.0,5803.6244983560255,-3.438399756469758,0.3507247557839788
Station 3,119210.0,5769.291271233238,-3.428008656957028,0.3586612015083747
Station 3,119220.0,5735.0644036639105,-3.417319883274322,0.36665758663759784
Station 3,119230.0,5700.944735251992,-3.406325513091115,0.3747147840557582
Station 3,119240.0,5666.939065017237,-3.3950217771449345,0.38283367563940873
Station 3,119250.0,5633.045791042034,-3.3833986995679197,0.3910151519774599
Station 3,119260.0,5599.271918472436,-3.371452176214386,0.39926011209541123
Station 3,119270.0,5565.618586748307,-3.3591802899503627,0.40756946314552905
Station 3,119280.0,5532.090529068508,-3.346571620031101,0.4159441200385941
Station 3,119290.0,5498.689407494414,-3.333624408106698,0.4243850050519908
Station 3,119300.0,5465.419003883631,-3.320327990311504,0.43289304739961965
Station 3,119310.0,5432.283019446312,-3.3066763893421136,0.44146918276138075
Station 3,119320.0,5399.284226332762,-3.292666011582788,0.4501143527698688
Station 3,119330.0,5366.432260735871,-3.278288383876188,0.45882950445181153
Station 3,119340.0,5333.720792047565,-3.263537352930282,0.46761558962168265
Station 3,119350.0,5301.160575974025,-3.248405794309767,0.47647356422479314
Station 3,119360.0,5268.7541339827785,-3.2328916892040067,0.48540438762705973
Station 3,119370.0,5236.504151520119,-3.2169726569519157,0.49440902184852575
Station 3,119380.0,5204.416578712013,-3.2006605052468964,0.5034884307375845
Station 3,119390.0,5172.492596366422,-3.183935911739924,0.5126435790827302
Station 3,119400.0,5140.740299287996,-3.1667970682270745,0.5218754316585333
Station 3,119410.0,5109.157217868067,-3.1492330712536916,0.5311849522023983
Station 3,119420.0,5077.755233855156,-3.131242197180887,0.540573102318528
Station 3,119430.0,5046.5326395044185,-3.1128104569846076,0.5500408403053733
Station 3,119440.0,5015.50130723447,-3.0939309666614774,0.5595891199027011
Station 3,119450.0,4984.659789886648,-3.0745985472438813,0.569218888954257
Station 3,119460.0,4954.010127092785,-3.0548040839800783,0.5789310879818441
Station 3,119470.0,4923.563079343267,-3.0345434563491716,0.5887266486664707
Station 3,119480.0,4893.320952160689,-3.0138028395504555,0.5986064922320382
Station 3,119490.0,4863.29009928184,-2.992575436509307,0.6085715277268462
Station 3,119500.0,4833.472593923182,-2.970859243398616,0.618622650198065
Station 3,119510.0,4803.871994567049,-2.9486390239642875,0.6287607387539584
Station 3,119520.0,4774.500842957655,-2.925912032269468,0.6389866545085855
Station 3,119530.0,4745.358863268596,-2.902664573974642,0.6493012384033353
Station 3,119540.0,4716.448158919726,-2.8788955052179825,0.6597053088994198
Station 3,119550.0,4687.780521458292,-2.854589678597307,0.6701996595351323
Station 3,119560.0,4659.357828707609,-2.82974652001099,0.6807850563413221
Station 3,119570.0,4631.187340383988,-2.804352827415512,0.691462235108149
Station 3,119580.0,4603.272120207545,-2.7784028005581254,0.7022318984957272
Station 3,119590.0,4575.622139833328,-2.7518896351059294,0.7130947129807448
Station 3,119600.0,4548.237127355888,-2.724802632082997,0.7240513056305435
Station 3,119610.0,4521.127818443314,-2.6971395837329326,0.7351022606942483
Station 3,119620.0,4494.296548617878,-2.6688830163541453,0.7462481159838971
Station 3,119630.0,4467.751339556922,-2.6400382128171374,0.757489359097761
Station 3,119640.0,4441.500212457362,-2.610590914291866,0.7688264234000384
Station 3,119650.0,4415.541421841146,-2.5805353137632343,0.7802596837693659
Station 3,119660.0,4389.889279811802,-2.549861361481961,0.791789452109968
Station 3,119670.0,4364.546600776125,-2.518568684008763,0.8034159726021727
Station 3,119680.0,4339.520941602236,-2.486647769568967,0.8151394166729699
Station 3,119690.0,4314.815317702587,-2.454093138462004,0.826959877664536
Station 3,119700.0,4290.441721101508,-2.420899581257544,0.8388773651753713
Station 3,119710.0,4266.401238457117,-2.387062160188462,0.8508917990447239
Station 3,119720.0,4242.701970978891,-2.352576553631654,0.8630030029462631
Station 3,119730.0,4219.350186699073,-2.3174343610318924,0.8752106975512358
Station 3,119740.0,4196.354449273576,-2.2816327736744118,0.8875144932144928
Station 3,119750.0,4173.717880551235,-2.2451722455112613,0.8999138821284769
Station 3,119760.0,4151.452712434383,-2.2080475402759294,0.9124082298802699
Station 3,119770.0,4129.56323693318,-2.170251392761219,0.9249967663347006
Station 3,119780.0,4108.051370373717,-2.1317875030860836,0.937678575751854
Station 3,119790.0,4086.930052829156,-2.0926560345889973,0.9504525860295232
Station 3,119800.0,4066.2005438414817,-2.052847902731966,0.963317556939507
Station 3,119810.0,4045.8732962812956,-2.012368195132119,0.9762720672002567
Station 3,119820.0,4025.9550382527077,-1.9712141151064395,0.9893145001960922
Station 3,119830.0,4006.451606264045,-1.9293920361149184,1.0024430281137102
Station 3,119840.0,3987.367786280591,-1.8868967243168742,1.0156555942180197
Station 3,119850.0,3968.7160390982385,-1.8437342390906897,1.0289498929295755
Station 3,119860.0,3950.497955477575,-1.7999139881661612,1.042323347291529
Station 3,119870.0,3932.7204712287007,-1.7554289555874183,1.0557730833222254
Station 3,119880.0,3915.389697351978,-1.71028875240008,1.0692959006348093
Station 3,119890.0,3898.5162768618034,-1.664502894777409,1.0828882385618914
Station 3,119900.0,3882.102679437094,-1.6180713250958487,1.096546136843257
Station 3,119910.0,3866.157724291294,-1.5710080857040996,1.1102651897076332
Station 3,119920.0,3850.6843794420724,-1.523315846965383,1.1240404918920257
Station 3,119930.0,3835.6931515868396,-1.4750095320970378,1.1378665747766077
Station 3,119940.0,3821.1845670693556,-1.4260964657951078,1.1517373303462026
Station 3,119950.0,3807.1720842139493,-1.3765875441358644,1.165645920090566
Station 3,119960.0,3793.657782004089,-1.326496214593544,1.1795846651844526
Station 3,119970.0,3780.64368534193,-1.2758399195046333,1.193544913291547
Station 3,119980.0,3768.1430579012604,-1.2246261826068014,1.2075168760399528
Station 3,119990.0,3756.153329452078,-1.172873996797019,1.2214894295465053
Station 3,120000.0,3744.6829924372096,-1.1205993140022916,1.2354498681805515
Station 3,120010.0,3733.7442412821333,-1.0678214078933939,1.2493835988695932
Station 3,120020.0,3723.3301993290215,-1.0145515231852766,1.2632737596056387
Station 3,120030.0,3713.454399718706,-0.9608208836798603,1.2771007410025035
Station 3,120040.0,3704.117576765568,-0.9066424578898666,1.290841583668761
Station 3,120050.0,3695.3228987299403,-0.8520359640025207,1.3044692165473757
Station 3,120060.0,3687.0769257198044,-0.7970263238198871,1.3179514921989415
Station 3,120070.0,3679.3837882723856,-0.7416363905985578,1.331249964677099
Station 3,120080.0,3672.244733464555,-0.6858881578782433,1.3443183455814824
Station 3,120090.0,3665.668516109631,-0.6298098877350171,1.3571005676130619
Station 3,120100.0,3659.652720455765,-0.5734214277430674,1.369528390183034
Station 3,120110.0,3654.2004739419,-0.5167537733514912,1.3815185136199097
Station 3,120120.0,3649.314939338528,-0.4598334183211474,1.3929692553000126
Station 3,120130.0,3645.0036154628633,-0.40268455857003016,1.4037570289923875
Station 3,120140.0,3641.261735022439,-0.34533636032756587,1.413733222772921
Station 3,120150.0,3638.096070622936,-0.28781770364703874,1.4227226516947502
Station 3,120160.0,3635.5069095296203,-0.2301535549422455,1.4305255445993923
Station 3,120170.0,3633.4946433652913,-0.17237822308781237,1.4369257246534637
Station 3,120180.0,3632.0597083014163,-0.11451965086621532,1.4417074987501617
Station 3,120190.0,3631.2046786400865,-0.05660756794543781,1.4446816333630341
Station 3,120200.0,3630.9285763287876,0.0013337807329080484,1.445716142508367
Station 3,120210.0,3631.231385440955,0.059271635757221525,1.4447623715463742
Station 3,120220.0,3632.1133688658683,0.1171705118773259,1.4418655970977594
Station 3,120230.0,3633.5740193761476,0.1750086596424782,1.4371551704848078
Station 3,120240.0,3635.6149129329274,0.2327537700268528,1.430818836549874
Station 3,120250.0,3638.2291320687204,0.2903774847313343,1.423071918639474
Station 3,120260.0,3641.4209215439555,0.34784822894109757,1.4141310408980026
Station 3,120270.0,3645.1842757346076,0.40514075031094704,1.4041968754080418
Station 3,120280.0,3649.5210112245863,0.4622240514100042,1.3934456701965168
Station 3,120290.0,3654.42933256974,0.5190742709871792,1.3820270798773575
Station 3,120300.0,3659.9030223172463,0.5756611342822909,1.3700656219282452
Station 3,120310.0,3665.9422590872605,0.6319601867098635,1.3576637672798648
Station 3,120320.0,3672.540349357081,0.6879426384536511,1.3449054618546044
Station 3,120330.0,3679.69802191511,0.7435835992591047,1.3318594658668554
Station 3,120340.0,3687.4121003388286,0.7988631310695239,1.3185822595916479
Station 3,120350.0,3695.676020320515,0.8537534256613171,1.3051204573646646
Station 3,120360.0,3704.4834067878423,0.9082343746103106,1.2915127613038262
Station 3,120370.0,3713.8395412836935,0.9622809718207902,1.277791519611769
Station 3,120380.0,3723.727208067648,1.0158765610316232,1.263983960280557
Station 3,120390.0,3734.155232094957,1.068997754944182,1.2501131649959374
Station 3,120400.0,3745.1057078007407,1.1216233092323378,1.236198838021737
Station 3,120410.0,3756.5842409698757,1.1737404871456207,1.2222579144865364
Station 3,120420.0,3768.5800974285703,1.2253289128542888,1.2083050432593008
Station 3,120430.0,3781.0895399369665,1.27637215918422,1.1943529719218937
Station 3,120440.0,3794.1048181702354,1.3268551256963625,1.1804128551959319
Station 3,120450.0,3807.6224752096255,1.3767661881013291,1.1664945033579224
Station 3,120460.0,3821.6384130936112,1.4260903408221548,1.1526065834384367
Station 3,120470.0,3836.1452889644906,1.474812701076932,1.1387567831220418
Station 3,120480.0,3851.1335985132005,1.522924778809719,1.1249519450531729
Station 3,120490.0,3866.6009538311596,1.5704194138001277,1.1111981775546602
Station 3,120500.0,3882.539485951965,1.6172847669766297,1.0975009464594236
Station 3,120510.0,3898.9444382797656,1.6635073585278608,1.0838651517487612
Station 3,120520.0,3915.808668704257,1.7090881048039483,1.0702951919116652
Station 3,120530.0,3933.1257294442617,1.7540157347153076,1.056795018334899
Station 3,120540.0,3950.8857271152606,1.798284032126001,1.043368181561969
Station 3,120550.0,3969.087141428786,1.8418909442948088,1.0300178708903305
Station 3,120560.0,3987.7211778340625,1.8848317707888,1.0167469484857974
Station 3,120570.0,4006.782999769984,1.9271036797263084,1.0035579789641962
Station 3,120580.0,4026.2622346147277,1.968701360696632,0.9904532552086102
Station 3,120590.0,4046.1526427398458,2.0096281107942677,0.9774348210459591
Station 3,120600.0,4066.452539382454,2.0498817751009493,0.9645044912910399
Station 3,120610.0,4087.1487162130807,2.08945837129506,0.951663869573386
Station 3,120620.0,4108.238041867857,2.1283605392895044,0.9389143642875469
Station 3,120630.0,4129.713931182596,2.1665914955655508,0.926257202947028
Station 3,120640.0,4151.568586768605,2.2041535644634176,0.9136934451730868
Station 3,120650.0,4173.79420016282,2.2410457757395084,0.9012239945097874
Station 3,120660.0,4196.386122883998,2.277271970281955,0.8888496092241513
Station 3,120670.0,4219.34000314047,2.312837320199125,0.8765709122236817
Station 3,120680.0,4242.641665746459,2.347741602669925,0.8643884002017023
Station 3,120690.0,4266.291147611123,2.381992376778922,0.8523024521030216
Station 3,120700.0,4290.279635349759,2.4155953614110937,0.8403133369872872
Station 3,120710.0,4314.6004370984265,2.4485503605185923,0.8284212213326037
Station 3,120720.0,4339.247281729975,2.4808684643771883,0.8166261758995642
Station 3,120730.0,4364.21684338944,2.512552956451532,0.8049281821515557
Station 3,120740.0,4389.498309479966,2.543609489960025,0.7933271382629077
Station 3,120750.0,4415.086705978243,2.5740442464936537,0.7818228647773992
Station 3,120760.0,4440.9750138421405,2.603867500619805,0.7704151099371446
Station 3,120770.0,4467.161718807815,2.633078512412492,0.7591035547075385
Station 3,120780.0,4493.636079559149,2.6616923964110226,0.7478878175205972
Station 3,120790.0,4520.393381922501,2.689713856827877,0.7367674587562791
Station 3,120800.0,4547.426577862924,2.7171469798914054,0.725741984979038
Station 3,120810.0,4574.734987388729,2.7440001313230207,0.7148108529449119
Station 3,120820.0,4602.30711833536,2.770284297624658,0.7039734733928265
Station 3,120830.0,4630.137601438854,2.7960061295734633,0.6932292146324152
Station 3,120840.0,4658.224613097268,2.821168183928199,0.6825774059394908
Station 3,120850.0,4686.559223797663,2.8457869163365768,0.6720173407693323
Station 3,120860.0,4715.138797866115,2.869863893581489,0.6615482797971035
Station 3,120870.0,4743.954156803896,2.8934097310332314,0.6511694537940129
Station 3,120880.0,4773.00489057823,2.916431301633429,0.6408800663472382
Station 3,120890.0,4802.28330872151,2.9389384505557663,0.6306792964310102
Station 3,120900.0,4831.7813527374565,2.9609362927565055,0.6205663008359675
Station 3,120910.0,4861.499390175079,2.982435229760732,0.6105402164633107
Station 3,120920.0,4891.428408714173,3.0034432569423704,0.6006001624900384
Station 3,120930.0,4921.565983254825,3.02396586268358,0.5907452424112012
Station 3,120940.0,4951.9059563034325,3.044014461227982,0.5809745459648159
Station 3,120950.0,4982.443653995071,3.0635915292676668,0.5712871509448451
Station 3,120960.0,5013.174572716856,3.082713983474907,0.5616821249073906
Station 3,120970.0,5044.098768274656,3.1013786629013715,0.5521585267750526
Station 3,120980.0,5075.203841603413,3.1196039704448286,0.5427154083441821
Station 3,120990.0,5106.488399608518,3.1373892718182645,0.533351815699592
Station 3,121000.0,5137.949745591993,3.15474781710457,0.5240667905410786
Station 3,121010.0,5169.581882217591,3.1716830617705463,0.5148593714259737
Station 3,121020.0,5201.381409533517,3.188203320172917,0.505728594931751
Station 3,121030.0,5233.344177563529,3.2043131969324348,0.4966734967425801
Station 3,121040.0,5265.467345297615,3.220028304987065,0.4876931126635519
Station 3,121050.0,5297.743193440234,3.2353493489199128,0.4787864795661755
Station 3,121060.0,5330.170749938121,3.250284095666313,0.469952636268581
Station 3,121070.0,5362.747980941508,3.264842950227026,0.46119062433602037
Station 3,121080.0,5395.469933313542,3.2790246377653234,0.45249948884328584
Station 3,121090.0,5428.328234276446,3.2928456880209978,0.4438782790996337
Station 3,121100.0,5461.323672227958,3.3063067628023703,0.43532604928446483
Station 3,121110.0,5494.452130368668,3.319415744426696,0.4268418590470895
Station 3,121120.0,5527.710561722852,3.332179613895974,0.4184247740590285
Station 3,121130.0,5561.095462161365,3.3446031917003647,0.41007386652141065
Station 3,121140.0,5594.601033039883,3.3566941285357617,0.40178821562993444
Station 3,121150.0,5628.227722903417,3.3684595377862854,0.39356690799974015
Station 3,121160.0,5661.96882546831,3.379901836068125,0.3854090380524524
Station 3,121170.0,5695.824472936376,3.3910305712947313,0.37731370836753797
Station 3,121180.0,5729.789048213856,3.401849660976606,0.36928003000003645
Station 3,121190.0,5763.860095837128,3.4123661732624537,0.36130712276662463
Station 3,121200.0,5798.034801646349,3.4225835390384303,0.3533941155018786
Station 3,121210.0,5832.312834059479,3.4325076676587267,0.34554014628651936
Station 3,121220.0,5866.684648924297,3.4421434610989565,0.3377443626493538
Station 3,121230.0,5901.150606982208,3.451498377411165,0.33000592174447496
Station 3,121240.0,5935.714041435445,3.4605763368388955,0.322323990505329
Station 3,121250.0,5970.363227942159,3.4693823088804137,0.3146977457770576
Station 3,121260.0,6005.100554707042,3.4779229342386246,0.3071263744285195
Station 3,121270.0,6039.922609432984,3.4861981877580264,0.2996090734453133
Station 3,121280.0,6074.823046350355,3.494219939557625,0.29214505000504154
Station 3,121290.0,6109.805445651405,3.5019885769402648,0.28473352153601245
Station 3,121300.0,6144.863207865427,3.509507407162439,0.27737371576049574
Station 3,121310.0,6179.993251255333,3.5167810577535152,0.2700648707235974
Station 3,121320.0,6215.198468248432,3.523819879716927,0.2628062348087671
Station 3,121330.0,6250.469777840891,3.5306208218601873,0.255597066740884
Station 3,121340.0,6285.810374330171,3.537192352850861,0.24843663557783074
Station 3,121350.0,6321.2128475241325,3.543535766044385,0.2413242206913987
Station 3,121360.0,6356.679785397111,3.549658217074951,0.2342591117383395
Station 3,121370.0,6392.205016315258,3.5555581466510495,0.22724060862231396
Station 3,121380.0,6427.791816077686,3.561247337358529,0.2202680214474619
Station 3,121390.0,6463.429879633364,3.566721945739599,0.21334067046426397
Station 3,121400.0,6499.1241906913865,3.5719911613170665,0.20645788600833656
Station 3,121410.0,6534.867469254936,3.5770553603322695,0.1996190084327582
Station 3,121420.0,6570.664347901837,3.5819200093265504,0.19282338803448998
Station 3,121430.0,6606.508173478296,3.586587017328338,0.1860703849722505
Station 3,121440.0,6642.39592558545,3.591060620249025,0.17935936915999848
Station 2,121840.0,6659.275378755829,-1.6897960526777913,0.1767070914510651
Station 2,121850.0,6642.48970247755,-1.6676183388101342,0.1798487346585002
Station 2,121860.0,6625.926140652495,-1.645231061774309,0.18295956483624295
Station 2,121870.0,6609.585841907592,-1.6226303019642365,0.18603886832431846
Station 2,121880.0,6593.472193394336,-1.5998217973529256,0.18908592643717784
Station 2,121890.0,6577.591292973803,-1.5768041981097827,0.19210001584797257
Station 2,121900.0,6561.937979843875,-1.5535807328275493,0.1950804089914095
Station 2,121910.0,6546.518826650095,-1.5301522878473275,0.19802637448518703
Station 2,121920.0,6531.333851283926,-1.5065175436162697,0.20093717757004695
Station 2,121930.0,6516.388246461761,-1.4826848778348867,0.2038120805683019
Station 2,121940.0,6501.681477499623,-1.4586499526867147,0.20665034336077712
Station 2,121950.0,6487.216064697534,-1.4344174657889819,0.2094512238819697
Station 2,121960.0,6472.994912922084,-1.4099869130688998,0.21221397863320784
Station 2,121970.0,6459.017995348935,-1.3853613913978997,0.2149378632135302
Station 2,121980.0,6445.286153369242,-1.3605459423629336,0.21762213286793983
Station 2,121990.0,6431.805037630736,-1.3355400577588292,0.220266043052643
Station 2,122000.0,6418.577798851379,-1.3103483286240452,0.2228688500168044
Station 2,122010.0,6405.602196290216,-1.2849713257678386,0.2254298114003021
Station 2,122020.0,6392.877410368948,-1.2594081491917095,0.22794818684689183
Station 2,122030.0,6380.414061486886,-1.2336662936295104,0.23042323863213318
Station 2,122040.0,6368.206729341873,-1.2077451966531856,0.23285423230535926
Station 2,122050.0,6356.258079965225,-1.1816540227053336,0.23524043734491118
Station 2,122060.0,6344.575025302929,-1.1553932111331957,0.23758112782578808
Station 2,122070.0,6333.153792600503,-1.128960648525163,0.23987558309880416
Station 2,122080.0,6321.996471682197,-1.1023635783027632,0.24212308848027345
Station 2,122090.0,6311.103391547813,-1.0756040484872542,0.24432293595118484
Station 2,122100.0,6300.483402882564,-1.0486868380448173,0.24647442486476348
Station 2,122110.0,6290.132386125823,-1.0216172296329846,0.24857686266125506
Station 2,122120.0,6280.050989645192,-0.9943920610922931,0.25062956558871197
Station 2,122130.0,6270.243792249737,-0.9670206402968675,0.25263185942850225
Station 2,122140.0,6260.71124157547,-0.9395064269351681,0.25458308022420634
Station 2,122150.0,6251.45573606199,-0.9118511631500501,0.2564825750123334
Station 2,122160.0,6242.47503981554,-0.8840601581113635,0.25832970253598003
Station 2,122170.0,6233.773474517439,-0.8561357270631899,0.26012383398932776
Station 2,122180.0,6225.353803030925,-0.8280840735808322,0.26186435375277406
Station 2,122190.0,6217.212846222632,-0.799907163362822,0.2635506601076565
Station 2,122200.0,6209.356148717923,-0.771611054026999,0.2651821659542769
Station 2,122210.0,6201.779712473287,-0.7431980718248309,0.26675829952262536
Station 2,122220.0,6194.494264340395,-0.7146769778130965,0.2682785050741813
Station 2,122230.0,6187.489091485162,-0.6860481767724065,0.26974224359314786
Station 2,122240.0,6180.771687458311,-0.6573188250751997,0.27114899346547583
Station 2,122250.0,6174.341344775582,-0.6284873328806707,0.27249825114402565
Station 2,122260.0,6168.202322008261,-0.5995690956484504,0.2737895317982074
Station 2,122270.0,6162.351488865706,-0.5705622144230981,0.2750223699465074
Station 2,122280.0,6156.790924428406,-0.5414710733827957,0.27619632007021905
Station 2,122290.0,6151.5203754894255,-0.5123015303285405,0.2773109572068336
Station 2,122300.0,6146.54534522391,-0.4830598262566687,0.2783658775215057
Station 2,122310.0,6141.861254322019,-0.4537476243865498,0.2793606988550712
Station 2,122320.0,6137.4704094863355,-0.4243763196522984,0.2802950612471347
Station 2,122330.0,6133.374541985115,-0.39494321458290116,0.2811686274327959
Station 2,122340.0,6129.573358421784,-0.365462950886812,0.28198108331163946
Station 2,122350.0,6126.065854562958,-0.33593146451108097,0.28273213838767997
Station 2,122360.0,6122.852852748289,-0.30635788180130974,0.2834215261790196
Station 2,122370.0,6119.9370976457985,-0.2767501532653849,0.28404900459605575
Station 2,122380.0,6117.318542562619,-0.24710914517016183,0.2846143562871549
Station 2,122390.0,6114.9917377252705,-0.21744034951934896,0.2851173889507949
Station 2,122400.0,6112.970329031087,-0.18775110175752657,0.2855579356132745
Station 2,122410.0,6111.239125990698,-0.15804529376775128,0.28593585487117923
Station 2,122420.0,6109.80892260359,-0.12833270981765052,0.28625103109789407
Station 2,122430.0,6108.673649083306,-0.0986147756213507,0.2865033746135628
Station 2,122440.0,6107.83590016742,-0.06889777940559134,0.28669282181799166
Station 2,122450.0,6107.295167804665,-0.0391870232541915,0.28681933528611114
Station 2,122460.0,6107.052682980922,-0.009483687358495994,0.2868829038257201
Station 2,122470.0,6107.10390090598,0.020198617409304988,0.28688354249734643
Station 2,122480.0,6107.4552294512605,0.04985877512138324,0.28682129259617223
Station 2,122490.0,6108.103232118748,0.07949067127739151,0.2866962215960914
Station 2,122500.0,6109.045647256008,0.10909329813275627,0.2865084230560744
Station 2,122510.0,6110.284143208053,0.13865411081154524,0.2862580164891262
Station 2,122520.0,6111.818232514051,0.16816980384596447,0.2859451471852482
Station 2,122530.0,6113.6480336694585,0.1976396074306519,0.2855699859965398
Station 2,122540.0,6115.772083490928,0.2270533096613826,0.28513272912494425
Station 2,122550.0,6118.187496334529,0.25640860467114457,0.2846335978316748
Station 2,122560.0,6120.899182732068,0.2856973593745105,0.2840728381259098
Station 2,122570.0,6123.902885658368,0.3149172847773342,0.2834507204206322
Station 2,122580.0,6127.196685070818,0.3440638489587896,0.28276753915589886
Station 2,122590.0,6130.7840652665445,0.37312970757162456,0.28202361239063595
Station 2,122600.0,6134.65863378995,0.40210853834251875,0.28121928136412194
Station 2,122610.0,6138.826354493137,0.4310001178876128,0.28035491002844826
Station 2,122620.0,6143.279015961957,0.45979215218530806,0.2794308845532234
Station 2,122630.0,6148.020275418095,0.48848743373080594,0.2784476128039448
Station 2,122640.0,6153.049428546214,0.5170793446505675,0.27740552379546396
Station 2,122650.0,6158.361568508032,0.5455606511345393,0.27630506712203556
Station 2,122660.0,6163.959996406717,0.5739276955330826,0.27514671236549043
Station 2,122670.0,6169.839539374408,0.6021774115600644,0.27393094848309907
Station 2,122680.0,6176.003431730618,0.6303059962925238,0.2726582831767317
Station 2,122690.0,6182.446064447526,0.6583065918829696,0.27132924224493876
Station 2,122700.0,6189.167926643767,0.6861752695972552,0.2699443689195959
Station 2,122710.0,6196.170277080541,0.713907956147905,0.2685042231887659
Station 2,122720.0,6203.443947800928,0.7415011975508443,0.26700938110743255
Station 2,122730.0,6210.998113943116,0.7689509428133467,0.26546043409776704
Station 2,122740.0,6218.824426945793,0.7962548012305716,0.263857988240561
Station 2,122750.0,6226.922861452552,0.8234052987272018,0.26220266355947136
Station 2,122760.0,6235.2936856797405,0.8504004972732936,0.2604950932996739
Station 2,122770.0,6243.9302022147995,0.8772381276225281,0.258735923202521
Station 2,122780.0,6252.837693317564,0.9039112570141334,0.25692581077775273
Station 2,122790.0,6262.008291854072,0.9304187982238143,0.25506542457478043
Station 2,122800.0,6271.443699005859,0.9567588560691426,0.2531554434545236
Station 2,122810.0,6281.141673381831,0.9829248551993806,0.25119655586323436
Station 2,122820.0,6291.102394325197,1.0089146856472848,0.2491894591096954
Station 2,122830.0,6301.320003088747,1.0347274667422681,0.24713485864712872
Station 2,122840.0,6311.796508323088,1.0603577444676757,0.24503346736109913
Station 2,122850.0,6322.526484317186,1.0858033051833036,0.24288600486463433
Station 2,122860.0,6333.513625033789,1.1110619853651873,0.24069319680172985
Station 2,122870.0,6344.747582874736,1.1361292762765371,0.2384557741603465
Station 2,122880.0,6356.23363779923,1.16100405139121,0.23617447259529342
Station 2,122890.0,6367.967973823171,1.1856818742594653,0.23385003174173477
Station 2,122900.0,6379.945585597989,1.2101675222803803,0.23148319458359826
Station 2,122910.0,6392.169555144149,1.2344506537727546,0.2290747068167829
Station 2,122920.0,6404.635738638549,1.2585290658824912,0.2266253162152793
Station 2,122930.0,6417.339485667977,1.2824050871241586,0.22413577201995044
Station 2,122940.0,6430.281731561311,1.306077987666128,0.22160682434259038
Station 2,122950.0,6443.460290725722,1.3295402035313377,0.21903922358584577
Station 2,122960.0,6456.872880311409,1.3527912415988617,0.21643371987955334
Station 2,122970.0,6470.516641627246,1.3758346165874844,0.2137910625339181
Station 2,122980.0,6484.387526992691,1.3986617040770866,0.21111199950996504
Station 2,122990.0,6498.48940159096,1.4212779515110237,0.2083972769076007
Station 2,123000.0,6512.814432914989,1.4436765318415583,0.20564763847156467
Station 2,123010.0,6527.36118604697,1.4658596173092049,0.20286382511551018
Station 2,123020.0,6542.132193101727,1.4878226978314006,0.20004657446438168
Station 2,123030.0,6557.117777114718,1.5095647133307006,0.19719662041522307
Station 2,123040.0,6572.320258174152,1.5310892710973512,0.19431469271648036
Station 2,123050.0,6587.738625725966,1.5523910195527575,0.19140151656583562
Station 2,123060.0,6603.366292972757,1.5734724732078966,0.18845781222654998
Station 2,123070.0,6619.205128647297,1.5943290762701134,0.18548429466225086
Station 2,123080.0,6635.253363892551,1.6149644943911978,0.18248167319007302
Station 2,123090.0,6651.504472217587,1.6353734194433156,0.17945065115199976
Station 2,123100.0,6667.9596371041935,1.6555561439771613,0.17639192560424502
Station 1,126600.0,6647.748937167927,-2.507939080428623,0.17863051904896102
Station 1,126610.0,6622.7541077860105,-2.491082737133566,0.18329393225948953
Station 1,126620.0,6597.9270338749575,-2.473953128895785,0.18794963345150514
Station 1,126630.0,6573.276598709166,-2.4565565751837855,0.19259700587688897
Station 1,126640.0,6548.799102209149,-2.438885856930075,0.19723541426455982
Station 1,126650.0,6524.498870112846,-2.4209432863370863,0.20186420452739964
Station 1,126660.0,6500.381385087427,-2.4027216118992323,0.20648270347806705
Station 1,126670.0,6476.444831652485,-2.3842262635499107,0.21109021855479881
Station 1,126680.0,6452.695384600264,-2.3654511085081733,0.21568603755835
Station 1,126690.0,6429.137442384806,-2.346396229148057,0.220269428401277
Station 1,126700.0,6405.7702225136245,-2.3270588748874124,0.22483963887081923
Station 1,126710.0,6382.5970019612905,-2.3074405424394704,0.22939589640669336
Station 1,126720.0,6359.62139300299,-2.287538798586812,0.23393740789515952
Station 1,126730.0,6336.846939408858,-2.2673497232125808,0.23846335948077513
Station 1,126740.0,6314.275611093221,-2.246875404852816,0.24297291639730734
Station 1,126750.0,6291.910201862814,-2.226113946288221,0.24746522281929642
Station 1,126760.0,6269.754576996466,-2.2050640896650804,0.2519394017358865
Station 1,126770.0,6247.809579721944,-2.1837257246709867,0.256394554848467
Station 1,126780.0,6226.08151610645,-2.1620942846831745,0.26082976249382517
Station 1,126790.0,6204.570414750099,-2.140176538798081,0.2652440835944883
Station 1,126800.0,6183.2794391560365,-2.117964443408446,0.26963655563798755
Station 1,126810.0,6162.210746722502,-2.095459519666023,0.2740061946868134
Station 1,126820.0,6141.37105861694,-2.072664007443536,0.2783519954208524
Station 1,126830.0,6120.7592347523205,-2.049576703015833,0.2826729312141343
Station 1,126840.0,6100.379501232356,-2.026196385585505,0.28696795424771765
Station 1,126850.0,6080.236460725628,-2.002522891590574,0.29123599566057756
Station 1,126860.0,6060.328467656428,-1.9785539467130941,0.29547596574034923
Station 1,126870.0,6040.666224045742,-1.9542930027966448,0.29968675415578666
Station 1,126880.0,6021.244085386634,-1.9297386994258963,0.3038672302327913
Station 1,126890.0,6002.070240988515,-1.904893350781914,0.30801624327583854
Station 1,126900.0,5983.148204440137,-1.87975635719303,0.31213262293661787
Station 1,126910.0,5964.4762251819775,-1.8543279256394551,0.31621517963165197
Station 1,126920.0,5946.062866012936,-1.8286071121215015,0.3202627050089478
Station 1,126930.0,5927.907159150309,-1.802599936351339,0.3242739724488882
Station 1,126940.0,5910.011475035876,-1.776302816219216,0.3282477376643563
Station 1,126950.0,5892.381128141255,-1.7497186816377372,0.33218273932588455
Station 1,126960.0,5875.01757431518,-1.722845299298869,0.3360776997433272
Station 1,126970.0,5857.925785116944,-1.6956916594574427,0.33993132561065603
Station 1,126980.0,5841.103425956404,-1.6682515528914386,0.3437423088100572
Station 1,126990.0,5824.559680317491,-1.6405328273468747,0.347509327276392
Station 1,127000.0,5808.294261625497,-1.612530446574131,0.3512310459229432
Station 1,127010.0,5792.3125691690175,-1.5842560566625188,0.35490611762918894
Station 1,127020.0,5776.610426858964,-1.5557033701197334,0.3585331842911798
Station 1,127030.0,5761.198190119723,-1.5268803530107902,0.36211087793489244
Station 1,127040.0,5746.074230447565,-1.4977893656538512,0.36563782189272775
Station 1,127050.0,5731.2428926828525,-1.4684269918054809,0.3691126320430907
Station 1,127060.0,5716.705206881358,-1.438804556053287,0.3725339181127585
Station 1,127070.0,5702.468667845552,-1.4089192210509471,0.3759002850414812
Station 1,127080.0,5688.527805976275,-1.3787736414367202,0.37921033440799967
Station 1,127090.0,5674.89274095573,-1.3483804550234324,0.38246266591638645
Station 1,127100.0,5661.562136332738,-1.3177287324122995,0.3856558789412932
Station 1,127110.0,5648.540590922893,-1.2868366600639574,0.3887885741304807
Station 1,127120.0,5635.8266516969725,-1.2557009477946528,0.39185935506253833
Station 1,127130.0,5623.427349642068,-1.2243282030950247,0.3948668299575428
Station 1,127140.0,5611.339973841628,-1.1927180690675019,0.3978096134379714
Station 1,127150.0,5599.573680380289,-1.1608807790762157,0.4006863283369054
Station 1,127160.0,5588.123834913171,-1.128817444605643,0.4034956075502057
Station 1,127170.0,5576.9972128886175,-1.0965371529114358,0.4062360959290181
Station 1,127180.0,5566.193316737055,-1.06404263384755,0.4089064522086285
Station 1,127190.0,5555.71751214957,-1.0313333915341047,0.41150535096936747
Station 1,127200.0,5545.569706524411,-0.9984259144026916,0.41403148462493483
Station 1,127210.0,5535.750236600182,-0.9653218077389242,0.41648356543321063
Station 1,127220.0,5526.263241086409,-0.9320207149673604,0.4188603275243176
Station 1,127230.0,5517.109227397286,-0.8985352890667964,0.421160528940415
Station 1,127240.0,5508.292872013966,-0.8648698150548974,0.4233829536814376
Station 1,127250.0,5499.811844668704,-0.8310316114134965,0.42552641375075784
Station 1,127260.0,5491.672144158478,-0.7970241949213582,0.4275897511945102
Station 1,127270.0,5483.871843025924,-0.7628579167042072,0.42957184012814026
Station 1,127280.0,5476.415400828744,-0.7285363099871502,0.4314715887433158
Station 1,127290.0,5469.304321798758,-0.6940677880833889,0.4332879412692019
Station 1,127300.0,5462.534596259133,-0.6594602561149646,0.43501987993654023
Station 1,127310.0,5456.113175952471,-0.6247178224625852,0.43666642689266727
Station 1,127320.0,5450.0391578404,-0.5898529395080689,0.4382266460526876
Station 1,127330.0,5444.31749787744,-0.5548671294715557,0.43969964490634716
Station 1,127340.0,5438.94242257691,-0.5197691532684487,0.4410845762641253
Station 1,127350.0,5433.922597980555,-0.48457118169947794,0.4423806399357688
Station 1,127360.0,5429.252535214443,-0.4492791201575554,0.44358708433464333
Station 1,127370.0,5424.935704287999,-0.41389694352644213,0.44470320800145136
Station 1,127380.0,5420.973832278829,-0.37843706700129176,0.4457283610411003
Station 1,127390.0,5417.368903894721,-0.3429063857119101,0.4466619464667644
Station 1,127400.0,5414.117683004212,-0.30730929623709896,0.4475034214454963
Station 1,127410.0,5411.222387903745,-0.27166112506094087,0.4482522984400981
Station 1,127420.0,5408.685427308464,-0.23596426180695598,0.44890814624233993
Station 1,127430.0,5406.504090289174,-0.20022846838248792,0.44947059089304875
Station 1,127440.0,5404.678988765242,-0.1644614025395041,0.4499393164850209
Station 1,127450.0,5403.213393190157,-0.12867475576551365,0.450314065845268
Station 1,127460.0,5402.106579897547,-0.09287274470364747,0.4505946410934997
Station 1,127470.0,5401.356205572804,-0.05706812289062752,0.45078090407440885
Station 1,127480.0,5400.965200559589,-0.021264927161444864,0.45087277666179987
Station 1,127490.0,5400.931638081327,0.01452746077172706,0.4508702409332026
Station 1,127500.0,5401.254487820329,0.05029832125496538,0.45077333921419194
Station 1,127510.0,5401.937400999596,0.0860440190362429,0.4505821739922141
Station 1,127520.0,5402.9754500457675,0.12174818277264704,0.4502969077003178
Station 1,127530.0,5404.373315291854,0.15741093041850432,0.4499177623717716
Station 1,127540.0,5406.12381125975,0.1930177408800933,0.44944501916712665
Station 1,127550.0,5408.2305211650755,0.22856373929863916,0.44887901777585004
Station 1,127560.0,5410.695754148454,0.26404062152654956,0.4482201556952069
Station 1,127570.0,5413.511653640437,0.29943824754673726,0.44746888738959884
Station 1,127580.0,5416.684580228847,0.33474973385123213,0.44662572333406975
Station 1,127590.0,5420.208468550674,0.36997093281408855,0.44569122894616997
Station 1,127600.0,5424.0811864848,0.40508602276055145,0.4446660234108128
Station 1,127610.0,5428.307885305836,0.4400931481152738,0.4435507784031798
Station 1,127620.0,5432.886097173844,0.4749821785959982,0.442346216715088
Station 1,127630.0,5437.8079329779885,0.5097494379062448,0.4410531107905948
Station 1,127640.0,5443.078444969179,0.5443799280146271,0.4396722811768865
Station 1,127650.0,5448.695025210193,0.5788743392196625,0.4382045948883808
Station 1,127660.0,5454.655423423164,0.6132192893733767,0.4366509636927732
Station 1,127670.0,5460.959212315024,0.6474119780276537,0.43501234237903463
Station 1,127680.0,5467.60290834066,0.6814428419555484,0.4332897269184342
Station 1,127690.0,5474.586946106344,0.715307394511437,0.4314841525881439
Station 1,127700.0,5481.909993062876,0.7489955724868076,0.4295966920513684
Station 1,127710.0,5489.565542346706,0.782504587836816,0.4276284533997244
Station 1,127720.0,5497.557818169945,0.8158258018131067,0.4255805781647782
Station 1,127730.0,5505.8815738716075,0.8489538637557315,0.42345423930556647
Station 1,127740.0,5514.537838104225,0.8818823445033318,0.4212506391788183
Station 1,127750.0,5523.518853097118,0.9146074465762942,0.41897100749845295
Station 1,127760.0,5532.827376018598,0.9471191292071133,0.4166165992907373
Station 1,127770.0,5542.459573085078,0.9794130754162795,0.41418869285131016
Station 1,127780.0,5552.415729009527,1.0114886441813298,0.4116885877100185
Station 1,127790.0,5562.690933150127,1.0433376491458657,0.4091176026092719
Station 1,127800.0,5573.280603248383,1.0749534260799607,0.4064770735013782
Station 1,127810.0,5584.188148960984,1.1063325034953735,0.4037683515699645
Station 1,127820.0,5595.406784621204,1.1374682360092871,0.4009928012803561
Station 1,127830.0,5606.935285623353,1.1683613868747107,0.39815179846342685
Station 1,127840.0,5618.774372024517,1.1990026988858522,0.3952467284371348
Station 1,127850.0,5630.9168407449215,1.2293925462247997,0.39227898416960105
Station 1,127860.0,5643.3613494445935,1.259521170837951,0.38924996448729166
Station 1,127870.0,5656.104907618409,1.2893897150756515,0.3861610723314986
Station 1,127880.0,5669.147272975067,1.3189914797255342,0.3830137130659962
Station 1,127890.0,5682.485822863395,1.3483279417813632,0.37980929283842074
Station 1,127900.0,5696.113341622539,1.3773915799932075,0.3765492169975966
Station 1,127910.0,5710.03102427321,1.4061817737014788,0.37323488856870607
Station 1,127920.0,5724.234814790648,1.4346931375874838,0.36986770678790853
Station 1,127930.0,5738.722373181502,1.4629237352422684,0.36644906569769725
Station 1,127940.0,5753.49356691425,1.4908713954747037,0.3629803528040101
Station 1,127950.0,5768.541387705557,1.5185385478131925,0.3594629477958249
Station 1,127960.0,5783.861959360624,1.545914685255899,0.3558982213277132
Station 1,127970.0,5799.459247225695,1.5730020816924362,0.35228753386557643
Station 1,127980.0,5815.322647369596,1.5998011404104775,0.34863223459555365
Station 1,127990.0,5831.454120017248,1.6263064805277037,0.34493366039586815
Station 1,128000.0,5847.848915041107,1.6525192706495484,0.3411931348711854
Station 1,128010.0,5864.503407012296,1.678437880717959,0.33741196744884017
Station 1,128020.0,5881.417717239728,1.704059360822865,0.3335914525171689
Station 1,128030.0,5898.582769959297,1.7293838850118293,0.32973286865105333
Station 1,128040.0,5916.001865648808,1.7544090663938918,0.3258374779051387
Station 1,128050.0,5933.669460433375,1.779139238500013,0.3219065251340523
Station 1,128060.0,5951.5852910804015,1.8035694812164287,0.31794123738218394
Station 1,128070.0,5969.741086623328,1.827695312156876,0.3139428233282781
Station 1,128080.0,5988.136041442104,1.851524547106723,0.3099124727833011
Station 1,128090.0,6006.770633470656,1.875054408227836,0.3058513562399567
Station 1,128100.0,6025.637235575135,1.8982816537513771,0.30176062447216667
Station 1,128110.0,6044.732895830912,1.9212092539412906,0.2976414081827852
Station 1,128120.0,6064.0614447904345,1.9438387100131318,0.2934948176977625
Station 1,128130.0,6083.6098136953515,1.966168403929272,0.28932194270494094
Station 1,128140.0,6103.381190478161,1.9881949310853957,0.28512385203566853
Station 1,128150.0,6123.373932003723,2.0099264517042736,0.28090159348736093
Station 1,128160.0,6143.5806780603525,2.031359104057208,0.27665619368517347
Station 1,128170.0,6164.000167131396,2.052494988631414,0.2723886579809278
Station 1,128180.0,6184.629835914236,2.0733317122528976,0.26809997038745903
Station 1,128190.0,6205.465988651042,2.0938742425638917,0.2637910935465482
Station 1,128200.0,6226.5060338919975,2.1141213895660362,0.25946296872865127
Station 1,128210.0,6247.745925663291,2.134074104350866,0.2551165158626355
Station 1,128220.0,6269.185219692041,2.15373632044983,0.25075263359378935
Station 1,128230.0,6290.821614439569,2.1731044973215656,0.24637219936838645
Station 1,128240.0,6312.64635786155,2.1921834335868384,0.24197606954314824
Station 1,128250.0,6334.6622613849195,2.210977036594191,0.2375650795179597
Station 1,128260.0,6356.8648700517415,2.229478773761578,0.23314004389027268
Station 1,128270.0,6379.251390405227,2.2476975027939656,0.2287017566296482
Station 1,128280.0,6401.819586071159,2.2656289249339068,0.22425099127095854
Station 1,128290.0,6424.563678143688,2.283280246900402,0.21978850112481196
Station 1,128300.0,6447.482510066662,2.300646848336608,0.21531501950381002
Station 1,128310.0,6470.576411390569,2.3177388309318228,0.2108312599633134
Station 1,128320.0,6493.836619920691,2.3345502545538084,0.20633791655542805
Station 1,128330.0,6517.264697328228,2.351088542264849,0.20183566409499223
Station 1,128340.0,6540.858549463109,2.3673503807039085,0.19732515843638654
Station 1,128350.0,6564.612348426175,2.3833420777883254,0.19280703676004615
Station 1,128360.0,6588.52482132833,2.39905979903811,0.18828191786760967
Station 1,128370.0,6612.591210616885,2.414513436650044,0.18375040248468458
Station 1,128380.0,6636.812860810673,2.4296989051714615,0.17921307357026517
Station 1,128390.0,6661.183414495033,2.4446211153793627,0.174670496618828
Station 3,129930.0,6647.90567211023,-3.5969225820593422,0.1770239741509565
Station 3,129940.0,6611.959422693016,-3.592457056212894,0.18374635167825293
Station 3,129950.0,6576.058410760667,-3.5877953735371464,0.1905108424227214
Station 3,129960.0,6540.205411591477,-3.582935830776348,0.19731808073347745
Station 3,129970.0,6504.400520011689,-3.5778784170965117,0.20416871090351235
Station 3,129980.0,6468.646465696246,-3.572617943047769,0.21106338726175097
Station 3,129990.0,6432.949791257887,-3.5671475544879407,0.2180027742604912
Station 3,130000.0,6397.305943800165,-3.5614661458695274,0.2249875465577497
Station 3,130010.0,6361.721297930957,-3.5555689257564502,0.23201838909401787
Station 3,130020.0,6326.196021584973,-3.549455763540737,0.23909599716289406
Station 3,130030.0,6290.730329839556,-3.5431191984816492,0.24622107647502822
Station 3,130040.0,6255.334622376547,-3.536555547886886,0.25339434321477594
Station 3,130050.0,6220.00102428505,-3.529759378035607,0.2606165240889275
Station 3,130060.0,6184.739407687032,-3.5227304418663485,0.26788835636683056
Station 3,130070.0,6149.548791579224,-3.515460818694878,0.27521058791119074
Station 3,130080.0,6114.431822363937,-3.507949629024464,0.28258397719879197
Station 3,130090.0,6079.390676193407,-3.5001872347399,0.29000929333032494
Station 3,130100.0,6044.428131076025,-3.49217624243104,0.2974873160284744
Station 3,130110.0,6009.547718528333,-3.483905631291793,0.3050188356233631
Station 3,130120.0,5974.752312722346,-3.475372176286855,0.31260465302439666
Station 3,130130.0,5940.041345378455,-3.4665727799649817,0.3202455796775036
Station 3,130140.0,5905.419303687163,-3.4575025687119494,0.32794243750670576
Station 3,130150.0,5870.890815263467,-3.448155695484423,0.3356960588388958
Station 3,130160.0,5836.459026145588,-3.4385257557389535,0.34350728631064065
Station 3,130170.0,5802.121826542545,-3.42860833706647,0.351376972755764
Station 3,130180.0,5767.887948954813,-3.418401056148354,0.35930598107239226
Station 3,130190.0,5733.755532943769,-3.4078959940205595,0.36729518406808526
Station 3,130200.0,5699.729413172355,-3.3970843340513737,0.37534546428160437
Station 3,130210.0,5665.813197225633,-3.3859647582637575,0.3834577137797658
Station 3,130220.0,5632.011624127784,-3.374529045651882,0.3916328339278389
Station 3,130230.0,5598.324921026539,-3.362774402829461,0.3998717351317283
Station 3,130240.0,5564.757397297562,-3.350692595316722,0.40817533654709015
Station 3,130250.0,5531.31102774468,-3.3382785713524927,0.4165445657416838
Station 3,130260.0,5497.992583569926,-3.325523408493148,0.42498035837108095
Station 3,130270.0,5464.803166964757,-3.312425050136921,0.433483657779972
Station 3,130280.0,5431.744684989347,-3.298974194124642,0.44205541457197206
Station 3,130290.0,5398.824221453505,-3.285165554771275,0.4506965861426441
Station 3,130300.0,5366.044392315576,-3.2709892689798137,0.4594081361701372
Station 3,130310.0,5333.405630998655,-3.2564437773065493,0.4681910340610652
Station 3,130320.0,5300.916909778013,-3.241519198797224,0.4770462543491484
Station 3,130330.0,5268.576808926468,-3.2262105651617765,0.4859747760440601
Station 3,130340.0,5236.393378737634,-3.2105068726033954,0.4949775819277986
Station 3,130350.0,5204.369595769263,-3.1944059302726684,0.5040556577958218
Station 3,130360.0,5172.507289230561,-3.177896039759599,0.5132099916400694
Station 3,130370.0,5140.812948167913,-3.1609730805404426,0.5224415727708996
Station 3,130380.0,5109.287331518026,-3.143629622589365,0.5317513908748609
Station 3,130390.0,5077.940666746627,-3.1258562511902497,0.5411404350051161
Station 3,130400.0,5046.773376873879,-3.1076441762825175,0.5506096925012302
Station 3,130410.0,5015.7897436344965,-3.0889887586535587,0.5601601478349271
Station 3,130420.0,4984.99435856843,-3.069885639010048,0.5697927813783153
Station 3,130430.0,4954.394214447532,-3.050317017268036,0.5795085680909703
Station 3,130440.0,4923.989465737413,-3.03028398398916,0.5893084761221608
Station 3,130450.0,4893.789170180821,-3.0097740432222873,0.5991934653243844
Station 3,130460.0,4863.796045963801,-2.988779663394908,0.6091644856742798
Station 3,130470.0,4834.014870821484,-2.967293343705947,0.6192224755968492
Station 3,130480.0,4804.451368979738,-2.945311315716814,0.6293683601888204
Station 3,130490.0,4775.111610272409,-2.9228184032536744,0.6396030493368449
Station 3,130500.0,4745.997543120563,-2.8998146902769197,0.6499274357260948
Station 3,130510.0,4717.117697787136,-2.876282696894657,0.6603423927346765
Station 3,130520.0,4688.472841644754,-2.852219439095891,0.6708487722091236
Station 3,130530.0,4660.0724013570025,-2.8276180801453146,0.6814474021160599
Station 3,130540.0,4631.921904634214,-2.8024686231485156,0.6921390840649174
Station 3,130550.0,4604.025124397621,-2.776763119157822,0.7029245906963525
Station 3,130560.0,4576.389834711504,-2.750493056985256,0.7138046629308227
Station 3,130570.0,4549.01668468647,-2.723655256791744,0.7247800070713291
Station 3,130580.0,4521.916763811928,-2.6962379567059758,0.7358512917541031
Station 3,130590.0,4495.094767205858,-2.6682328925469547,0.7470191447405204
Station 3,130600.0,4468.552509168744,-2.6396352636449008,0.7582841495424523
Station 3,130610.0,4442.303915563284,-2.610436811816141,0.769646841857302
Station 3,130620.0,4416.348176779016,-2.580628425760647,0.7811077058569421
Station 3,130630.0,4390.691117535695,-2.550209171171118,0.7926671702662381
Station 3,130640.0,4365.347781322095,-2.5191660466314896,0.8043256042310245
Station 3,130650.0,4340.311741722771,-2.4874955553013582,0.8160833129782747
Station 3,130660.0,4315.599269959203,-2.455192045680442,0.8279405332476525
Station 3,130670.0,4291.2130850471885,-2.42224927445029,0.8398974284786512
Station 3,130680.0,4267.155535726846,-2.3886613776076073,0.8519540837350378
Station 3,130690.0,4243.4386819631745,-2.3544242209810573,0.8641105003452815
Station 3,130700.0,4220.070091320187,-2.3195284686356876,0.876366590233921
Station 3,130710.0,4197.0514862796135,-2.283978944202799,0.8887221699143008
Station 3,130720.0,4174.39235502109,-2.247763003764836,0.901176954107576
Station 3,130730.0,4152.097784983642,-2.210884849923678,0.9137305489461263
Station 3,130740.0,4130.175554526712,-2.173333300408125,0.9263824447112639
Station 3,130750.0,4108.634241326515,-2.135110357331764,0.9391320080449982
Station 3,130760.0,4087.4762265045197,-2.09621713992673,0.9519784735632368
Station 3,130770.0,4066.7122174398855,-2.056644580340651,0.96492093478256
Station 3,130780.0,4046.345445277601,-2.0164013882449003,0.9779583342540152
Station 3,130790.0,4026.3844478945603,-1.975480439457621,0.9910894527742231
Station 3,130800.0,4006.8373939896933,-1.9338880301789045,1.0043128975155908
Station 3,130810.0,3987.7110480262654,-1.891622072251747,1.0176270888819665
Station 3,130820.0,3969.0092788445922,-1.8486820596608662,1.0310302458520213
Station 3,130830.0,3950.7389416937503,-1.805080325785312,1.0445203695176368
Station 3,130840.0,3932.908419575896,-1.7608097857271419,1.058095224455575
Station 3,130850.0,3915.524979177192,-1.7158822365179889,1.0717523174839052
Station 3,130860.0,3898.5925185051365,-1.670301280115696,1.0854888732448211
Station 3,130870.0,3882.1203160821237,-1.6240737107836936,1.0993018059159338
Station 3,130880.0,3866.1142285849896,-1.5772060274450932,1.1131876861738124
Station 3,130890.0,3850.580166281595,-1.5297067681140752,1.1271427023044907
Station 3,130900.0,3835.522384005555,-1.4815863072241746,1.141162614059668
Station 3,130910.0,3820.950218884426,-1.432851626496439,1.15524269747274
Station 3,130920.0,3806.866931410599,-1.3835173757076493,1.169377678345244
Station 3,130930.0,3793.281785323264,-1.3335952647470932,1.1835616514518186
Station 3,130940.0,3780.1967969709845,-1.2830953724174177,1.1977879816330395
Station 3,130950.0,3767.6227103412407,-1.232034597715999,1.2120491817728696
Station 3,130960.0,3755.558602263679,-1.1804284051511604,1.2263367610813651
Station 3,130970.0,3744.014308682243,-1.1282904080797305,1.2406410349653703
Station 3,130980.0,3732.996989593643,-1.075642897745139,1.2549508848869275
Station 3,130990.0,3722.505307718366,-1.0224990630406185,1.2692534525967136
Station 3,131000.0,3712.5447500643772,-0.9688789567996835,1.2835337476524453
Station 3,131010.0,3703.128093338521,-0.9148028815923858,1.2977741395627576
Station 3,131020.0,3694.2533366228076,-0.8602914899793667,1.3119536953613617
Station 3,131030.0,3685.9229299119993,-0.805368899019695,1.3260473088693703
Station 3,131040.0,3678.1437590768646,-0.7500563953516283,1.3400245479135395
Station 3,131050.0,3670.922155727708,-0.6943758956367706,1.3538481187678928
Station 3,131060.0,3664.257649131938,-0.6383561882242802,1.367471811854303
Station 3,131070.0,3658.1573674430615,-0.5820145281347952,1.3808377499088202
Station 3,131080.0,3652.620184430176,-0.5253873828156025,1.3938727156897006
Station 3,131090.0,3647.6487935608848,-0.46849219199387043,1.4064833116403284
Station 3,131100.0,3643.251036210626,-0.41136196746598164,1.4185497527212625
Station 3,131110.0,3639.4222526103717,-0.3540226594974265,1.4299183383053053
Station 3,131120.0,3636.1708783902695,-0.29649922364522785,1.4403933312742019
Station 3,131130.0,3633.4931569317364,-0.23882484205680646,1.4497304747006878
Station 3,131140.0,3631.395516804367,-0.1810273859027947,1.4576370281929114
Station 3,131150.0,3629.8734436791824,-0.12313343460824284,1.4637864493867612
Station 3,131160.0,3628.932762391764,-0.06517351906152571,1.4678565346090757
Station 3,131170.0,3628.5688409711515,-0.007178860063404218,1.46959174384665
Station 3,131180.0,3628.789521609088,0.050820572894417104,1.4688710029214562
Station 3,131190.0,3629.5854231732183,0.10879666833471231,1.4657456410407605
Station 3,131200.0,3630.964506006687,0.16672202022600782,1.4604228566117834
Station 3,131210.0,3632.922003823814,0.22456068326354042,1.453205806148042
Station 3,131220.0,3635.45483010315,0.28228836681144015,1.4444254321492456
Station 3,131230.0,3638.5671544611055,0.3398740501472519,1.4343914745170805
Station 3,131240.0,3642.252041804695,0.3972906653803947,1.4233689417714415
Station 3,131250.0,3646.5121775039547,0.45450891788947567,1.4115731438165509
Station 3,131260.0,3651.3428601925575,0.5114985055096269,1.3991742551847635
Station 3,131270.0,3656.7408575580957,0.5682360970257401,1.3863051531751502
Station 3,131280.0,3662.7063018244453,0.6246941458138533,1.3730693436770107
Station 3,131290.0,3669.23532572268,0.6808449630700626,1.3595477479664901
Station 3,131300.0,3676.322265398693,0.7366617520267303,1.3458040938849765
Station 3,131310.0,3683.9641756934593,0.7921250975652195,1.3318890430778678
Station 3,131320.0,3692.1625726546436,0.8472075654468119,1.317843295545679
Station 3,131330.0,3700.9082684173086,0.901887163240657,1.3036999090939827
Station 3,131340.0,3710.197595305726,0.9561387397255686,1.2894860313504657
Station 3,131350.0,3720.0289337182867,1.0099452638833932,1.2752241973806657
Station 3,131360.0,3730.3937230984434,1.0632794361539948,1.2609333071659423
Station 3,131370.0,3741.2915497207996,1.116131187865474,1.2466293669717095
Station 3,131380.0,3752.7173893370777,1.1684772428046015,1.2323260558909641
Station 3,131390.0,3764.6607880032234,1.2203009568499756,1.2180351622261851
Station 3,131400.0,3777.120716920125,1.2715855726491538,1.2037669223342609
Station 3,131410.0,3790.0906496800458,1.3223118894142312,1.1895302858705927
Station 3,131420.0,3803.564788705747,1.3724701554769674,1.1753331250944858
Station 3,131430.0,3817.5375756968733,1.422045393505616,1.161182401352914
Station 3,131440.0,3832.004877633561,1.4710281104533967,1.1470842985510794
Station 3,131450.0,3846.956688828833,1.519402068923261,1.133044330995634
Station 3,131460.0,3862.3914693978163,1.567155084596327,1.1190674312110276
Station 3,131470.0,3878.296808799713,1.6142833202691385,1.1051580220048811
Station 3,131480.0,3894.6743257024773,1.6607769807156403,1.0913200760687187
Station 3,131490.0,3911.512074519891,1.7066270398847425,1.0775571656560468
Station 3,131500.0,3928.8038025827655,1.7518255074240103,1.0638725043160755
Station 3,131510.0,3946.5447784507787,1.7963677327728909,1.0502689822316194
Station 3,131520.0,3964.73036093869,1.8402502515994972,1.0367491963800142
Station 3,131530.0,3983.3493224277363,1.8834656190884935,1.0233154764813237
Station 3,131540.0,4002.397302861303,1.9260163236545225,1.0099699075004402
Station 3,131550.0,4021.8672691492966,1.9678935859477753,0.9967143493153018
Station 3,131560.0,4041.752387306291,2.009096187380031,0.9835504540422305
Station 3,131570.0,4062.0459511023523,2.04962782904073,0.9704796814137485
Station 3,131580.0,4082.7437171578904,2.0894832948086517,0.9575033125283863
Station 3,131590.0,4103.835557760992,2.1286673188995575,0.9446224622316598
Station 3,131600.0,4125.314502592831,2.1671754656416886,0.9318380903389475
Station 3,131610.0,4147.176673409662,2.2050151471655237,0.9191510118725067
Station 3,131620.0,4169.409820291638,2.2421860811673273,0.9065619064533998
Station 3,131630.0,4192.016409207983,2.2786893839489903,0.8940713269640493
Station 3,131640.0,4214.982587968764,2.314525843710581,0.8816797075766518
Station 3,131650.0,4238.30364345054,2.349707613130116,0.8693873712261354
Station 3,131660.0,4261.972890009365,2.3842307103648874,0.8571945365928128
Station 3,131670.0,4285.988006414722,2.418105443594655,0.8451013246489107
Station 3,131680.0,4310.335845296597,2.4513331793253728,0.8331077648141554
Station 3,131690.0,4335.010905169933,2.4839196958276792,0.8212138007549964
Station 3,131700.0,4360.010717787535,2.5158704503754654,0.8094192958410682
Station 3,131710.0,4385.326247490693,2.5471941099838578,0.7977240383638787
Station 3,131720.0,4410.952016225203,2.577893700512996,0.7861277464437476
Station 3,131730.0,4436.882666158795,2.6079756869858888,0.7746300726875627
Station 3,131740.0,4463.112583615633,2.63745135550332,0.7632306086155308
Station 3,131750.0,4489.629593766478,2.666323176286874,0.7519288888672659
Station 3,131760.0,4516.435193472775,2.6945992151359075,0.7407243952000047
Station 3,131770.0,4543.52020816388,2.722287003497562,0.7296165602902227
Station 3,131780.0,4570.878508309248,2.749394808875282,0.7186047713487093
Station 3,131790.0,4598.506442026205,2.7759265645092976,0.7076883735581181
Station 3,131800.0,4626.39545690371,2.801895208231425,0.6968666733412209
Station 3,131810.0,4654.5424722767075,2.827303843846043,0.6861389414673623
Station 3,131820.0,4682.939491336554,2.852166250431935,0.6755044160040716
Station 3,131830.0,4711.582321265223,2.8764847293139013,0.6649623051203042
Station 3,131840.0,4740.46769457521,2.9002699091931974,0.6545117897473928
Station 3,131850.0,4769.587593524611,2.9235263586241214,0.6441520261034595
Station 3,131860.0,4798.935385567886,2.9462679137855265,0.633882148086752
Station 3,131870.0,4828.509206228229,2.9684990197025956,0.6237012695431315
Station 3,131880.0,4858.304954512434,2.9902251044750803,0.6136084864127271
Station 3,131890.0,4888.313359162617,3.0114598074344725,0.603602878760584
Station 3,131900.0,4918.532066331958,3.0322077071826694,0.5936835126959782
Station 3,131910.0,4948.955795145248,3.0524769173056643,0.5838494421849001
Station 3,131920.0,4979.579387016785,3.0722768522087995,0.5740997107600934
Station 3,131930.0,5010.4017212739745,3.0916132261611744,0.5644333531329042
Station 3,131940.0,5041.408738479788,3.1104978043640066,0.5548493967110151
Station 3,131950.0,5072.608513855178,3.12893316090491,0.5453468630261412
Station 3,131960.0,5103.988039132699,3.1469310510613813,0.53592476907552
Station 3,131970.0,5135.54629286302,3.164494264465901,0.5265821285809972
Station 3,131980.0,5167.277066760298,3.1816344767315314,0.5173179531693686
Station 3,131990.0,5199.17730930992,3.1983569985103277,0.5081312534775346
Station 3,132000.0,5231.24140640289,3.2146738525487746,0.49902104018592486
Station 3,132010.0,5263.46797958108,3.2305889131502865,0.4899863249835233
Station 3,132020.0,5295.853434916428,3.2461053340084782,0.4810261214677408
Station 3,132030.0,5328.389586089954,3.261234252168427,0.47213944598226
Station 3,132040.0,5361.076173765802,3.275982806974171,0.4633253183958792
Station 3,132050.0,5393.90940419213,3.290358732183372,0.45458276282413856
Station 3,132060.0,5426.882769486478,3.3043655058318664,0.4459108082739528
Station 3,132070.0,5459.992825412643,3.318013528871705,0.43730848928810157
Station 3,132080.0,5493.242460637685,3.331305054496268,0.42877484651638614
Station 3,132090.0,5526.618906833621,3.344249822449183,0.4203089272327179
Station 3,132100.0,5560.124889839293,3.3568516590692936,0.411909785816603
Station 3,132110.0,5593.75517450732,3.369121294021888,0.4035764841937978
Station 3,132120.0,5627.5087523734255,3.3810619757358213,0.3953080922383599
Station 3,132130.0,5661.376440607695,3.392679597857727,0.3871036881382251
Station 3,132140.0,5695.360965860546,3.403976485524521,0.37896235872635586
Station 3,132150.0,5729.454408390224,3.41496458740182,0.37088319977941187
Station 3,132160.0,5763.657359329555,3.425647673036964,0.36286531628582175
Station 3,132170.0,5797.96705270189,3.436029643540178,0.3549078226850359
Station 3,132180.0,5832.377229808369,3.4461171398326194,0.3470098430796703
Station 3,132190.0,5866.887209053307,3.455914781302465,0.3391705114221747
Station 3,132200.0,5901.493475634493,3.465428913444117,0.3313889716775706
Station 3,132210.0,5936.195960699247,3.474665745376046,0.3236643779637459
Station 3,132220.0,5970.987906823313,3.4836278090619244,0.3159958946707127
Station 3,132230.0,6005.866420024265,3.4923188301372763,0.30838269656016626
Station 3,132240.0,6040.828245458449,3.5007469304874763,0.30082396884662593
Station 3,132250.0,6075.881257903647,3.508918897572808,0.2933189072613611
Station 3,132260.0,6111.008586638723,3.5168330902676437,0.2858667181002591
Station 3,132270.0,6146.215716206739,3.524496401694138,0.2784666182567175
Station 3,132280.0,6181.498165711217,3.5319160249121575,0.27111783524061656
Station 3,132290.0,6216.854399133634,3.539096972282154,0.26381960718430275
Station 3,132300.0,6252.28110224144,3.5460366428400576,0.25657118283657665
Station 3,132310.0,6287.772966342699,3.5527446042299564,0.24937182154551304
Station 3,132320.0,6323.336371127184,3.5592283212542077,0.2422207932309662
Station 3,132330.0,6358.958728050965,3.5654835547927917,0.2351173783475387
Station 3,132340.0,6394.643629987033,3.5715197454001677,0.22806086783875754
Station 3,132350.0,6430.386672559998,3.5773375427055942,0.22105056308315696
Station 3,132360.0,6466.189754407138,3.5829411354176433,0.2140857758329262
Station 3,132370.0,6502.045585176877,3.5883389096266805,0.20716582814574744
Station 3,132380.0,6537.957438868939,3.5935304137482915,0.20029005231041092
Station 3,132390.0,6573.917270522335,3.5985177517682194,0.1934577907667534
Station 3,132400.0,6609.925099540029,3.603307218363108,0.18666839602044846
Station 3,132410.0,6645.981775035942,3.607902799913734,0.1799212305531297
Station 3,140850.0,6634.187174695968,-3.389099218188484,0.18033529867619089
Station 3,140860.0,6600.339477271109,-3.3809135142460813,0.18669341248545623
Station 3,140870.0,6566.571181909884,-3.372486534337316,0.19308126893754682
Station 3,140880.0,6532.889075077992,-3.363816992925862,0.19949907989943844
Station 3,140890.0,6499.295988125708,-3.3548966683118655,0.20594705152079182
Station 3,140900.0,6465.793184544702,-3.3457247541594204,0.2124253837083922
Station 3,140910.0,6432.383026216697,-3.3362927844837316,0.2189342695819722
Station 3,140920.0,6399.066235480518,-3.326601915814002,0.22547389490033146
Station 3,140930.0,6365.849483514367,-3.316650527179733,0.23204443745641373
Station 3,140940.0,6332.7350329238,-3.306428429951439,0.2386460664398453
Station 3,140950.0,6299.723472377236,-3.295935515687828,0.2452789417654796
Station 3,140960.0,6266.815951267614,-3.285161931385866,0.25194321336639075
Station 3,140970.0,6234.0214050462355,-3.2741095270139584,0.25863902044969855
Station 3,140980.0,6201.33669544692,-3.26276917991906,0.2653664907135679
Station 3,140990.0,6168.76508849159,-3.25114293516585,0.2721257395236457
Station 3,141000.0,6136.31539664087,-3.2392192752221893,0.27891686904715585
Station 3,141010.0,6103.981999248742,-3.2269985958311604,0.28573996734279605
Station 3,141020.0,6071.773411403906,-3.214470637721021,0.2925951074045328
Station 3,141030.0,6039.693280540414,-3.2016372106855435,0.29948234615731584
Station 3,141040.0,6007.742424208514,-3.1884917312820567,0.30640172340268673
Station 3,141050.0,5975.92601960863,-3.1750283218384374,0.31335326071218417
Station 3,141060.0,5944.245824377419,-3.1612396073872797,0.32033696026639363
Station 3,141070.0,5912.702931266844,-3.147125389175865,0.3273528036374326
Station 3,141080.0,5881.304164936448,-3.132677197871913,0.3344007505126047
Station 3,141090.0,5850.050525392097,-3.117896654339532,0.3414807373568999
Station 3,141100.0,5818.944972534732,-3.1027689423652407,0.3485926760119694
Station 3,141110.0,5787.994784012841,-3.087293203548434,0.3557364522291587
Station 3,141120.0,5757.201433058652,-3.071465814582235,0.36291192413413265
Station 3,141130.0,5726.567660139106,-3.0552821398383787,0.3701189206205973
Station 3,141140.0,5696.0963094805975,-3.038734933697198,0.3773572396705809
Station 3,141150.0,5665.79279382121,-3.021820489120673,0.3846266465987223
Station 3,141160.0,5635.660019601933,-3.0045310107712786,0.3919268722179959
Station 3,141170.0,5605.704711648348,-2.9868632846658816,0.3992576109242861
Station 3,141180.0,5575.926261461184,-2.968813251018954,0.4066185186972457
Station 3,141190.0,5546.331192844441,-2.9503738019761134,0.41400921101487553
Station 3,141200.0,5516.918816737466,-2.9315417308963756,0.42142926067929865
Station 3,141210.0,5487.699788711933,-2.9123070317569213,0.42887819555125506
Station 3,141220.0,5458.673798432201,-2.8926678722591093,0.4363554961908948
Station 3,141230.0,5429.8477329788575,-2.872619095621365,0.4438605933955874
Station 3,141240.0,5401.224618666142,-2.8521531434564755,0.4513928656345015
Station 3,141250.0,5372.80663927763,-2.831265129245677,0.45895163642330433
Station 3,141260.0,5344.60034618187,-2.809954221205016,0.4665361715540797
Station 3,141270.0,5316.6087947240385,-2.788212116359872,0.47414567623408443
Station 3,141280.0,5288.83663231586,-2.766030533844098,0.48177929212008913
Station 3,141290.0,5261.290327076283,-2.743408138720634,0.48943609424604434
Station 3,141300.0,5233.969508705604,-2.720342440570449,0.49711508784316616
Station 3,141310.0,5206.884989180565,-2.696819445243429,0.504815205051962
Station 3,141320.0,5180.035053823789,-2.672845554487302,0.512535301526115
Station 3,141330.0,5153.4289971938215,-2.6484064372101224,0.5202741529286637
Station 3,141340.0,5127.067878621531,-2.623501462718009,0.5280304513214419
Station 3,141350.0,5100.958733530671,-2.5981281000554657,0.5358028014494021
Station 3,141360.0,5075.108588847749,-2.5722779659088175,0.5435897169221402
Station 3,141370.0,5049.518327017535,-2.5459477466793095,0.5513896162957567
Station 3,141380.0,5024.192736298356,-2.519134228723687,0.5592008190590806
Station 3,141390.0,4999.137762249451,-2.491832175952363,0.5670215415293105
Station 3,141400.0,4974.356075193315,-2.4640391193427487,0.5748498926632292
Station 3,141410.0,4949.856766974017,-2.435749909241616,0.5826838697914297
Station 3,141420.0,4925.641291098145,-2.4069595379553985,0.5905213542843623
Station 3,141430.0,4901.719246858634,-2.3776660034587938,0.5983601071605632
Station 3,141440.0,4878.091084343957,-2.347869079253409,0.6061977646491272
Station 3,141450.0,4854.762432937886,-2.3175604208739835,0.6140318337203502
Station 3,141460.0,4831.742976493938,-2.2867420252109563,0.6218596876005306
Station 3,141470.0,4809.030304171386,-2.2554112782301297,0.6296785612891673
Station 3,141480.0,4786.634254269017,-2.223563168073874,0.6374855470992307
Station 3,141490.0,4764.55878482386,-2.191197065325237,0.645277590243866
Station 3,141500.0,4742.814990289393,-2.1583105828120166,0.6530514844957673
Station 3,141510.0,4721.39656002364,-2.124907203300562,0.6608038679485763
Station 3,141520.0,4700.316525966605,-2.090978769897425,0.6685312189130064
Station 3,141530.0,4679.577458792043,-2.0565303736683376,0.6762298519839806
Station 3,141540.0,4659.187489317977,-2.0215610602473264,0.6838959143188771
Station 3,141550.0,4639.148783184819,-1.9860681380548475,0.6915253821710037
Station 3,141560.0,4619.467746448998,-1.9500564781355714,0.6991140577266678
Station 3,141570.0,4600.147874890239,-1.9135220909429966,0.7066575662986259
Station 3,141580.0,4581.198621687248,-1.8764704017905633,0.7141513539332704
Station 3,141590.0,4562.621798872055,-1.8389029485067772,0.7215906854899333
Station 3,141600.0,4544.42247087138,-1.800820602992438,0.7289706432495054
Station 3,141610.0,4526.606011371463,-1.762231032910127,0.7362861261828066
Station 3,141620.0,4509.178108335617,-1.7231301533302419,0.7435318498697885
Station 3,141630.0,4492.147125954071,-1.683527052972234,0.7507023471974118
Station 3,141640.0,4475.512124052907,-1.643425477868783,0.7577919699158682
Station 3,141650.0,4459.279626220686,-1.6028293545175483,0.7647948911387943
Station 3,141660.0,4443.455788963884,-1.5617437128354659,0.7717051088790475
Station 3,141670.0,4428.045377049727,-1.520178710379951,0.7785164507139031
Station 3,141680.0,4413.052782060438,-1.4781359850030034,0.7852225796748337
Station 3,141690.0,4398.4838727761335,-1.4356240327832976,0.791817001457148
Station 3,141700.0,4384.343140479496,-1.3926525572157589,0.7982930730433979
Station 3,141710.0,4370.633209142161,-1.3492300074717443,0.8046440128314185
Station 3,141720.0,4357.3595013210515,-1.3053633241896194,0.8108629123528314
Station 3,141730.0,4344.526470187161,-1.2610658733715785,0.8169427496606015
Station 3,141740.0,4332.138765256442,-1.2163416886937335,0.8228764044544802
Station 3,141750.0,4320.201889648604,-1.171206552939748,0.8286566750007229
Station 3,141760.0,4308.715943252843,-1.1256682808476415,0.834276296887055
Station 3,141770.0,4297.690841161117,-1.0797431407437774,0.839727963635406
Station 3,141780.0,4287.123987345685,-1.0334419323470971,0.8450043491732523
Station 3,141790.0,4277.0241297652665,-0.9867745271773617,0.8500981321395756
Station 3,141800.0,4267.389574907227,-0.9397551778178439,0.8550020219734893
Station 3,141810.0,4258.228721155902,-0.8924049226820924,0.8597087867027441
Station 3,141820.0,4249.542429318313,-0.8447282634715494,0.8642112823159426
Station 3,141830.0,4241.3347782558685,-0.7967474902250801,0.8685024835668111
Station 3,141840.0,4233.608876277732,-0.7484739918686237,0.8725755160220402
Station 3,141850.0,4226.365821028151,-0.6999280041891855,0.8764236891266723
Station 3,141860.0,4219.612373348033,-0.6511271486217518,0.8800405300238514
Station 3,141870.0,4213.3448022178745,-0.6020800570568626,0.8834198178299777
Station 3,141880.0,4207.56988592867,-0.5528135275944055,0.8865556180330959
Station 3,141890.0,4202.286410239163,-0.5033392589436804,0.8894423166529914
Station 3,141900.0,4197.502008978508,-0.4536800672387173,0.8920746537771976
Station 3,141910.0,4193.215553492091,-0.40385038050290223,0.8944477560691942
Station 3,141920.0,4189.426935014356,-0.3538724859867606,0.8965571678346291
Station 3,141930.0,4186.138076844144,-0.3037655871809418,0.8983988802294197
Station 3,141940.0,4183.352815097345,-0.25354580418082484,0.8999693582008178
Station 3,141950.0,4181.067669915332,-0.2032354263488338,0.9012655647677753
Station 3,141960.0,4179.287455125795,-0.15285126302076119,0.9022849822595039
Station 3,141970.0,4178.009947322473,-0.1024164508842784,0.9030256302439251
Station 3,141980.0,4177.238287669797,-0.05195003732956404,0.9034860797903562
Station 3,141990.0,4176.971840335036,-0.0014703602887440501,0.9036654638644867
Station 3,142000.0,4177.208680049698,0.04900047895800272,0.9035634836903125
Station 3,142010.0,4177.953619177396,0.09944260818205398,0.9031804109689193
Station 3,142020.0,4179.197502345492,0.1498380109626163,0.9025170859168311
Station 3,142030.0,4180.948179457794,0.2001650625400744,0.9015749111559033
Station 3,142040.0,4183.202000234743,0.2504041637503391,0.9003558415550185
Station 3,142050.0,4185.956188509699,0.30053203533013234,0.8988623701891848
Station 3,142060.0,4189.212335302283,0.3505370019075239,0.8970975106420856
Station 3,142070.0,4192.966433203726,0.4003967481259758,0.8950647759320907
Station 3,142080.0,4197.219036589327,0.4500889184020199,0.892768154387769
Station 3,142090.0,4201.966625515129,0.4995951904370002,0.8902120828360865
Station 3,142100.0,4207.211328290549,0.5489039996143137,0.88740141749404
Station 3,142110.0,4212.946129261013,0.5979900527924757,0.8843414029722142
Station 3,142120.0,4219.169295189472,0.646838113435134,0.8810376398067687
Station 3,142130.0,4225.882278475776,0.6954297260696866,0.8774960509350975
Station 3,142140.0,4233.077426841024,0.7437494641423914,0.8737228475205905
Station 3,142150.0,4240.755616425502,0.7917833194094258,0.8697244945145366
Station 3,142160.0,4248.910801851135,0.8395115341575358,0.8655076763193426
Station 3,142170.0,4257.542053559007,0.8869191127325233,0.8610792628881812
Station 3,142180.0,4266.6498048413605,0.9339913951333062,0.8564462765631684
Station 3,142190.0,4276.225481200315,0.9807146661060442,0.8516158599184422
Station 3,142200.0,4286.261547508088,1.027077060004194,0.8465952448373287
Station 3,142210.0,4296.763216531748,1.073060570618092,0.8413917230151622
Station 3,142220.0,4307.722744197497,1.1186587046336476,0.836012618042257
Station 3,142230.0,4319.1362301018335,1.163853324977635,0.8304652591858502
Station 3,142240.0,4330.9978345130685,1.2086329674802843,0.8247569569561466
Station 3,142250.0,4343.306924018802,1.2529924632593938,0.8188949805104598
Station 3,142260.0,4356.0554841967105,1.2969148881805057,0.8128865369211771
Station 3,142270.0,4369.242747337657,1.3403960957722616,0.8067387523081109
Station 3,142280.0,4382.863588505281,1.3834234018147824,0.8004586548138247
Station 3,142290.0,4396.910233482298,1.425987641617416,0.7940531593817715
Station 3,142300.0,4411.378535834426,1.4680842399929543,0.7875290542813933
Station 3,142310.0,4426.270048008058,1.5097015606139392,0.7808929893116263
Station 3,142320.0,4441.5749935396025,1.5508348883337657,0.7741514655851334
Station 3,142330.0,4457.2850374543805,1.5914788915658864,0.7673108268546659
Station 3,142340.0,4473.401441001612,1.6316257108735672,0.76037725226767
Station 3,142350.0,4489.913808736167,1.6712708128061622,0.7533567504223695
Station 3,142360.0,4506.824402103532,1.710408589349232,0.7462551546683196
Station 3,142370.0,4524.122525266057,1.7490373903639223,0.7390781195439123
Station 3,142380.0,4541.803916174116,1.787151322995384,0.7318311182563811
Station 3,142390.0,4559.863240284856,1.824746956000621,0.7245194411121261
Station 3,142400.0,4578.296676110112,1.8618258800792997,0.7171481948082438
Station 3,142410.0,4597.096956968257,1.8983788468107317,0.7097223024998601
Station 3,142420.0,4616.2618625789,1.9344113007762351,0.7022465045620105
Station 3,142430.0,4635.78457804338,1.9699188294458616,0.6947253599692887
Station 3,142440.0,4655.659997857489,2.004898521667178,0.6871632482211668
Station 3,142450.0,4675.881175472882,2.0393533546287883,0.6795643717456503
Station 3,142460.0,4696.445507643404,2.0732825709004477,0.6719327587187269
Station 3,142470.0,4717.346211958083,2.106683711751741,0.6642722662417833
Station 3,142480.0,4738.576224308951,2.139560351778043,0.6565865838237986
Station 3,142490.0,4760.134019272381,2.171913168401145,0.6488792371195692
Station 3,142500.0,4782.014750841701,2.2037448158438533,0.6411535918795154
Station 3,142510.0,4804.206682024115,2.235054834914692,0.633412858070684
Station 3,142520.0,4826.711292287697,2.265844040836117,0.6256600941324115
Station 3,142530.0,4849.522073667674,2.2961164672109327,0.6178982113337386
Station 3,142540.0,4872.631730976538,2.3258781478112467,0.6101299782030347
Station 3,142550.0,4896.037317992373,2.3551269603247063,0.6023580250034578
Station 3,142560.0,4919.732921419507,2.3838661234568153,0.5945848482307727
Station 3,142570.0,4943.71391714741,2.412105098046619,0.5868128151127622
Station 3,142580.0,4967.975067562254,2.4398408360611854,0.5790441680919259
Station 3,142590.0,4992.509357417123,2.467079108936109,0.5712810292754389
Station 3,142600.0,5017.313633069203,2.4938232214273435,0.5635254048384188
Station 3,142610.0,5042.386258394738,2.5200797596931057,0.555779189368429
Station 3,142620.0,5067.7140288322635,2.5458490043961897,0.5480441701408646
Station 3,142630.0,5093.3001948322135,2.571139153337946,0.540322031316433
Station 3,142640.0,5119.136074057944,2.595952185395499,0.5326143580533172
Station 3,142650.0,5145.21692533324,2.62029452110943,0.524922640527904
Station 3,142660.0,5171.540412477609,2.644169867922481,0.5172482778590626
Station 3,142670.0,5198.099335401912,2.6675853385785335,0.5095925819320062
Station 3,142680.0,5224.889672723582,2.6905430554492167,0.5019567811133069
Station 3,142690.0,5251.907867486148,2.7130463438528953,0.49434202384217996
Station 3,142700.0,5279.149554408887,2.7351074270899094,0.4867493821745426
Station 3,142710.0,5306.607276991637,2.756723545220695,0.4791798551685553
Station 3,142720.0,5334.282632213198,2.7779023027203222,0.4716343721708918
Station 3,142730.0,5362.165875083125,2.798654272559805,0.46411379599748354
Station 3,142740.0,5390.254576135918,2.818976965560827,0.4566189260061733
Station 3,142750.0,5418.5441658877,2.8388778795918554,0.4491505010622072
Station 3,142760.0,5447.030077780968,2.8583690533351906,0.4417092023978
Station 3,142770.0,5475.711271397701,2.877446254888367,0.43429565636730644
Station 3,142780.0,5504.577026103369,2.896119520344275,0.42691043709974025
Station 3,142790.0,5533.630105773834,2.914396122803044,0.41955406905061204
Station 3,142800.0,5562.864585590188,2.9322759281401267,0.41222702945518297
Station 3,142810.0,5592.276836530082,2.949771587170222,0.40492975068540765
Station 3,142820.0,5621.859859990926,2.966881246390376,0.3976626225129144
Station 3,142830.0,5651.612763800628,2.98361482921451,0.3904259942804792
Station 3,142840.0,5681.531487369002,2.9999738428456557,0.38322017698450034
Station 3,142850.0,5711.608992986336,3.0159693667251326,0.37604544527103706
Station 3,142860.0,5741.845202095391,3.0316000116615363,0.3689020393479981
Station 3,142870.0,5772.241247564287,3.046874699920832,0.36179016681608545
Station 3,142880.0,5802.783266365865,3.061798943568245,0.3547100044211006
Station 3,142890.0,5833.475204010434,3.0763768895578187,0.3476616997302112
Station 3,142900.0,5864.311445040617,3.0906141661094604,0.34064537273476414
Station 3,142910.0,5895.285527915764,3.1045137996487906,0.33366111738219345
Station 3,142920.0,5926.399546159437,3.118082908218086,0.3267090030395555
Station 3,142930.0,5957.648228417784,3.1313265950390905,0.31978907589116434
Station 3,142940.0,5989.02651593714,3.144249054747947,0.3129013602727773
Station 3,142950.0,6020.531970767467,3.1568547095912005,0.3060458599447154
Station 3,142960.0,6052.16277425574,3.1691494910565394,0.2992225593062586
Station 3,142970.0,6083.912566230378,3.18113428839626,0.29243142455360116
Station 3,142980.0,6115.782909948487,3.1928200207373094,0.285672404783592
Station 3,142990.0,6147.769470149678,3.204208444339201,0.27894543304543745
Station 3,143000.0,6179.867247154848,3.215304265787136,0.27225042734244753
Station 3,143010.0,6212.074627875044,3.2261090462746576,0.26558729158590694
Station 3,143020.0,6244.388618414438,3.236631238315703,0.2589559165030276
Station 3,143030.0,6276.807425971566,3.246874934635481,0.2523561805009165
Station 3,143040.0,6309.324770672283,3.2568433840598634,0.24578795048841862
Station 3,143050.0,6341.94015745799,3.2665383742375464,0.23925108264730338
Station 3,143060.0,6374.654340707891,3.2759634205967414,0.23274542316264446
Station 3,143070.0,6407.45916933853,3.285130452008151,0.22627080896154234
Station 3,143080.0,6440.3549597671445,3.294040893303299,0.2198270683669275
Station 3,143090.0,6473.3408292905015,3.3026941517091943,0.21341402173280105
Station 3,143100.0,6506.410575672086,3.3110924684044765,0.2070314820479211
Station 3,143110.0,6539.561194428298,3.3192497454261525,0.20067925550854013
Station 3,143120.0,6572.793427226528,3.3271639691214197,0.19435714206158478
Station 3,143130.0,6606.102782818707,3.3348376816740744,0.1880649359196105
Station 3,143140.0,6639.488497956582,3.3422732124798014,0.18180242604880772
Station 3,143150.0,6672.946184472099,3.3494795044888552,0.17556939663130658
