station,t,rho_km,rho_dot_km_s,elev_rad
Station 2,0.0,4281.99112725241,-1.872590688164907,0.8430926972540939
Station 2,10.0,4263.468858440756,-1.8317634100502558,0.8523940008780513
Station 2,20.0,4245.357846950115,-1.7903397839761228,0.8616465622723023
Station 2,30.0,4227.664038367,-1.7483234984825415,0.870843091863203
Station 2,40.0,4210.393338062485,-1.7057189113169666,0.8799758981652922
Station 2,50.0,4193.551604405861,-1.662531068109297,0.889036875657279
Station 2,60.0,4177.144641797184,-1.6187657198966743,0.8980174936168231
Station 2,70.0,4161.1781935308745,-1.574429339356677,0.9069087861969782
Station 2,80.0,4145.657934504075,-1.529529135606193,0.9157013440685832
Station 2,90.0,4130.589463784661,-1.4840730674231948,0.924385307997274
Station 2,100.0,4115.978297043939,-1.4380698547550814,0.9329503647692275
Station 2,110.0,4101.829858924435,-1.391528988347601,0.9413857459356425
Station 2,120.0,4088.149475280321,-1.3444607374000432,0.9496802298782557
Station 2,130.0,4074.942365349943,-1.2968761550932861,0.9578221477601359
Station 2,140.0,4062.2136339002914,-1.2487870818576559,0.965799393966177
Station 2,150.0,4049.968263350102,-1.200206146271444,0.9735994416704615
Station 2,160.0,4038.2111058958926,-1.1511467634813637,0.98120936419637
Station 2,170.0,4026.946875666205,-1.101623131046782,0.9886158628480485
Station 2,180.0,4016.180140930307,-1.0516502221214048,0.9958053018859298
Station 2,190.0,4005.9153163883657,-1.0012437758996222,1.0027637512894587
Station 2,200.0,3996.1566555707964,-0.950420285269038,1.0094770378916407
Station 2,210.0,3986.908243374958,-0.8991969816269153,1.0159308053772123
Station 2,220.0,3978.1739887677654,-0.8475918168349912,1.0221105835043252
Station 2,230.0,3969.957617682892,-0.7956234423052784,1.0280018667347142
Station 2,240.0,3962.262666141271,-0.7433111852282066,1.03359020223709
Station 2,250.0,3955.0924736233665,-0.6906750219740292,1.0388612869629406
Station 2,260.0,3948.450176721277,-0.6377355487183161,1.0438010731860061
Station 2,270.0,3942.3387030981453,-0.5845139493627745,1.0483958815529872
Station 2,280.0,3936.7607657815233,-0.5310319608428464,1.0526325203243094
Station 2,290.0,3931.7188578163136,-0.4773118359337787,1.0564984091050018
Station 2,300.0,3927.215247301713,-0.4233763036866357,1.0599817049960876
Station 2,310.0,3923.25197283517,-0.36924852764483984,1.063071428758942
Station 2,320.0,3919.8308393847515,-0.3149520620101849,1.0657575883034283
Station 2,330.0,3916.9534146095552,-0.26051080594434806,1.0680312966104257
Station 2,340.0,3914.621025645871,-0.20594895620786557,1.069884881103603
Station 2,350.0,3912.8347563746534,-0.15129095835277706,1.0713119815128134
Station 2,360.0,3911.595445183714,-0.09656145669788063,1.0723076334341306
Station 2,370.0,3910.9036832356164,-0.041785243326077914,1.072868335092368
Station 2,380.0,3910.75981324988,0.013012793647895537,1.0729920952438388
Station 2,390.0,3911.163928805544,0.06780772228467047,1.0726784607024529
Station 2,400.0,3912.11587416757,0.12257461924336355,1.0719285226038384
Station 2,410.0,3913.6152446379742,0.17728862215969077,1.0707449012050618
Station 2,420.0,3915.6613874299665,0.23192498171858478,1.0691317097122814
Station 2,430.0,3918.2534030607453,0.28645911316349737,1.0670944982946506
Station 2,440.0,3921.3901472560965,0.3408666469897119,1.0646401800420076
Station 2,450.0,3925.0702333567033,0.3951234785762866,1.0617769411243945
Station 2,460.0,3929.2920350518,0.44920581658091274,1.0585141377749285
Station 2,470.0,3934.0536898589266,0.5030902297411081,1.0548621830137108
Station 2,480.0,3939.353103056133,0.5567536919113046,1.0508324260753001
Station 2,490.0,3945.187951857779,0.610173625246822,1.0464370274791874
Station 2,500.0,3951.555690107542,0.6633279412518117,1.0416888325861728
Station 2,510.0,3958.453553370135,0.7161950795546805,1.036601246211473
Station 2,520.0,3965.8785643983406,0.7687540442669882,1.0311881105654945
Station 2,530.0,3973.8275389505725,0.8209844378012117,1.0254635884391428
Station 2,540.0,3982.29709193306,0.8728664920426845,1.0194420531745851
Station 2,550.0,3991.2836438397885,0.92438109679129,1.013137986585826
Station 2,560.0,4000.78342746261,0.9755098254087237,1.0065658856337234
Station 2,570.0,4010.792494843361,1.0262349576274539,0.9997401783304061
Station 2,580.0,4021.306724439549,1.0765394994971618,0.9926751490574217
Station 2,590.0,4032.3218284749437,1.1264072004638843,0.98538487323526
Station 2,600.0,4043.8333604465197,1.1758225675954717,0.9778831610808835
Station 2,610.0,4055.8367227594076,1.2247708769847478,0.9701835100334337
Station 2,620.0,4068.3271744618773,1.2732381823782273,0.9622990653133312
Station 2,630.0,4081.299839052978,1.321211321093792,0.9542425880021628
Station 2,640.0,4094.7497123361236,1.3686779173048018,0.9460264299850532
Station 2,650.0,4108.6716702928,1.4156263827810827,0.9376625150781539
Station 2,660.0,4123.060476951465,1.4620459151885,0.929162325666417
Station 2,670.0,4137.910792227854,1.5079264940590058,0.9205368941958528
Station 2,680.0,4153.217179713996,1.5532588745514528,0.911796798895832
Station 2,690.0,4168.974114394552,1.5980345791307595,0.9029521631467426
Station 2,700.0,4185.175990270314,1.64224588729854,0.8940126579534367
Station 2,710.0,4201.817127870131,1.6858858235127556,0.884987507032695
Station 2,720.0,4218.891781633853,1.7289481434369027,0.8758854940715192
Station 2,730.0,4236.3941471503485,1.7714273186609448,0.8667149717608
Station 2,740.0,4254.318368236043,1.8133185200367938,0.8574838722547439
Station 2,750.0,4272.658543840848,1.8546175997705032,0.8481997187496492
Station 2,760.0,4291.408734769793,1.8953210724117957,0.8388696379155912
Station 2,770.0,4310.562970210018,1.9354260948789621,0.829500372951251
Station 2,780.0,4330.115254054194,1.9749304456539174,0.8200982970651912
Station 2,790.0,4350.059571012735,2.01383250327793,0.8106694272166106
Station 2,800.0,4370.389892508443,2.052131224274014,0.8012194379749217
Station 2,810.0,4391.100182348458,2.0898261206165105,0.7917536753807549
Station 2,820.0,4412.184402113904,2.1269172369054985,0.7822771707035902
Station 2,830.0,4433.6365162433485,2.1634051273849164,0.7727946540116858
Station 2,840.0,4455.450497288388,2.1992908325182334,0.7633105675594569
Station 2,850.0,4477.620330544187,2.2345758558189632,0.7538290788324624
Station 2,860.0,4500.140018553156,2.269262140672792,0.7443540932749227
Station 2,870.0,4523.003585390849,2.303352047291234,0.7348892666585878
Station 2,880.0,4546.205080721907,2.336848329882724,0.7254380170688782
Station 2,890.0,4569.738583628618,2.3697541141102354,0.7160035364928217
Station 2,900.0,4593.5982062153225,2.4020728748979083,0.7065888019989973
Station 2,910.0,4617.778096992511,2.433808414642748,0.6971965865043503
Station 2,920.0,4642.272444044909,2.4649648418812444,0.6878294691266579
Station 2,930.0,4667.075477988434,2.4955465504547116,0.6784898451245455
Station 2,940.0,4692.181474721188,2.525558199211442,0.6691799354295512
Station 2,950.0,4717.584757974132,2.5550046922782337,0.6599017957767619
Station 2,960.0,4743.279701667258,2.5838911599286636,0.6506573254421918
Station 2,970.0,4769.260732077425,2.612222940070583,0.6414482755963206
Station 2,980.0,4795.5223298241735,2.6400055603707,0.6322762572841669
Station 2,990.0,4822.05903167999,2.6672447210298253,0.6231427490429892
Station 2,1000.0,4848.865432211647,2.693946278218391,0.6140491041691738
Station 2,1010.0,4875.936185259251,2.7201162281781515,0.6049965576462213
Station 2,1020.0,4903.266005259756,2.7457606919926407,0.5959862327458904
Station 2,1030.0,4930.849668421609,2.7708859010258537,0.5870191473146281
Station 2,1040.0,4958.682013757298,2.7954981830258587,0.5780962197573736
Station 2,1050.0,4986.7579439803785,2.8196039488875253,0.5692182747307132
Station 2,1060.0,5015.072426273631,2.8432096800663165,0.5603860485571757
Station 2,1070.0,5043.6204929347705,2.866321916633085,0.5516001943722533
Station 2,1080.0,5072.397241906152,2.8889472459580943,0.5428612870154381
Station 2,1090.0,5101.3978371946605,2.9110922920109505,0.5341698276763134
Station 2,1100.0,5130.617509187951,2.932763705261788,0.5255262483063882
Station 2,1110.0,5160.051554872936,2.953968153168004,0.5169309158070645
Station 2,1120.0,5189.695337962345,2.9747123112298635,0.5083841360037731
Station 2,1130.0,5219.544288934979,2.995002854597555,0.4998861574159758
Station 2,1140.0,5249.593904995076,3.014846450211679,0.4914371748323892
Station 2,1150.0,5279.839749956034,3.0342497494587324,0.48303733270043603
Station 2,1160.0,5310.277454053598,3.0532193813227595,0.4746867283385913
Station 2,1170.0,5340.902713693344,3.071761946014227,0.4663854149799456
Station 2,1180.0,5371.711291124593,3.0898840090678332,0.4581334046530517
Station 2,1190.0,5402.699013907412,3.107592096015254,0.44993067088538063
Station 2,1200.0,5433.861774697779,3.1248926871620766,0.44177715131765805
Station 2,1210.0,5465.195530742433,3.141792212957201,0.4336727501450032
Station 2,1220.0,5496.696303318683,3.158297049764634,0.42561734042268873
Station 2,1230.0,5528.360177176319,3.1744135159647984,0.41761076625265325
Station 2,1240.0,5560.18329994178,3.190147868403301,0.40965284485050074
Station 2,1250.0,5592.1618814880185,3.2055062991696515,0.4017433684988806
Station 2,1260.0,5624.292193273318,3.2204949326888785,0.3938821063928794
Station 2,1270.0,5656.570567652155,3.235119823109401,0.3860688063828072
Station 2,1280.0,5688.9933971610335,3.249386951971035,0.37830319661951706
Station 2,1290.0,5721.5571337820475,3.2633022261375,0.3705849871071608
Station 2,1300.0,5754.258288186817,3.2768714759782918,0.3629138711680544
Station 2,1310.0,5787.093428963212,3.2901004537853518,0.35528952682412496
Station 2,1320.0,5820.059181827222,3.3029948324104415,0.34771161809918977
Station 2,1330.0,5853.152228822124,3.315560204109736,0.3401797962461237
Station 2,1340.0,5886.369307507021,3.327802079582631,0.33269370090277867
Station 2,1350.0,5919.707210136638,3.339725887192332,0.32525296118034264
Station 2,1360.0,5953.1627828341825,3.3513369723563184,0.31785719668764223
Station 2,1370.0,5986.732924758947,3.3626405970952638,0.31050601849473025
Station 2,1380.0,6020.414587270229,3.3736419397296027,0.3031990300389323
Station 2,1390.0,6054.204773088989,3.384346094713333,0.2959358279763849
Station 2,1400.0,6088.100535458629,3.3947580725952142,0.28871600298194094
Station 2,1410.0,6122.098977306131,3.404882800097991,0.2815391405001772
Station 2,1420.0,6156.197250404738,3.414725120306715,0.27440482145011597
Station 2,1430.0,6190.39255453922,3.424289792957753,0.26731262288612506
Station 2,1440.0,6224.682136674752,3.4335814948204315,0.26026211861736354
Station 2,1450.0,6259.063290130274,3.442604820163792,0.25325287978799776
Station 2,1460.0,6293.5333537572,3.45136428130127,0.2462844754203236
Station 2,1470.0,6328.089711124234,3.4598643092065293,0.23935647292280357
Station 2,1480.0,6362.729789708978,3.468109254194112,0.23246843856494512
Station 2,1490.0,6397.4510600969825,3.4761033866588487,0.22561993792083804
Station 2,1500.0,6432.2510351887895,3.4838508978684066,0.21881053628307778
Station 2,1510.0,6467.127269415505,3.4913559008036463,0.21203979904872197
Station 2,1520.0,6502.077357963377,3.498622431041789,0.2053072920788272
Station 2,1530.0,6537.098936007742,3.5056544476777143,0.19861258203305668
Station 2,1540.0,6572.189677955468,3.5124558342800416,0.19195523668056347
Station 2,1550.0,6607.347296564556,3.5190303999870585,0.18533482516903138
Station 2,1560.0,6642.569542316002,3.525381880439653,0.17875091830651763
Station 1,3950.0,6643.40867776728,-3.521643855996502,0.18105742897806965
Station 1,3960.0,6608.2205042319,-3.515955261016374,0.18766523165107835
Station 1,3970.0,6573.090291361505,-3.510051128119398,0.19431104293722817
Station 1,3980.0,6538.020212595888,-3.5039278306037325,0.20099533996480792
Station 1,3990.0,6503.012478005808,-3.497581668297376,0.2077186035391364
Station 1,4000.0,6468.069335034255,-3.491008866413782,0.2144813179612953
Station 1,4010.0,6433.19306924944,-3.4842055744241476,0.2212839708296192
Station 1,4020.0,6398.386005109386,-3.477167864949636,0.2281270528228637
Station 1,4030.0,6363.6505067379185,-3.4698917326771612,0.23501105746387632
Station 1,4040.0,6328.988978711908,-3.462373093302488,0.2419364808625623
Station 1,4050.0,6294.40386685946,-3.4546077825048127,0.24890382143683795
Station 1,4060.0,6259.897659068777,-3.4465915549571995,0.2559135796102139
Station 1,4070.0,6225.4728861074045,-3.438320083377567,0.26296625748455565
Station 1,4080.0,6191.132122451396,-3.429788957625309,0.2700623584864932
Station 1,4090.0,6156.877987124077,-3.4209936838488333,0.27720238698587546
Station 1,4100.0,6122.713144406167,-3.4119296837515973,0.2843868478699651
Station 1,4110.0,6088.640304705948,-3.4025922938411193,0.29161624610428116
Station 1,4120.0,6054.662225610611,-3.392976764683637,0.29889108627595384
Station 1,4130.0,6020.781712625726,-3.3830782603787464,0.3062118720677859
Station 1,4140.0,5987.001620044629,-3.3728918580555476,0.3135791057090625
Station 1,4150.0,5953.324851822351,-3.36241254746019,0.3209932873865672
Station 1,4160.0,5919.754362452815,-3.3516352306431623,0.32845491461340726
Station 1,4170.0,5886.293157848318,-3.3405547217549105,0.33596448155318503
Station 1,4180.0,5852.944296220143,-3.329165746958914,0.3435224782968828
Station 1,4190.0,5819.710888959163,-3.317462944471819,0.35112939008970867
Station 1,4200.0,5786.596101515053,-3.305440864740765,0.35878569650499
Station 1,4210.0,5753.603154272774,-3.2930939707685885,0.36649187056203547
Station 1,4220.0,5720.735323424792,-3.280416638598087,0.3742483777847332
Station 1,4230.0,5687.995941837404,-3.267403157967138,0.3820556751974644
Station 1,4240.0,5655.388399909429,-3.2540477331470097,0.389914210254728
Station 1,4250.0,5622.916146421433,-3.2403444839767763,0.39782441970067833
Station 1,4260.0,5590.582689373423,-3.2262874471073664,0.4057867283545702
Station 1,4270.0,5558.391596808916,-3.2118705774693455,0.4138015478178798
Station 1,4280.0,5526.346497623153,-3.1970877499790857,0.4218692750986654
Station 1,4290.0,5494.451082352912,-3.1819327614986888,0.42999029114845083
Station 1,4300.0,5462.7091039454635,-3.166399333065474,0.43816495930669735
Station 1,4310.0,5431.124378503859,-3.150481112407535,0.4463936236476391
Station 1,4320.0,5399.700786005668,-3.13417167676236,0.45467660722398334
Station 1,4330.0,5368.442270992095,-3.11746453601613,0.4630142102016734
Station 1,4340.0,5337.35284322419,-3.100353136181778,0.4714067078795984
Station 1,4350.0,5306.436578302773,-3.082830863234433,0.47985434858780684
Station 1,4360.0,5275.697618248376,-3.064891047323321,0.48835735145741926
Station 1,4370.0,5245.140172037462,-3.046526967379605,0.49691590405507935
Station 1,4380.0,5214.768516090846,-3.0277318561400515,0.5055301598743782
Station 1,4390.0,5184.586994710156,-3.008498905606694,0.5142002356762838
Station 1,4400.0,5154.600020457892,-2.988821272962923,0.5229262086701663
Station 1,4410.0,5124.812074476468,-2.9686920869665907,0.5317081135265541
Station 1,4420.0,5095.22770674143,-2.9481044548408173,0.5405459392122631
Station 1,4430.0,5065.85153624382,-2.9270514696831382,0.5494396256380351
Station 1,4440.0,5036.688251096409,-2.9055262184135353,0.5583890601082719
Station 1,4450.0,5007.74260855845,-2.883521790281598,0.567394073561888
Station 1,4460.0,4979.019434973175,-2.8610312859527056,0.5764544365926878
Station 1,4470.0,4950.523625612366,-2.838047827192557,0.5855698552370515
Station 1,4480.0,4922.260144284758,-2.8145645672252773,0.594739966501823
Station 1,4490.0,4894.234022925038,-2.7905747016741347,0.6039643336445187
Station 1,4500.0,4866.45036140432,-2.7660714800312807,0.6132424412120208
Station 1,4510.0,4838.914326772097,-2.74104821798569,0.622573689743091
Station 1,4520.0,4811.631152530252,-2.715498310355915,0.6319573901842485
Station 1,4530.0,4784.606137776433,-2.689415244714015,0.6413927579844666
Station 1,4540.0,4757.844646207334,-2.662792615711603,0.6508789068507684
Station 1,4550.0,4731.352104974828,-2.635624140115598,0.660414842146128
Station 1,4560.0,4705.134003387815,-2.607903672558595,0.6699994539101797
Station 1,4570.0,4679.195891452691,-2.579625222005914,0.6796315094822403
Station 1,4580.0,4653.543378245273,-2.550782968938149,0.68930964570521
Station 1,4590.0,4628.182130107053,-2.521371283244533,0.6990323606879115
Station 1,4600.0,4603.117868658769,-2.491384742818549,0.7087980051024991
Station 1,4610.0,4578.35636862435,-2.4608181528429807,0.7186047729926393
Station 1,4620.0,4553.903455458435,-2.4296665657471506,0.7284506920672971
Station 1,4630.0,4529.765002770907,-2.3979253018140474,0.7383336134542315
Station 1,4640.0,4505.946929542081,-2.3655899704099776,0.748251200886649
Station 1,4650.0,4482.45519712257,-2.332656491803691,0.7582009192960576
Station 1,4660.0,4459.295806012092,-2.2991211195361165,0.7681800227841792
Station 1,4670.0,4436.474792412009,-2.2649804632956023,0.7781855419469439
Station 1,4680.0,4413.998224546869,-2.230231512247123,0.7882142705241771
Station 1,4690.0,4391.872198750644,-2.1948716587571697,0.7982627513497602
Station 1,4700.0,4370.102835314177,-2.1588987224490594,0.8083272615788779
Station 1,4710.0,4348.696274090873,-2.1223109745162683,0.818403797171714
Station 1,4720.0,4327.658669858487,-2.0851071622141433,0.8284880566167634
Station 1,4730.0,4306.996187435761,-2.0472865334429353,0.8385754238821018
Station 1,4740.0,4286.714996553423,-2.008848861327731,0.8486609505897365
Station 1,4750.0,4266.821266480195,-1.9697944686934845,0.8587393374169863
Station 1,4760.0,4247.321160405439,-1.930124252326174,0.8688049147400071
Station 1,4770.0,4228.220829581154,-1.8898397069039878,0.878851622548685
Station 1,4780.0,4209.526407227347,-1.848942948475785,0.8888729896796259
Station 1,4790.0,4191.244002205934,-1.8074367373576368,0.8988621124355503
Station 1,4800.0,4173.379692469734,-1.7653245003123832,0.908811632685736
Station 1,4810.0,4155.939518294474,-1.7226103518718576,0.9187137155740085
Station 1,4820.0,4138.929475303118,-1.6792991146567393,0.9285600269990293
Station 1,4830.0,4122.355507293347,-1.635396338545272,0.9383417110771066
Station 1,4840.0,4106.2234988804785,-1.5909083185389958,0.9480493678514136
Station 1,4850.0,4090.539267966056,-1.5458421111726095,0.9576730315738596
Station 1,4860.0,4075.3085578244104,-1.500205549345826,0.9672021499416694
Station 1,4870.0,4060.5370294726295,-1.4540072552965144,0.9766255648230731
Station 1,4880.0,4046.2302538029962,-1.4072566517112997,0.9859314949993498
Station 1,4890.0,4032.3937034318856,-1.3599639707887232,0.9951075216027584
Station 1,4900.0,4019.032744571252,-1.312140261066628,1.0041405770655785
Station 1,4910.0,4006.1526288430687,-1.2637973918985193,1.0130169384869885
Station 1,4920.0,3993.758485060905,-1.214948055447769,1.0217222264602794
Station 1,4930.0,3981.8553110040934,-1.1656057660779513,1.030241410530888
Station 1,4940.0,3970.447965211102,-1.1157848570283146,1.038558822578396
Station 1,4950.0,3959.541158819835,-1.0655004742759786,1.0466581795249175
Station 1,4960.0,3949.139447483388,-1.014768567500394,1.054522616857562
Station 1,4970.0,3939.2472233907056,-0.963605878081135,1.0621347345009908
Station 1,4980.0,3929.8687074220425,-0.9120299240769831,1.069476656572231
Station 1,4990.0,3921.0079414696793,-0.8600589821524894,1.076530106476584
Station 1,5000.0,3912.668780954551,-0.8077120664375183,1.0832764986423928
Station 1,5010.0,3904.8548875694314,-0.7550089043255965,1.089697047925628
Station 1,5020.0,3897.569722279276,-0.7019699092381106,1.095772897326716
Station 1,5030.0,3890.8165386088463,-0.6486161504030954,1.1014852641407278
Station 1,5040.0,3884.598376247167,-0.5949693197194579,1.106815604004393
Station 1,5050.0,3878.9180549975754,-0.5410516957998545,1.111745791516806
Station 1,5060.0,3873.778169101078,-0.4868861053074609,1.1162583152163894
Station 1,5070.0,3869.181081959405,-0.43249588172380715,1.1203364837321264
Station 1,5080.0,3865.1289212827623,-0.3779048217058517,1.123964638946439
Station 1,5090.0,3861.623574685542,-0.3231371392108693,1.127128371080291
Station 1,5100.0,3858.666685751382,-0.2682174175866301,1.1298147298192858
Station 1,5110.0,3856.2596505868987,-0.21317055984217848,1.1320124250285688
Station 1,5120.0,3854.4036148811924,-0.15802173733046,1.1337120103349985
Station 1,5130.0,3853.0994714858234,-0.10279633708813651,1.1349060429523485
Station 1,5140.0,3852.3478585274333,-0.04751990809011464,1.1355892136273273
Station 1,5150.0,3852.1491580625993,0.007781893313967725,1.13575844149348
Station 1,5160.0,3852.5034952817296,0.06308335850649627,1.1354129298985016
Station 1,5170.0,3853.410738266095,0.11835878197217031,1.1345541808400876
Station 1,5180.0,3854.870498299228,0.17358251664969881,1.1331859673949742
Station 1,5190.0,3856.882130731124,0.22872902898289083,1.1313142653226493
Station 1,5200.0,3859.444736390856,0.2837729533919494,1.1289471467310968
Station 1,5210.0,3862.557163540453,0.3386891458910656,1.1260946401795673
Station 1,5220.0,3866.218010347391,0.39345273659044133,1.1227685627599462
Station 1,5230.0,3870.425627671356,0.44803918090350636,1.1189823304647275
Station 1,5240.0,3875.178122825866,0.5024243089867069,1.114750753592283
Station 1,5250.0,3880.473363551119,0.556584373389603,1.110089823802461
Station 1,5260.0,3886.308982407807,0.610496094676559,1.1050164991363112
Station 1,5270.0,3892.682381678776,0.6641367047745239,1.0995484926572838
Station 1,5280.0,3899.5907386916124,0.7174839878892296,1.093704069513336
Station 1,5290.0,3907.031011537134,0.7705163188344356,1.0875018562725465
Station 1,5300.0,3914.999945157207,0.8232126986401035,1.0809606654029646
Station 1,5310.0,3923.4940777741867,0.8755527873271689,1.0740993368205995
Station 1,5320.0,3932.509747633192,0.9275169337587693,1.0669365975665812
Station 1,5330.0,3942.0431000276462,0.9790862024999927,1.05949093992773
Station 1,5340.0,3952.0900945780045,1.0302423976403468,1.0517805177004778
Station 1,5350.0,3962.646512733159,1.0809680835546778,1.0438230598200493
Station 1,5360.0,3973.707965463936,1.1312466025995036,1.0356358002285155
Station 1,5370.0,3985.2699011181553,1.1810620897616464,1.0272354226240816
Station 1,5380.0,3997.327613406964,1.2303994842954873,1.018638018602715
Station 1,5390.0,4009.8762494926573,1.279244538403003,1.0098590576538793
Station 1,5400.0,4022.9108181487663,1.3275838230275163,1.0009133674864994
Station 1,5410.0,4036.4261979640537,1.3754047308473936,0.9918151232227587
Station 1,5420.0,4050.417145562898,1.4226954765696858,0.9825778440913615
Station 1,5430.0,4064.8783038156926,1.4694450946359368,0.9732143963662644
Station 1,5440.0,4079.804210014021,1.515643434463152,0.9637370014218256
Station 1,5450.0,4095.1893039866295,1.5612811533517608,0.9541572479034749
Station 1,5460.0,4111.027936133617,1.60634970720011,0.9444861071386158
Station 1,5470.0,4127.314375357656,1.6508413391707117,0.9347339510319933
Station 1,5480.0,4144.042816872518,1.6947490664579727,0.9249105718005197
Station 1,5490.0,4161.207389870756,1.738066665310031,0.915025203003274
Station 1,5500.0,4178.802165033823,1.7807886544588118,0.905086541412491
Station 1,5510.0,4196.821161869552,1.8229102771126984,0.8951027693507998
Station 1,5520.0,4215.258355863382,1.8644274816652813,0.8850815771891513
Station 1,5530.0,4234.107685431292,1.905336901271536,0.8750301857595851
Station 1,5540.0,4253.363058663868,1.9456358324397214,0.8649553684878444
Station 1,5550.0,4273.018359852391,1.9853222127833807,0.8548634730939147
Station 1,5560.0,4293.0674557892735,2.0243945980730977,0.8447604427446516
Station 1,5570.0,4313.504201836528,2.062852138722204,0.8346518365726403
Station 1,5580.0,4334.322447757246,2.1006945558347647,0.8245428495001739
Station 1,5590.0,4355.516043235897,2.1379221169914953,0.8144383313179346
Station 1,5600.0,4377.078843120231,2.174535611877202,0.8043428049962383
Station 1,5610.0,4399.004712785761,2.21053632752416,0.7942604842753358
Station 1,5620.0,4421.287532862592,2.245926023850737,0.7841952904318478
Station 1,5630.0,4443.9212038362175,2.280706909223809,0.7741508682933024
Station 1,5640.0,4466.899650413036,2.3148816162029084,0.7641306015010088
Station 1,5650.0,4490.21682564409,2.3484531775512076,0.7541376270381207
Station 1,5660.0,4513.8667148100885,2.3814250025848063,0.7441748490443109
Station 1,5670.0,4537.843339071454,2.4138008539245956,0.7342449519409412
Station 1,5680.0,4562.140758887774,2.445584824708116,0.724350412892207
Station 1,5690.0,4586.753077211557,2.4767813163120165,0.714493513628732
Station 1,5700.0,4611.67444246168,2.5073950166294083,0.7046763516605038
Station 1,5710.0,4636.899051282297,2.5374308789401065,0.6949008509061442
Station 1,5720.0,4662.421151093351,2.566894101406045,0.6851687717652154
Station 1,5730.0,4688.235042439155,2.5957901072185123,0.6754817206597848
Station 1,5740.0,4714.335081141652,2.624124525418746,0.6658411590708241
Station 1,5750.0,4740.715680265287,2.651903172408562,0.656248412094199
Station 1,5760.0,4767.37131190043,2.6791320341631577,0.6467046765401846
Station 1,5770.0,4794.296508772507,2.7058172491541037,0.6372110285994586
Station 1,5780.0,4821.485865683955,2.7319650919867122,0.6277684310976256
Station 1,5790.0,4848.934040796239,2.7575819577524854,0.6183777403593063
Station 1,5800.0,4876.635756759039,2.782674347094119,0.609039712701913
Station 1,5810.0,4904.585801693815,2.80724885197779,0.5997550105782382
Station 1,5820.0,4932.77903003874,2.8313121421647915,0.5905242083860897
Station 1,5830.0,4961.210363262038,2.854870952372365,0.5813477979622829
Station 1,5840.0,4989.874790450555,2.8779320701115636,0.5722261937774477
Station 1,5850.0,5018.767368780282,2.9005023241882277,0.563159737847266
Station 1,5860.0,5047.883223875428,2.922588573851678,0.5541487043749558
Station 1,5870.0,5077.217550062446,2.9441976985743845,0.5451933041390699
Station 1,5880.0,5106.76561052527,2.9653365884449046,0.5362936886399234
Station 1,5890.0,5136.522737367786,2.986012135155407,0.5274499540173082
Station 1,5900.0,5166.484331589441,3.006231223564451,0.5186621447514688
Station 1,5910.0,5196.645862979622,3.0260007238151685,0.5099302571587081
Station 1,5920.0,5227.002869936293,3.0453274839885873,0.501254242692392
Station 1,5930.0,5257.550959214157,3.064218323271585,0.4926340110595711
Station 1,5940.0,5288.2858056073355,3.0826800256188753,0.48406943316290507
Station 1,5950.0,5319.2031515616345,3.1007193338967065,0.47556034387558505
Station 1,5960.0,5350.298806576795,3.118342944615958,0.4671065446351366
Station 1,5970.0,5381.56864691823,3.1355575027954794,0.458707805942579
Station 1,5980.0,5413.008615063448,3.1523695974046504,0.4503638696909849
Station 1,5990.0,5444.6147190750335,3.1687857572341844,0.44207445135444745
Station 1,6000.0,5476.383031982136,3.1848124471012103,0.43383924205774677
Station 1,6010.0,5508.309691125339,3.2004560644093027,0.4256579105263052
Station 1,6020.0,5540.390897468329,3.2157229360449393,0.4175301049227834
Station 1,6030.0,5572.622914879743,3.2306193155923464,0.40945545457632554
Station 1,6040.0,5605.002069388304,3.2451513808492707,0.4014335716101639
Station 1,6050.0,5637.524748414243,3.259325231626669,0.39346405247299543
Station 1,6060.0,5670.187399979767,3.2731468878159706,0.38554647937927666
Station 1,6070.0,5702.9865319012415,3.2866222877080724,0.3776804216633102
Station 1,6080.0,5735.918710965582,3.299757286548838,0.3698654370517476
Station 1,6090.0,5768.980562093143,3.312557655316471,0.36210107285890814
Station 1,6100.0,5802.1687674893265,3.325029079706708,0.3543868671090694
Station 1,6110.0,5835.48006578696,3.3371771593123563,0.34672234958969483
Station 1,6120.0,5868.911251181324,3.3490074069843123,0.33910704283934145
Station 1,6130.0,5902.4591725596665,3.3605252483617467,0.3315404630738061
Station 1,6140.0,5936.12073262684,3.3717360215597303,0.3240221210538882
Station 1,6150.0,5969.892887028606,3.382644977003088,0.3165515228979761
Station 1,6160.0,6003.772643474077,3.393257277395902,0.30912817084248
Station 1,6170.0,6037.757060858593,3.403577997816483,0.30175156395300734
Station 1,6180.0,6071.843248388322,3.4136121259282826,0.2944211987890001
Station 1,6190.0,6106.028364707664,3.4233645622976105,0.2871365700244306
Station 1,6200.0,6140.309617030536,3.4328401208095785,0.27989717102700856
Station 1,6210.0,6174.684260276515,3.442043529174097,0.27270249439822936
Station 1,6220.0,6209.149596212713,3.4509794295142866,0.26555203247646136
Station 1,6230.0,6243.702972602181,3.4596523790299956,0.2584452778051762
Station 1,6240.0,6278.34178235959,3.4680668507296253,0.25138172356829386
Station 1,6250.0,6313.063462714862,3.4762272342238147,0.24436086399451937
Station 1,6260.0,6347.8654943853335,3.484137836574916,0.23738219473246008
Station 1,6270.0,6382.745400757028,3.491802883196619,0.2304452131981908
Station 1,6280.0,6417.700747075497,3.4992265187983342,0.22354941889687974
Station 1,6290.0,6452.72913964667,3.5064128083693826,0.21669431371997433
Station 1,6300.0,6487.828225048111,3.513365738198273,0.20987940221938292
Station 1,6310.0,6522.995689350996,3.5200892169227274,0.2031041918600032
Station 1,6320.0,6558.229257248267,3.526587076690671,0.1963681932367757
Station 1,6330.0,6593.52669132459,3.532863074249389,0.18967092028960258
Station 1,6340.0,6628.88579144305,3.538920891956466,0.18301189051765632
Station 1,6350.0,6664.304393915878,3.5447641389895796,0.1763906251439839
Station 2,9970.0,6657.742422978255,-3.627432805262008,0.1751075592811569
Station 2,9980.0,6621.490293254653,-3.622960831818399,0.18186846792451283
Station 2,9990.0,6585.283857490061,-3.61829347443165,0.188671964334786
Station 2,10000.0,6549.125086337238,-3.6134273354326196,0.19551869879051853
Station 2,10010.0,6513.015984927048,-3.6083589410507058,0.20240933203845468
Station 2,10020.0,6476.958593509638,-3.6030847399080206,0.20934453538960307
Station 2,10030.0,6440.954988238722,-3.5976011014393103,0.21632499082518744
Station 2,10040.0,6405.007281973224,-3.5919043143027,0.22335139109835295
Station 2,10050.0,6369.117625094539,-3.585990584784305,0.2304244398309536
Station 2,10060.0,6333.288206339464,-3.5798560351990822,0.23754485160492367
Station 2,10070.0,6297.521253648815,-3.573496702290489,0.24471335204770261
Station 2,10080.0,6261.819035031827,-3.5669085356318204,0.251930677911138
Station 2,10090.0,6226.18385944622,-3.5600873960323147,0.25919757714327296
Station 2,10100.0,6190.618077693981,-3.553029053951425,0.26651480895237034
Station 2,10110.0,6155.124083332716,-3.5457291879249344,0.27388314386250884
Station 2,10120.0,6119.704313602508,-3.538183383006949,0.28130336376001563
Station 2,10130.0,6084.361250368112,-3.5303871292320834,0.288776261929991
Station 2,10140.0,6049.097421076267,-3.522335820102586,0.29630264308211113
Station 2,10150.0,6013.915399727923,-3.514024751105466,0.303883323364861
Station 2,10160.0,5978.817807865046,-3.5054491182651426,0.31151913036730317
Station 2,10170.0,5943.807315571687,-3.496604016737521,0.319210903107427
Station 2,10180.0,5908.886642488873,-3.487484439451924,0.3269594920060819
Station 2,10190.0,5874.058558842857,-3.478085275807679,0.3347657588454454
Station 2,10200.0,5839.325886486193,-3.468401310432773,0.3426305767109071
Station 2,10210.0,5804.691499950986,-3.4584272220124705,0.35055482991520837
Station 2,10220.0,5770.158327513655,-3.44815758219634,0.35853941390360866
Station 2,10230.0,5735.729352270373,-3.4375868545927513,0.3665852351387904
Station 2,10240.0,5701.407613222375,-3.4267093938605124,0.3746932109641474
Station 2,10250.0,5667.196206370063,-3.4155194449079502,0.38286426944405005
Station 2,10260.0,5633.098285814911,-3.404011142210438,0.39109934917958944
Station 2,10270.0,5599.117064867947,-3.392178509258057,0.39939939909826183
Station 2,10280.0,5565.25581716345,-3.380015458145828,0.4077653782159651
Station 2,10290.0,5531.517877776505,-3.367515789319704,0.41619825536961913
Station 2,10300.0,5497.906644342775,-3.3546731914923087,0.4246990089186453
Station 2,10310.0,5464.425578178784,-3.341481241743245,0.4332686264134694
Station 2,10320.0,5431.078205400875,-3.327933405819606,0.44190810422913873
Station 2,10330.0,5397.868118040751,-3.3140230386532212,0.4506184471620775
Station 2,10340.0,5364.798975155454,-3.2997433851120674,0.45940066798791834
Station 2,10350.0,5331.874503921629,-3.2850875810080753,0.4682557869774524
Station 2,10360.0,5299.09850052943,-3.270048654467092,0.47718483134987255
Station 2,10370.0,5266.474831459149,-3.254619527386853,0.4861888347240603
Station 2,10380.0,5234.007434551607,-3.2387930173199013,0.4952688364985159
Station 2,10390.0,5201.700319978148,-3.222561839723575,0.5044258811740187
Station 2,10400.0,5169.557571251161,-3.2059186105341544,0.5136610176308543
Station 2,10410.0,5137.583346206628,-3.1888558491235575,0.5229752983507892
Station 2,10420.0,5105.78187795477,-3.171365981663432,0.5323697785812547
Station 2,10430.0,5074.1574757945855,-3.1534413449225034,0.5418455154391439
Station 2,10440.0,5042.714526087862,-3.135074190523828,0.5514035669515991
Station 2,10450.0,5011.457493087914,-3.116256689689421,0.5610449910311431
Station 2,10460.0,4980.39091971807,-3.0969809385006846,0.5707708443824693
Station 2,10470.0,4949.519428294638,-3.077238963703587,0.5805821813382163
Station 2,10480.0,4918.847721188754,-3.0570227290883296,0.5904800526210473
Station 2,10490.0,4888.380581421269,-3.0363241424737497,0.6004655040293668
Station 2,10500.0,4858.122873184498,-3.0151350633272025,0.6105395750440398
Station 2,10510.0,4828.07954228432,-2.9934473110509248,0.6207032973535305
Station 2,10520.0,4798.255616495912,-2.971252673966143,0.6309576932949247
Station 2,10530.0,4768.656205825945,-2.948542919026222,0.6413037742083956
Station 2,10540.0,4739.286502673858,-2.9253098022899073,0.6517425387027732
Station 2,10550.0,4710.151781884523,-2.901545080185454,0.6622749708299867
Station 2,10560.0,4681.257400684236,-2.877240521595799,0.6729020381663169
Station 2,10570.0,4652.60879849174,-2.8523879207940865,0.6836246897985546
Station 2,10580.0,4624.211496595686,-2.826979111257747,0.694443854213358
Station 2,10590.0,4596.071097689616,-2.8010059803878957,0.7053604370883418
Station 2,10600.0,4568.1932852554055,-2.77446048515904,0.7163753189836692
Station 2,10610.0,4540.583822785712,-2.7473346687220053,0.7274893529332097
Station 2,10620.0,4513.248552835902,-2.71962067798036,0.7387033619346559
Station 2,10630.0,4486.193395895645,-2.6913107821578466,0.7500181363383085
Station 2,10640.0,4459.424349070277,-2.6623973923707793,0.7614344311346462
Station 2,10650.0,4432.947484561828,-2.6328730822156365,0.7729529631411933
Station 2,10660.0,4406.768947939639,-2.602730609377613,0.7845744080896334
Station 2,10670.0,4380.894956190356,-2.5719629382611453,0.7962993976145889
Station 2,10680.0,4355.331795537168,-2.5405632636378632,0.8081285161459804
Station 2,10690.0,4330.085819018204,-2.508525035301549,0.8200622977073787
Station 2,10700.0,4305.163443814182,-2.475841983713088,0.8321012226232999
Station 2,10710.0,4280.5711483155055,-2.4425081466112317,0.8442457141389352
Station 2,10720.0,4256.315468825622,-2.408517896594352,0.8564961349486249
Station 2,10730.0,4232.402995986632,-2.373865969579411,0.8688527836482914
Station 2,10740.0,4208.840371274833,-2.338547493975468,0.8813158911413284
Station 2,10750.0,4185.634282791832,-2.3025580208137906,0.893885616940878
Station 2,10760.0,4162.791460882055,-2.265893554532216,0.9065620454223736
Station 2,10770.0,4140.31867344425,-2.228550584395413,0.9193451820202904
Station 2,10780.0,4118.222720925599,-2.1905261164633,0.932234949375071
Station 2,10790.0,4096.510430993452,-2.151817706006389,0.9452311834366649
Station 2,10800.0,4075.1886528807986,-2.112423490255139,0.9583336295309421
Station 2,10810.0,4054.2642514027784,-2.072342221358749,0.9715419383947539
Station 2,10820.0,4033.744100642816,-2.0315732994168023,0.9848556621845895
Station 2,10830.0,4013.635077308434,-1.9901168054353198,0.9982742504624916
Station 2,10840.0,3993.944053758292,-1.9479735340470987,1.0117970461609862
Station 2,10850.0,3974.677890703702,-1.9051450258245501,1.025423281526193
Station 2,10860.0,3955.8434295896495,-1.861633599002352,1.039152074034626
Station 2,10870.0,3937.447484662183,-1.8174423804166642,1.052982422274386
Station 2,10880.0,3919.496834731074,-1.7725753354579374,1.0669132017749836
Station 2,10890.0,3901.9982146386988,-1.7270372968256782,1.0809431607614586
Station 2,10900.0,3884.9583064482476,-1.6808339918658306,1.0950709157971668
Station 2,10910.0,3868.3837303666055,-1.6339720682652326,1.1092949472646783
Station 2,10920.0,3852.2810354195267,-1.5864591178728569,1.123613594614425
Station 2,10930.0,3836.6566898990422,-1.538303698414577,1.1380250512844523
Station 2,10940.0,3821.5170716053913,-1.4895153528671137,1.1525273591594545
Station 2,10950.0,3806.8684579080787,-1.4401046262578792,1.1671184023899284
Station 2,10960.0,3792.7170156530306,-1.3900830796607917,1.1817959003279679
Station 2,10970.0,3779.068790945034,-1.3394633011637613,1.1965573992481204
Station 2,10980.0,3765.929698836896,-1.2882589135920002,1.2114002623994948
Station 2,10990.0,3753.3055129588433,-1.2364845787820913,1.2263216577640386
Station 2,11000.0,3741.2018551236583,-1.1841559982154697,1.241318542652309
Station 2,11010.0,3729.6241849449084,-1.1312899098363598,1.2563876439169401
Station 2,11020.0,3718.5777895072415,-1.077904080898231,1.2715254320496387
Station 2,11030.0,3708.067773129223,-1.0240172967047716,1.2867280866610638
Station 2,11040.0,3698.0990472603357,-0.9696493451355663,1.3019914496792782
Station 2,11050.0,3688.6763205548136,-0.9148209968736194,1.31731096079895
Station 2,11060.0,3679.804089165583,-0.8595539812807447,1.3326815668548406
Station 2,11070.0,3671.4866273020107,-0.8038709578979957,1.3480975921473914
Station 2,11080.0,3663.7279780634826,-0.747795483580817,1.3635525489861957
Station 2,11090.0,3656.531944448796,-0.6913519752962463,1.3790388543434644
Station 2,11100.0,3649.9020812663566,-0.6345656686766076,1.3945473946515812
Station 2,11110.0,3643.841687089204,-0.5774625724726756,1.4100668364702544
Station 2,11120.0,3638.3537967347816,-0.520069419011016,1.42558249481074
Station 2,11130.0,3633.4411742954367,-0.46241361085754107,1.4410743951741904
Station 2,11140.0,3629.106306719852,-0.40452316390950166,1.4565137840844224
Station 2,11150.0,3625.3513979799545,-0.34642664716995325,1.471856456004416
Station 2,11160.0,3622.178363855053,-0.2881531194903976,1.4870290279260476
Station 2,11170.0,3619.5888273620426,-0.22973206359680484,1.501898108623615
Station 2,11180.0,3617.5841148571676,-0.17119331774109323,1.5161934834287556
Station 2,11190.0,3616.165252831304,-0.11256700534390593,1.52929557509519
Station 2,11200.0,3615.3329654169906,-0.05388346301480504,1.5396388040677722
Station 2,11210.0,3615.0876726214588,0.004826832647323004,1.5438209573236485
Station 2,11220.0,3615.429489295846,0.06353333905836864,1.5392816687383875
Station 2,11230.0,3616.3582248465486,0.12220552203408033,1.5287608328248985
Station 2,11240.0,3617.8733836904485,0.18081293012842659,1.5155854576583392
Station 2,11250.0,3619.974166451456,0.23932526849825303,1.5012581998215273
Station 2,11260.0,3622.659471891536,0.2977124718719587,1.4863748271878687
Station 2,11270.0,3625.927899565261,0.3559447762092233,1.4711966053034655
Station 2,11280.0,3629.777753182803,0.41399278865222594,1.4558531718050327
Station 2,11290.0,3634.2070446624307,0.47182755538615373,1.440416150834029
Station 2,11300.0,3639.2134988497914,0.5294206270479215,1.4249288415436545
Station 2,11310.0,3644.7945588778175,0.586744121346457,1.4094194910335929
Station 2,11320.0,3650.9473921378403,0.6437707825853901,1.3939077701944718
Station 2,11330.0,3657.6688968295475,0.7004740378089092,1.378408169898734
Station 2,11340.0,3664.9557090547873,0.756828049323751,1.3629318917323188
Station 2,11350.0,3672.804210417939,0.8128077633840449,1.347487954345599
Station 2,11360.0,3681.210536093555,0.868388954860623,1.3320838685340135
Station 2,11370.0,3690.170583320444,0.9235482677521448,1.3167260640980463
Station 2,11380.0,3699.68002028004,0.9782632514310904,1.3014201681291222
Station 2,11390.0,3709.734295316067,1.0325123925533675,1.2861711913108653
Station 2,11400.0,3720.3286464519406,1.0862751425951847,1.2709836555816743
Station 2,11410.0,3731.4581111621387,1.1395319410146196,1.255861683455921
Station 2,11420.0,3743.117536353948,1.192264234067764,1.240809061717753
Station 2,11430.0,3755.301588516402,1.2444544893398868,1.2258292876568122
Station 2,11440.0,3768.004763986754,1.2960862060849203,1.2109256032147748
Station 2,11450.0,3781.221399111879,1.3471439216042327,1.1961010206270288
Station 2,11460.0,3794.9456808544555,1.3976132134610484,1.1813583420688043
Station 2,11470.0,3809.171657206843,1.4474806979961838,1.1667001749687282
Station 2,11480.0,3823.8932474911185,1.4967340253050707,1.152128944192781
Station 2,11490.0,3839.104252659952,1.545361870771347,1.1376469019690414
Station 2,11500.0,3854.7983654960917,1.5933539234014935,1.1232561361639068
Station 2,11510.0,3870.9691806796095,1.6407008711787125,1.1089585773570718
Station 2,11520.0,3887.6102046942547,1.6873943836619136,1.0947560050421747
Station 2,11530.0,3904.7148655465753,1.7334270920608188,1.0806500531931726
Station 2,11540.0,3922.2765222737708,1.7787925670210782,1.0666422153731048
Station 2,11550.0,3940.2884742186097,1.8234852943537407,1.052733849515229
Station 2,11560.0,3958.743970052035,1.8675006489419703,1.0389261824718417
Station 2,11570.0,3977.636216526483,1.9108348670545225,1.0252203144001206
Station 2,11580.0,3996.958386945089,1.9534850172903089,1.0116172230348712
Station 2,11590.0,4016.7036293342967,1.9954489703718965,0.9981177678832807
Station 2,11600.0,4036.865074309408,2.0367253679978328,0.9847226943656745
Station 2,11610.0,4057.4358426247572,2.0773135909547094,0.9714326379178204
Station 2,11620.0,4078.4090524020844,2.1172137266800015,0.9582481280639835
Station 2,11630.0,4099.777826032594,2.156426536456058,0.9451695924651398
Station 2,11640.0,4121.535296749889,2.1949534224044456,0.9321973609432495
Station 2,11650.0,4143.674614872613,2.2327963944382665,0.9193316694798775
Station 2,11660.0,4166.188953717181,2.269958037318297,0.9065726641856079
Station 2,11670.0,4189.071515182329,2.30644147794681,0.8939204052354535
Station 2,11680.0,4212.315535008516,2.3422503530211167,0.8813748707646263
Station 2,11690.0,4235.914287716378,2.377388777157096,0.8689359607185911
Station 2,11700.0,4259.861091229434,2.4118613115814385,0.8566035006511423
Station 2,11710.0,4284.149311187263,2.445672933480178,0.8443772454642531
Station 2,11720.0,4308.772364956048,2.4788290060802347,0.8322568830836605
Station 2,11730.0,4333.723725344262,2.5113352495303394,0.8202420380644352
Station 2,11740.0,4358.9969240317305,2.5431977126378706,0.8083322751211932
Station 2,11750.0,4384.585554720943,2.5744227455088002,0.7965271025780538
Station 2,11760.0,4410.483276019815,2.6050169731291097,0.7848259757339653
Station 2,11770.0,4436.683814065512,2.6349872699179344,0.7732283001395166
Station 2,11780.0,4463.180964899169,2.664340735275017,0.7617334347819048
Station 2,11790.0,4489.968596601538,2.6930846701380258,0.7503406951752501
Station 2,11800.0,4517.040651199566,2.721226554559058,0.7390493563539411
Station 2,11810.0,4544.391146215743,2.748774026426405,0.7278586557468819
Station 2,11820.0,4572.014176224875,2.7757348610327766,0.7167677959802008
Station 2,11830.0,4599.903914242793,2.8021169516071054,0.7057759475876398
Station 2,11840.0,4628.054612722367,2.827928291032609,0.69488225158919
Station 2,11850.0,4656.460604465304,2.8531769544762797,0.6840858219809294
Station 2,11860.0,4685.1163033645435,2.8778710829886425,0.6733857481237825
Station 2,11870.0,4714.016204986917,2.9020188680528465,0.6627810970319006
Station 2,11880.0,4743.154887005475,2.9256285370596906,0.6522709155616594
Station 2,11890.0,4772.5270094907155,2.948708339683161,0.6418542325025556
Station 2,11900.0,4802.12731506955,2.9712665351293404,0.6315300605715457
Station 2,11910.0,4831.950628960731,2.9933113802301388,0.621297398312579
Station 2,11920.0,4861.9918588950395,3.0148511183523286,0.6111552319032642
Station 2,11930.0,4892.24599492829,3.0358939690914335,0.6011025368707994
Station 2,11940.0,4922.708109154899,3.056448118719613,0.5911382797194188
Station 2,11950.0,4953.373355329437,3.0765217113562633,0.5812614194717312
Station 2,11960.0,4984.236968403264,3.0961228408300054,0.5714709091264368
Station 2,11970.0,5015.2942639830935,3.115259543200753,0.5617656970349619
Station 2,11980.0,5046.5406377179015,3.133939789910798,0.5521447281996389
Station 2,11990.0,5077.971564620406,3.152171481534193,0.5426069454960805
Station 2,12000.0,5109.58259832895,3.169962442094202,0.5331512908224336
Station 2,12010.0,5141.369370315394,3.187320413919187,0.5237767061781978
Station 2,12020.0,5173.327589044238,3.204253053007914,0.5144821346753227
Station 2,12030.0,5205.453039088,3.220767924876088,0.5052665214842464
Station 2,12040.0,5237.741580203525,3.236872500856676,0.49612881471755393
Station 2,12050.0,5270.189146373669,3.2525741548274105,0.4870679662538779
Station 2,12060.0,5302.791744818532,3.2678801603398764,0.47808293250463363
Station 2,12070.0,5335.545454980133,3.282797688125314,0.469172675126145
Station 2,12080.0,5368.446427484209,3.2973338039534,0.46033616167965286
Station 2,12090.0,5401.490883082587,3.3114954668211136,0.4515723662416411
Station 2,12100.0,5434.675111579299,3.3252895274497463,0.4428802699668734
Station 2,12110.0,5467.995470743469,3.338722727069136,0.4342588616064504
Station 2,12120.0,5501.448385211746,3.351801696469109,0.42570713798313314
Station 2,12130.0,5535.030345382853,3.364532955299046,0.4172241044261274
Station 2,12140.0,5568.737906306669,3.37692291159743,0.40880877516743186
Station 2,12150.0,5602.567686570089,3.38897786153417,0.40046017370178766
Station 2,12160.0,5636.516367181654,3.4007039893493034,0.39217733311220837
Station 2,12170.0,5670.580690408201,3.4121073675153544,0.38395929635547776
Station 2,12180.0,5704.757458550237,3.423193957130576,0.3758051165055224
Station 2,12190.0,5739.0435330677155,3.433969608155048,0.3677138570222018
Station 2,12200.0,5773.435833370406,3.4444400600762393,0.35968459194197294
Station 2,12210.0,5807.931335707653,3.4546109426292904,0.35171640605551663
Station 2,12220.0,5842.52707207724,3.4644877766235154,0.34380839506287253
Station 2,12230.0,5877.22012914257,3.474075974874418,0.3359596657057708
Station 2,12240.0,5912.0076471592,3.483380843230985,0.3281693358785803
Station 2,12250.0,5946.886818911709,3.4924075816887448,0.3204365347192049
Station 2,12260.0,5981.854888661717,3.5011612855795895,0.3127604026812132
Station 2,12270.0,6016.909151107887,3.509646946830038,0.305140091588419
Station 2,12280.0,6052.046950358526,3.5178694552800915,0.29757476467307803
Station 2,12290.0,6087.265678917447,3.5258336000553823,0.2900635965988034
Station 2,12300.0,6122.562776683617,3.533544070985836,0.2826057734692487
Station 2,12310.0,6157.935729965048,3.5410054600645116,0.27520049282355963
Station 2,12320.0,6193.382070507389,3.5482222629407243,0.2678469636195367
Station 2,12330.0,6228.8993745374955,3.555198880442032,0.26054440620540786
Station 2,12340.0,6264.48526182235,3.5619396201199853,0.2532920522810626
Station 2,12350.0,6300.137394743548,3.568448697814999,0.2460891448495466
Station 2,12360.0,6335.8534773875435,3.57473023923599,0.23893493815958386
Station 2,12370.0,6371.6312546518275,3.5807882815508227,0.23182869763984243
Station 2,12380.0,6407.468511367166,3.5866267749838565,0.22476969982562328
Station 2,12390.0,6443.363071435966,3.5922495844172437,0.2177572322786118
Station 2,12400.0,6479.312796986811,3.5976604909928684,0.2107905935003034
Station 2,12410.0,6515.315587545226,3.602863193712072,0.2038690928396598
Station 2,12420.0,6551.369379220605,3.6078613110306064,0.19699205039554699
Station 2,12430.0,6587.472143909298,3.612658382446408,0.19015879691445242
Station 2,12440.0,6623.621888513808,3.617257870078074,0.18336867368395177
Station 2,12450.0,6659.816654177972,3.6216631602320644,0.17662103242238286
Station 1,14780.0,6669.334791899089,-3.5772596032621364,0.1763812902488889
Station 1,14790.0,6633.585177701435,-3.57263144498924,0.1830529215574983
Station 1,14800.0,6597.882804197406,-3.567810924068689,0.18976531950244083
Station 1,14810.0,6562.229611383676,-3.5627947539446123,0.19651908292904272
Station 1,14820.0,6526.627572478099,-3.5575795764626377,0.20331481948603727
Station 1,14830.0,6491.078694643823,-3.5521619604678056,0.21015314567763163
Station 1,14840.0,6455.585019727221,-3.5465384003972464,0.21703468690937786
Station 1,14850.0,6420.1486250096095,-3.5407053148696086,0.2239600775273245
Station 1,14860.0,6384.771623972869,-3.5346590452734445,0.23092996084986497
Station 1,14870.0,6349.456167078954,-3.5283958543568983,0.23794498919168544
Station 1,14880.0,6314.204442563281,-3.5219119248213526,0.24500582387916026
Station 1,14890.0,6279.018677242004,-3.5152033579218274,0.25211313525651324
Station 1,14900.0,6243.901137333069,-3.508266172077242,0.25926760268201815
Station 1,14910.0,6208.854129291015,-3.5010963014938787,0.26646991451346336
Station 1,14920.0,6173.880000655351,-3.493689594805651,0.2737207680820717
Station 1,14930.0,6138.981140912402,-3.4860418137351368,0.28102086965399514
Station 1,14940.0,6104.1599823703755,-3.478148631779556,0.2883709343784819
Station 1,14950.0,6069.41900104745,-3.470005632926301,0.29577168622173
Station 1,14960.0,6034.760717572603,-3.461608310402893,0.30322385788540573
Station 1,14970.0,6000.187698098801,-3.4529520654666683,0.3107281907087354
Station 1,14980.0,5965.702555228217,-3.4440322062398523,0.31828543455301644
Station 1,14990.0,5931.307948949003,-3.434843946596115,0.3258963476673325
Station 1,15000.0,5897.006587583106,-3.4253824051051067,0.3335616965341827
Station 1,15010.0,5862.801228744586,-3.4156426040419414,0.3412822556936632
Station 1,15020.0,5828.6946803077535,-3.405619468469098,0.34905880754476787
Station 1,15030.0,5794.689801384442,-3.3953078253986435,0.356892142122286
Station 1,15040.0,5760.789503309595,-3.384702403043299,0.364783056847699
Station 1,15050.0,5726.996750634295,-3.3737978301653087,0.3727323562523836
Station 1,15060.0,5693.314562125237,-3.3625886355327395,0.3807408516713442
Station 1,15070.0,5659.74601176961,-3.351069247493388,0.3888093609055895
Station 1,15080.0,5626.294229784153,-3.3392339936770856,0.3969387078511758
Station 1,15090.0,5592.962403627138,-3.3270771008378333,0.4051297220928356
Station 1,15100.0,5559.753779011871,-3.314592694847923,0.4133832384599793
Station 1,15110.0,5526.671660920139,-3.3017748008567755,0.4217000965427716
Station 1,15120.0,5493.71941460864,-3.2886173436306887,0.430081140165257
Station 1,15130.0,5460.900466422917,-3.2751141481735817,0.43852721679400475
Station 1,15140.0,5428.218304979474,-3.2612589403657517,0.44703917694047657
Station 1,15150.0,5395.676482191392,-3.2470453479155283,0.4556178734937861
Station 1,15160.0,5363.278614174069,-3.232466901596399,0.46426416098968815
Station 1,15170.0,5331.028382209587,-3.2175170367037236,0.47297889483106653
Station 1,15180.0,5298.929533694837,-3.2021890947866494,0.48176293044846163
Station 1,15190.0,5266.985883070562,-3.1864763256740156,0.4906171223971572
Station 1,15200.0,5235.201312728257,-3.1703718898137874,0.49954232338720855
Station 1,15210.0,5203.57977389178,-3.1538688609463668,0.5085393832425603
Station 1,15220.0,5172.125287470166,-3.1369602291328977,0.5176091477852307
Station 1,15230.0,5140.841944878078,-3.119638904160386,0.5267524576403165
Station 1,15240.0,5109.733908819987,-3.1018977193462542,0.5359701469573431
Station 1,15250.0,5078.805414034029,-3.0837294357655622,0.5452630420432439
Station 1,15260.0,5048.060767991177,-3.0651267469248356,0.5546319599020084
Station 1,15270.0,5017.504351545241,-3.0460822839069963,0.5640777066757312
Station 1,15280.0,4987.140619528782,-3.0265886210124626,0.5736010759815376
Station 1,15290.0,4956.974101290013,-3.006638281921917,0.5832028471384965
Station 1,15300.0,4927.009401165248,-2.9862237464066363,0.5928837832783223
Station 1,15310.0,4897.25119888142,-2.965337457612546,0.6026446293332565
Station 1,15320.0,4867.704249882796,-2.943971829944316,0.6124861098941263
Station 1,15330.0,4838.373385575783,-2.922119257575882,0.6224089269311108
Station 1,15340.0,4809.263513485519,-2.8997721236136367,0.6324137573692394
Station 1,15350.0,4780.379617317572,-2.876922809938234,0.6425012505101116
Station 1,15360.0,4751.7267569179185,-2.853563707750563,0.6526720252906733
Station 1,15370.0,4723.310068124072,-2.8296872288467414,0.6629266673692237
Station 1,15380.0,4695.134762499979,-2.8052858176460838,0.67326572602803
Station 1,15390.0,4667.206126947096,-2.780351963994928,0.6836897108810581
Station 1,15400.0,4639.529523183836,-2.7548782167677826,0.6941990883743303
Station 1,15410.0,4612.110387085344,-2.7288571982855685,0.7047942780653038
Station 1,15420.0,4584.95422787539,-2.702281619568799,0.7154756486663593
Station 1,15430.0,4558.066627162018,-2.6751442964411787,0.7262435138360563
Station 1,15440.0,4531.4532378084,-2.6474381664964577,0.7370981277000774
Station 1,15450.0,4505.119782630294,-2.6191563069383714,0.7480396800818899
Station 1,15460.0,4479.0720529113605,-2.5902919532999724,0.759068291420901
Station 1,15470.0,4453.315906727602,-2.5608385190449234,0.7701840073532897
Station 1,15480.0,4427.857267072141,-2.53078961604897,0.7813867929277247
Station 1,15490.0,4402.702119719027,-2.5001390759771116,0.7926765264199312
Station 1,15500.0,4377.856510755117,-2.468880972558775,0.8040529927072622
Station 1,15510.0,4353.326544347743,-2.437009644518358,0.8155158762126253
Station 1,15520.0,4329.118379862913,-2.4045197195154295,0.8270647532910205
Station 1,15530.0,4305.238228836833,-2.3714061388237075,0.8386990840576518
Station 1,15540.0,4281.692351715403,-2.3376641827551845,0.8504182035892047
Station 1,15550.0,4258.487054335555,-2.303289496793274,0.8622213124281645
Station 1,15560.0,4235.628684141562,-2.268278118382101,0.8741074663115601
Station 1,15570.0,4213.123626130106,-2.2326265043108817,0.8860755650333126
Station 1,15580.0,4190.978298518504,-2.196331558623466,0.8981243403350238
Station 1,15590.0,4169.199148131242,-2.159390660974078,0.9102523427031478
Station 1,15600.0,4147.79264550083,-2.121801695340955,0.9224579269305041
Station 1,15610.0,4126.765279679897,-2.0835630789998656,0.9347392362765351
Station 1,15620.0,4106.12355276248,-2.0446737916499442,0.9470941850327568
Station 1,15630.0,4085.8739741136174,-2.0051334045742766,0.9595204392668132
Station 1,15640.0,4066.023054307523,-1.9649421097080206,0.9720153954792828
Station 1,15650.0,4046.577298776026,-1.9241007484771426,0.9845761568608151
Station 1,15660.0,4027.543201170277,-1.8826108402614037,0.9971995067817954
Station 1,15670.0,4008.927236440342,-1.8404746103262766,1.009881879080833
Station 1,15680.0,3990.7358536387987,-1.7976950170598105,1.0226193246399455
Station 1,15690.0,3972.975468456214,-1.7542757783426328,1.0354074736408723
Station 1,15700.0,3955.65245549809,-1.7102213968720825,1.04824149278561
Station 1,15710.0,3938.773140314703,-1.6655371842553408,1.0611160366317172
Station 1,15720.0,3922.3437911971396,-1.6202292836812284,1.0740251920351207
Station 1,15730.0,3906.3706107547664,-1.5743046909765657,1.0869624145056385
Station 1,15740.0,3890.859727291294,-1.5277712738504672,1.099920455058185
Station 1,15750.0,3875.8171859986137,-1.4806377891290392,1.112891275880055
Station 1,15760.0,3861.2489399895176,-1.432913897783755,1.12586595282635
Station 1,15770.0,3847.160841192392,-1.3846101775593542,1.1388345623961864
Station 1,15780.0,3833.5586311328793,-1.335738133011589,1.1517860504282291
Station 1,15790.0,3820.4479316293887,-1.2863102027719044,1.1647080792845121
Station 1,15800.0,3807.8342354310894,-1.236339763864562,1.1775868497720618
Station 1,15810.0,3795.722896828749,-1.1858411329128609,1.1904068934980885
Station 1,15820.0,3784.119122270305,-1.1348295640839945,1.203150830800246
Station 1,15830.0,3773.027961014534,-1.0833212436374158,1.2157990889007297
Station 1,15840.0,3762.454295857402,-1.0313332809590818,1.2283295746095986
Station 1,15850.0,3752.4028339629367,-0.9788836959837052,1.2407172959262192
Station 1,15860.0,3742.878097643768,-0.9259914029356742,1.2529339275352447
Station 1,15870.0,3733.884415695826,-0.8726761902807251,1.2649473169418641
Station 1,15880.0,3725.425914830101,-0.8189586969509464,1.276720931377361
Station 1,15890.0,3717.5065112211746,-0.7648603847944964,1.2882132517146225
Station 1,15900.0,3710.1299024341806,-0.710403507266646,1.2993771296172811
Station 1,15910.0,3703.2995596829314,-0.655611074428158,1.3101591396090984
Station 1,15920.0,3697.0187204557606,-0.6005068143346495,1.3204989804708298
Station 1,15930.0,3691.2903815446502,-0.5451151309300878,1.3303290117716982
Station 1,15940.0,3686.117292511959,-0.48946105858703803,1.3395740515320416
Station 1,15950.0,3681.501949627449,-0.4335702134651661,1.3481516069480428
Station 1,15960.0,3677.446590306515,-0.3774687418878002,1.3559727529360452
Station 1,15970.0,3673.9531880783456,-0.3211832659631255,1.3629438954437898
Station 1,15980.0,3671.023448110352,-0.26474082670210464,1.3689696307437993
Station 1,15990.0,3668.658803312622,-0.2081688249085123,1.3739568057342257
Station 1,16000.0,3666.860411043192,-0.15149496013770491,1.3778196742978484
Station 1,16010.0,3665.6291504319825,-0.09474716803922922,1.3804857417048546
Station 1,16020.0,3664.965620337925,-0.03795355641408349,1.3819015620565074
Station 1,16030.0,3664.870137950496,0.018857659669971827,1.38203753044335
Station 1,16040.0,3665.342738043332,0.07565822335244338,1.3808907302821167
Station 1,16050.0,3666.3831728841137,0.13241990168493584,1.3784852205723679
Station 1,16060.0,3667.990912801232,0.18911455120606313,1.3748696988107312
Station 1,16070.0,3670.1651474042014,0.24571418302689102,1.3701130510154345
Station 1,16080.0,3672.904787451184,0.30219102707225004,1.364298684627436
Station 1,16090.0,3676.208467353485,0.35851759513151105,1.3575186227649751
Station 1,16100.0,3680.074548303464,0.41466674238407975,1.3498681560599972
Station 1,16110.0,3684.50112200904,0.4706117270796605,1.3414415312672945
Station 1,16120.0,3689.4860150148556,0.5263262680710932,1.3323288396563544
Station 1,16130.0,3695.0267935872057,0.5817845999180244,1.3226140358407286
Station 1,16140.0,3701.1207691371947,0.6369615253023813,1.3123738906538773
Station 1,16150.0,3707.765004154042,0.6918324645216137,1.3016776415327802
Station 1,16160.0,3714.956318618304,0.7463735018520239,1.2905871184407551
Station 1,16170.0,3722.691296862799,0.8005614286025026,1.279157163593775
Station 1,16180.0,3730.966294847387,0.8543737827076622,1.2674362095163694
Station 1,16190.0,3739.777447812383,0.9077888847387983,1.255466921767283
Station 1,16200.0,3749.1206782743084,0.9607858702405355,1.243286846006609
Station 1,16210.0,3758.9917043269093,1.0133447183305173,1.2309290235433805
Station 1,16220.0,3769.386048111153,1.0654462765783035,1.2184225563630282
Station 1,16230.0,3780.299044549209,1.1170722821127916,1.2057931136574884
Station 1,16240.0,3791.7258505831273,1.168205378797586,1.1930633786923914
Station 1,16250.0,3803.661454180195,1.2188291308828805,1.1802534386705354
Station 1,16260.0,3816.1006835888184,1.2689280329664028,1.167381122365989
Station 1,16270.0,3829.038216679519,1.3184875164069867,1.1544622910956974
Station 1,16280.0,3842.4685903322893,1.3674939523052614,1.1415110887333333
Station 1,16290.0,3856.386209836666,1.4159346511821072,1.1285401562032698
Station 1,16300.0,3870.7853582722587,1.4637978595015122,1.115560815425109
Station 1,16310.0,3885.6602058390013,1.5110727531979846,1.1025832271317528
Station 1,16320.0,3901.004819108092,1.557749428380318,1.0896165264267006
Station 1,16330.0,3916.8131701662874,1.6038188893926313,1.0766689394178288
Station 1,16340.0,3933.079145628135,1.6492730344208824,1.0637478837840937
Station 1,16350.0,3949.7965554926027,1.6941046388380194,1.050860055705647
Station 1,16360.0,3966.9591418225,1.738307336484149,1.038011505217121
Station 1,16370.0,3984.560587227086,1.7818755990792712,1.0252077017250483
Station 1,16380.0,4002.594523130225,1.8248047139657038,1.012453591158608
Station 1,16390.0,4021.0545378083925,1.8670907603752633,0.9997536459925194
Station 1,16400.0,4039.9341841847927,1.9087305844127016,0.9871119091864886
Station 1,16410.0,4059.226987367726,1.9497217729422265,0.9745320329218664
Station 1,16420.0,4078.92645192319,1.990062626557867,0.9620173128786275
Station 1,16430.0,4099.026068873448,2.02975213181168,0.9495707186802304
Station 1,16440.0,4119.519322415055,2.068789932865966,0.9371949210369445
Station 1,16450.0,4140.399696351368,2.107176302727365,0.92489231603682
Station 1,16460.0,4161.660680236166,2.144912114211639,0.9126650469651179
Station 1,16470.0,4183.295775226434,2.1819988107787833,0.9005150239755303
Station 1,16480.0,4205.29849964366,2.2184383773683267,0.8884439418882368
Station 1,16490.0,4227.66239424433,2.254233311355075,0.8764532963491128
Station 1,16500.0,4250.381027201379,2.2893865937355877,0.864544398550142
Station 1,16510.0,4273.447998799426,2.3239016606460603,0.8527183886821376
Station 1,16520.0,4296.8569458476295,2.357782375302496,0.8409762482664275
Station 1,16530.0,4320.6015458147795,2.391033000444701,0.829318811491492
Station 1,16540.0,4344.675520692064,2.423658171356458,0.8177467756630189
Station 1,16550.0,4369.072640589605,2.455662869525312,0.8062607108610058
Station 1,16560.0,4393.7867270734505,2.487052396997027,0.794861068884909
Station 1,16570.0,4418.811656250214,2.517832351471577,0.7835481915571486
Station 1,16580.0,4444.141361569634,2.548008602210023,0.7723223184410517
Station 1,16590.0,4469.769836274211,2.5775872668587114,0.7611835940140267
Station 1,16600.0,4495.69113603693,2.606574688773755,0.7501320744172686
Station 1,16610.0,4521.899381014967,2.634977415478717,0.7391677337197684
Station 1,16620.0,4548.388757767976,2.6628021779447693,0.7282904697872654
Station 1,16630.0,4575.153520995174,2.6900558707331,0.7175001097828527
Station 1,16640.0,4602.187995077754,2.7167455330198265,0.7067964153247884
Station 1,16650.0,4629.486575435465,2.742878330502106,0.6961790873268796
Station 1,16660.0,4657.043729706197,2.7684615381802127,0.6856477705441214
Station 1,16670.0,4684.8539987573695,2.7935025240067177,0.6752020578439777
Station 1,16680.0,4712.911997537736,2.818008733390797,0.6648414942217272
Station 1,16690.0,4741.212415778173,2.841987674542844,0.6545655805765229
Station 1,16700.0,4769.7500185497875,2.8654469046422344,0.6443737772633518
Station 1,16710.0,4798.519646687549,2.8883940168088995,0.6342655074347241
Station 1,16720.0,4827.516217087394,2.9108366278576665,0.6242401601848054
Station 1,16730.0,4856.734722884605,2.932782366812853,0.6142970935076515
Station 1,16740.0,4886.170233520937,2.954238864159315,0.6044356370803531
Station 1,16750.0,4915.817894707816,2.975213741805338,0.5946550948810504
Station 1,16760.0,4945.672928292627,2.9957146037318596,0.5849547476511288
Station 1,16770.0,4975.730632034845,3.0157490273021748,0.5753338552102257
Station 1,16780.0,5005.986379298539,3.035324555205812,0.5657916586321428
Station 1,16790.0,5036.435618667492,3.054448688010161,0.5563273822892277
Station 1,16800.0,5067.073873488898,3.0731288772934464,0.5469402357723441
Station 1,16810.0,5097.896741351359,3.091372519332713,0.5376294156931101
Station 1,16820.0,5128.899893502638,3.109186949320816,0.5283941073747054
Station 1,16830.0,5160.079074212331,3.1265794360866384,0.5192334864372106
Station 1,16840.0,5191.430100084415,3.1435571772933315,0.5101467202830801
Station 1,16850.0,5222.948859324342,3.1601272950897976,0.5011329694880924
Station 1,16860.0,5254.631310965102,3.17629683219124,0.49219138910280197
Station 1,16870.0,5286.473484056447,3.1920727483652773,0.4833211298692842
Station 1,16880.0,5318.47147682127,3.2074619173007295,0.47452133935770285
Station 1,16890.0,5350.621455782797,3.22247112383697,0.4657911630270132
Station 1,16900.0,5382.919654866205,3.2371070615324453,0.4571297452138834
Station 1,16910.0,5415.362374477855,3.2513763305517345,0.44853623005373006
Station 1,16920.0,5447.945980565321,3.2652854358512844,0.4400097623375646
Station 1,16930.0,5480.666903661086,3.278840785644797,0.4315494883081524
Station 1,16940.0,5513.521637911572,3.292048690130782,0.4231545563986915
Station 1,16950.0,5546.5067399531545,3.3049153605842583,0.4148241178958592
Station 1,16960.0,5579.61882802926,3.3174469084774225,0.4065573275870414
Station 1,16970.0,5612.854581064189,3.3296493448240394,0.39835334435711145
Station 1,16980.0,5646.210737581239,3.341528579851621,0.3902113317161447
Station 1,16990.0,5679.68409469632,3.353090422793986,0.3821304582951019
Station 1,17000.0,5713.271507109802,3.364340581852571,0.3741098983008911
Station 1,17010.0,5746.969886098329,3.375284664313556,0.36614883193314296
Station 1,17020.0,5780.776198508094,3.385928176808464,0.3582464457649304
Station 1,17030.0,5814.687465751019,3.3962765257066483,0.35040193308954115
Station 1,17040.0,5848.70076280515,3.406335017628654,0.3426144942353116
Station 1,17050.0,5882.813217220464,3.4161088600701124,0.3348833368504298
Station 1,17060.0,5917.022008131181,3.425603162126379,0.3272076761595142
Station 1,17070.0,5951.324365275579,3.434822935308715,0.3195867351936896
Station 1,17080.0,5985.717568024271,3.4437730944433924,0.3120197449957783
Station 1,17090.0,6020.198944417681,3.4524584586455584,0.30450594480216986
Station 1,17100.0,6054.765870213571,3.4608837523602887,0.2970445822028104
Station 1,17110.0,6089.41576794521,3.4690536064636497,0.28963491328071744
Station 1,17120.0,6124.146105990829,3.4769725594171335,0.2822762027323263
Station 1,17130.0,6158.954397654889,3.484645058469174,0.2749677239699115
Station 1,17140.0,6193.838200261637,3.4920754608979716,0.2677087592072645
Station 1,17150.0,6228.795114261349,3.499268035290142,0.2604985995297434
Station 1,17160.0,6263.822782349673,3.506226962850187,0.2533365449497388
Station 1,17170.0,6298.918888600311,3.5129563387360174,0.2462219044485695
Station 1,17180.0,6334.081157611389,3.519460173416216,0.23915399600573106
Station 1,17190.0,6369.307353665652,3.5257423940449524,0.23213214661640336
Station 1,17200.0,6404.595279904755,3.5318068458508147,0.2251556922980448
Station 1,17210.0,6439.942777517703,3.537657293536082,0.21822397808687516
Station 1,17220.0,6475.347724943634,3.543297422683221,0.21133635802498857
Station 1,17230.0,6510.808037088964,3.5487308411656806,0.2044921951388079
Station 1,17240.0,6546.321664558959,3.553961080560225,0.19769086140954356
Station 1,17250.0,6581.8865929037875,3.5589915975583537,0.1909317377362781
Station 1,17260.0,6617.500841878963,3.56382577537448,0.1842142138922813
Station 1,17270.0,6653.1624647202625,3.5684669251487975,0.17753768847509394
Station 3,18570.0,6659.0432323618115,-2.991368022436309,0.17535007925761642
Station 3,18580.0,6629.182276406271,-2.980780345432758,0.18090966785093252
Station 3,18590.0,6599.428487532858,-2.969934061190336,0.18648362003463406
Station 3,18600.0,6569.784468399568,-2.95882584841524,0.1920717391876811
Station 3,18610.0,6540.252855010585,-2.9474523588360615,0.19767381348300261
Station 3,18620.0,6510.836316980019,-2.935810218362948,0.20328961525015538
Station 3,18630.0,6481.537557783701,-2.923896028341281,0.2089189003177998
Station 3,18640.0,6452.359314998225,-2.911706366903907,0.21456140733571874
Station 3,18650.0,6423.30436052614,-2.8992377904260533,0.22021685707611302
Station 3,18660.0,6394.375500806386,-2.8864868350871284,0.22588495171394943
Station 3,18670.0,6365.575577008858,-2.8734500185436733,0.23156537408616856
Station 3,18680.0,6336.907465212063,-2.8601238417177464,0.2372577869296007
Station 3,18690.0,6308.374076562671,-2.8465047907051573,0.24296183209748168
Station 3,18700.0,6279.978357415865,-2.832589338807886,0.24867712975451026
Station 3,18710.0,6251.723289455179,-2.818373948695172,0.2544032775504423
Station 3,18720.0,6223.611889790639,-2.8038550746976485,0.2601398497722803
Station 3,18730.0,6195.647211033844,-2.7890291652390085,0.2658863964751764
Station 3,18740.0,6167.832341348659,-2.773892665409584,0.2716424425922484
Station 3,18750.0,6140.170404476115,-2.758442019686237,0.2774074870235803
Station 3,18760.0,6112.664559723124,-2.7426736748060785,0.283181001703731
Station 3,18770.0,6085.318001737248,-2.7265840828550596,0.2889624306283999
Station 3,18780.0,6058.133960653697,-2.7101697043689756,0.29475118890879193
Station 3,18790.0,6031.115701997914,-2.6934270116892414,0.3005466617804986
Station 3,18800.0,6004.266526491144,-2.676352492498942,0.30634820358819015
Station 3,18810.0,5977.589769881043,-2.6589426535062475,0.3121551367604607
Station 3,18820.0,5951.0888027342235,-2.6411940243020835,0.3179667507685484
Station 3,18830.0,5924.76703018898,-2.62310316139529,0.32378230107014283
Station 3,18840.0,5898.627891666447,-2.6046666524282354,0.32960100803965464
Station 3,18850.0,5872.6748605383655,-2.5858811205755665,0.3354220558864963
Station 3,18860.0,5846.911443749663,-2.56674322912842,0.34124459156310394
Station 3,18870.0,5821.341181393966,-2.5472496862661056,0.3470677236646254
Station 3,18880.0,5795.967646240256,-2.527397250016821,0.35289052132241266
Station 3,18890.0,5770.794443208699,-2.507182733408552,0.35871201309366696
Station 3,18900.0,5745.825208793887,-2.4866030098108096,0.3645311858498281
Station 3,18910.0,5721.063610433503,-2.4656550184673507,0.3703469836665378
Station 3,18920.0,5696.513345820612,-2.444335770219443,0.3761583067182702
Station 3,18930.0,5672.17814215767,-2.4226423534186283,0.3819640101809883
Station 3,18940.0,5648.061755350412,-2.400571940027293,0.38776290314647954
Station 3,18950.0,5624.167969139783,-2.3781217919046305,0.3935537475523078
Station 3,18960.0,5600.50059417011,-2.3552892672748476,0.3993352571316381
Station 3,18970.0,5577.063466991742,-2.3320718273736687,0.40510609638750666
Station 3,18980.0,5553.8604489964655,-2.3084670432683083,0.4108648795964428
Station 3,18990.0,5530.895425283988,-2.2844726028452813,0.41661016984668736
Station 3,19000.0,5508.172303457912,-2.2600863179593564,0.42234047811660824
Station 3,19010.0,5485.695012349658,-2.235306131736115,0.42805426239926647
Station 3,19020.0,5463.467500668881,-2.2101301260194313,0.43374992687945746
Station 3,19030.0,5441.493735579028,-2.1845565289542046,0.43942582116991324
Station 3,19040.0,5419.777701196777,-2.1585837226935354,0.44508023961372994
Station 3,19050.0,5398.323397014198,-2.1322102512184125,0.450711420660449
Station 3,19060.0,5377.134836242675,-2.1054348282567563,0.4563175463235898
Station 3,19070.0,5356.2160440776,-2.0782563452875826,0.461896741727794
Station 3,19080.0,5335.571055883253,-2.050673879614638,0.467447074754089
Station 3,19090.0,5315.203915297151,-2.0226867024928326,0.4729665557921145
Station 3,19100.0,5295.118672253578,-1.9942942872893377,0.47845313760847574
Station 3,19110.0,5275.319380926036,-1.965496317660107,0.48390471534067936
Station 3,19120.0,5255.810097588584,-1.9362926957212299,0.4893191266263691
Station 3,19130.0,5236.59487839634,-1.9066835501932933,0.4946941518778182
Station 3,19140.0,5217.677776989989,-1.8766692445148168,0.5000275147004652
Station 3,19150.0,5199.062842010885,-1.846250384867782,0.5053168824770988
Station 3,19160.0,5180.75411493649,-1.8154278280343983,0.5105598671744965
Station 3,19170.0,5162.755627388546,-1.784202689227357,0.5157540262823809
Station 3,19180.0,5145.071398506131,-1.7525763497257576,0.5208968639668634
Station 3,19190.0,5127.705432249917,-1.7205504643261977,0.5259858324315927
Station 3,19200.0,5110.66171463255,-1.6881269685809186,0.5310183334957527
Station 3,19210.0,5093.944210877478,-1.6553080857924019,0.5359917203986335
Station 3,19220.0,5077.556862508805,-1.6220963337330723,0.5409032998400696
Station 3,19230.0,5061.503584375154,-1.5884945310581275,0.5457503342655348
Station 3,19240.0,5045.788261610735,-1.5545058033789942,0.5505300444040387
Station 3,19250.0,5030.414746537256,-1.520133588964618,0.5552396120662134
Station 3,19260.0,5015.386855510563,-1.4853816440374472,0.5598761832090687
Station 3,19270.0,5000.708365716271,-1.4502540476310757,0.5644368712728808
Station 3,19280.0,4986.383011918949,-1.4147552059764903,0.5689187607944755
Station 3,19290.0,4972.414483169821,-1.3788898563842595,0.5733189112998667
Station 3,19300.0,4958.806419478146,-1.342663070590442,0.5776343614777141
Station 3,19310.0,4945.56240845191,-1.3060802575347286,0.5818621336334614
Station 3,19320.0,4932.685981913629,-1.269147165540164,0.5859992384222253
Station 3,19330.0,4920.180612497524,-1.2318698838650146,0.5900426798566221
Station 3,19340.0,4908.0497102344025,-1.1942548435985396,0.5939894605836308
Station 3,19350.0,4896.296619131141,-1.1563088178741168,0.5978365874224655
Station 3,19360.0,4884.9246137515765,-1.1180389213748199,0.6015810771530927
Station 3,19370.0,4873.936895806241,-1.0794526091086345,0.60521996254269
Station 3,19380.0,4863.336590758216,-1.0405576744326368,0.6087502985948345
Station 3,19390.0,4853.126744452837,-1.001362246307918,0.6121691690037229
Station 3,19400.0,4843.310319779068,-0.9618747857696811,0.6154736927931485
Station 3,19410.0,4833.890193370467,-0.9221040815996826,0.6186610311174027
Station 3,19420.0,4824.869152353813,-0.8820592451913263,0.6217283941987528
Station 3,19430.0,4816.249891153568,-0.8417497046007484,0.6246730483736511
Station 3,19440.0,4808.035008360338,-0.8011851977807093,0.627492323217475
Station 3,19450.0,4800.2270036715845,-0.7603757649974702,0.6301836187153438
Station 3,19460.0,4792.82827491271,-0.719331740434496,0.6327444124444931
Station 3,19470.0,4785.841115146733,-0.678063742990464,0.6351722667318167
Station 3,19480.0,4779.267709880497,-0.6365826662828413,0.6374648357485909
Station 3,19490.0,4773.110134375398,-0.5948996678721006,0.6396198725030591
Station 3,19500.0,4767.370351070282,-0.5530261577254223,0.6416352356905514
Station 3,19510.0,4762.050207123087,-0.510973785942527,0.643508896360062
Station 3,19520.0,4757.1514318831805,-0.46875442974466985,0.6452389443321123
Station 3,19530.0,4752.675634826555,-0.42638017979859133,0.6468235943911618
Station 3,19540.0,4748.6243036147835,-0.38386332592190175,0.6482611921693442
Station 3,19550.0,4744.998802069014,-0.34121634214448615,0.6495502196561449
Station 3,19560.0,4741.800368407663,-0.2984518712054417,0.6506893003378145
Station 3,19570.0,4739.030113641379,-0.25558270852341497,0.6516772039165789
Station 3,19580.0,4736.68902013028,-0.2126217856868634,0.6525128505757986
Station 3,19590.0,4734.777940308069,-0.16958215351361117,0.6531953147600087
Station 3,19600.0,4733.29759557717,-0.12647696473139047,0.6537238284418899
Station 3,19610.0,4732.248575378316,-0.0833194563333442,0.654097783851714
Station 3,19620.0,4731.631336437704,-0.040122931664300365,0.6543167356486423
Station 3,19630.0,4731.446202194124,0.003099257704745617,0.6543804025173252
Station 3,19640.0,4731.693362407895,0.04633373025537374,0.6542886681775688
Station 3,19650.0,4732.372872952897,0.08956709289411913,0.6540415817993109
Station 3,19660.0,4733.484655792421,0.13278595935838874,0.6536393578197266
Station 3,19670.0,4735.0284991388435,0.175976968595715,0.6530823751639038
Station 3,19680.0,4737.004057796601,0.21912680305615168,0.652371175875137
Station 3,19690.0,4739.41085368741,0.26222220683824576,0.6515064631654032
Station 3,19700.0,4742.248276555922,0.3052500036298649,0.6504890989009621
Station 3,19710.0,4745.515584853572,0.34819711438633616,0.6493201005422014
Station 3,19720.0,4749.211906797737,0.3910505746899332,0.6480006375607628
Station 3,19730.0,4753.3362416027785,0.4337975517365699,0.6465320273606099
Station 3,19740.0,4757.887460879011,0.4764253608977503,0.6449157307329654
Station 3,19750.0,4762.864310195174,0.5189214818082352,0.6431533468779425
Station 3,19760.0,4768.265410799415,0.5612735739325835,0.6412466080281836
Station 3,19770.0,4774.089261493416,0.6034694915666627,0.6391973737118756
Station 3,19780.0,4780.334240653846,0.6454972982333743,0.6370076246941186
Station 3,19790.0,4786.998608394886,0.6873452804351298,0.6346794566368198
Station 3,19800.0,4794.08050886531,0.7290019607290951,0.6322150735180005
Station 3,19810.0,4801.577972673154,0.7704561100948718,0.6296167808517108
Station 3,19820.0,4809.488919430866,0.8116967595678657,0.6268869787496308
Station 3,19830.0,4817.811160413412,0.8527132111155089,0.6240281548649427
Station 3,19840.0,4826.542401321789,0.8934950477371408,0.6210428772581653
Station 3,19850.0,4835.680245144014,0.9340321427722948,0.6179337872234673
Station 3,19860.0,4845.2221951057445,0.9743146684058315,0.6147035921124426
Station 3,19870.0,4855.165657702356,1.0143331033621825,0.6113550581905884
Station 3,19880.0,4865.5079458044565,1.054078239784575,0.6078910035597137
Station 3,19890.0,4876.246281712951,1.093541189355851,0.6043142911613846
Station 3,19900.0,4887.377800355878,1.132713388584167,0.6006278219164183
Station 3,19910.0,4898.899552794759,1.1715866031363227,0.5968345280535141
Station 3,19920.0,4910.808509402507,1.210152931550109,0.592937366563187
Station 3,19930.0,4923.101563208176,1.2484048081078671,0.5889393128664109
Station 3,19940.0,4935.775533267908,1.2863350049409856,0.5848433546990964
Station 3,19950.0,4948.827168052725,1.3239366333841462,0.5806524862282957
Station 3,19960.0,4962.253148845742,1.3612031445998056,0.5763697024138309
Station 3,19970.0,4976.05009314169,1.3981283294954578,0.5719979936266091
Station 3,19980.0,4990.214558041818,1.4347063179583508,0.5675403405325683
Station 3,19990.0,5004.743043637533,1.470931577433945,0.5629997092489972
Station 3,20000.0,5019.63199637637,1.5067989108761126,0.558379046777867
Station 3,20010.0,5034.877812404232,1.5423034540982516,0.5536812767188524
Station 3,20020.0,5050.476840878072,1.5774406725556886,0.5489092952629163
Station 3,20030.0,5066.425387243519,1.6122063575906131,0.5440659674656337
Station 3,20040.0,5082.719716472313,1.646596622171518,0.5391541237979122
Station 3,20050.0,5099.356056254651,1.6806078961595152,0.5341765569703935
Station 3,20060.0,5116.330600141938,1.7142369211343453,0.5291360190265727
Station 3,20070.0,5133.639510635746,1.7474807448128815,0.5240352186985979
Station 3,20080.0,5151.278922219095,1.7803367150930138,0.5188768190187472
Station 3,20090.0,5169.244944326507,1.8128024737554351,0.5136634351787892
Station 3,20100.0,5187.533664249637,1.8448759498556926,0.5083976326287172
Station 3,20110.0,5206.14114997553,1.876555352838153,0.5030819254058156
Station 3,20120.0,5225.063452954972,1.9078391654031108,0.4977187746845345
Station 3,20130.0,5244.296610798573,1.9387261361573982,0.49231058753732804
Station 3,20140.0,5263.836649898685,1.9692152720780594,0.4868597158963457
Station 3,20150.0,5283.679587975371,1.9993058308177991,0.4813684557057199
Station 3,20160.0,5303.821436545073,2.028997312879754,0.4758390462541036
Station 3,20170.0,5324.258203310799,2.058289453688261,0.47027366967711565
Station 3,20180.0,5344.985894472932,2.087182215580966,0.46467445061941237
Station 3,20190.0,5366.000516960052,2.1156757797466597,0.4590434560462023
Station 3,20200.0,5387.298080579318,2.1437705381318013,0.4533826951942251
Station 3,20210.0,5408.874600086273,2.171467085337654,0.4476941196523856
Station 3,20220.0,5430.726097174051,2.198766210528556,0.44197962356251763
Station 3,20230.0,5452.848602382217,2.2256688893706955,0.4362410439310085
Station 3,20240.0,5475.238156925691,2.252176276019443,0.4304801610423349
Station 3,20250.0,5497.890814439107,2.2782896951756033,0.42469869896511936
Station 3,20260.0,5520.80264247787,2.3040106343422506,0.4188983261181798
Station 3,20270.0,5543.969724284482,2.3293407359467313,0.41308065596347293
Station 3,20280.0,5567.388160322639,2.3542817896577466,0.40724724774805227
Station 3,20290.0,5591.054069650301,2.378835724892218,0.40139960729444757
Station 3,20300.0,5614.963591282676,2.403004603411729,0.3955391878556572
Station 3,20310.0,5639.112885481333,2.4267906120608553,0.3896673910189627
Station 3,20320.0,5663.498134971044,2.450196055656118,0.38378556765245986
Station 3,20330.0,5688.11554608584,2.4732233500332685,0.37789501888856813
Station 3,20340.0,5712.961349846014,2.4958750152595806,0.371996997139131
Station 3,20350.0,5738.031802967768,2.518153669016982,0.36609270713706055
Station 3,20360.0,5763.323188807283,2.540062020160844,0.36018330699981854
Station 3,20370.0,5788.831818241007,2.561602862458484,0.35426990931035557
Station 3,20380.0,5814.554030484054,2.5827790685105976,0.3483535822114288
Station 3,20390.0,5840.486193848596,2.6035935838580833,0.34243535050954094
Station 3,20400.0,5866.624706444077,2.62404942127603,0.3365161967850158
Station 3,20410.0,5892.96599682129,2.644149655255946,0.3305970625050077
Station 3,20420.0,5919.506524562125,2.66389741667672,0.32467884913651346
Station 3,20430.0,5946.242780816973,2.6832958876642423,0.3187624192566898
Station 3,20440.0,5973.171288791691,2.7023482966390286,0.3128485976580401
Station 3,20450.0,6000.288604186038,2.721057913550787,0.30693817244623267
Station 3,20460.0,6027.591315585473,2.7394280452983426,0.3010318961285567
Station 3,20470.0,6055.076044808193,2.7574620313330023,0.29513048669119096
Station 3,20480.0,6082.7394472092665,2.775163239443017,0.289234628663676
Station 3,20490.0,6110.578211943684,2.7925350617165146,0.2833449741691398
Station 3,20500.0,6138.589062190135,2.8095809106799434,0.2774621439590003
Station 3,20510.0,6166.76875533726,2.8263042156088343,0.2715867284310225
Station 3,20520.0,6195.114083134104,2.842708419007448,0.26571928862975147
Station 3,20530.0,6223.6218718065165,2.8587969732536678,0.2598603572284714
Station 3,20540.0,6252.288982141066,2.8745733374053133,0.25401043949198143
Station 3,20550.0,6281.112309538161,2.8900409741639637,0.24817001421956908
Station 3,20560.0,6310.08878403591,2.905203346992159,0.24233953466769984
Station 3,20570.0,6339.215370306251,2.9200639173798404,0.23651942945200793
Station 3,20580.0,6368.489067624863,2.934626142255759,0.23071010342829054
Station 3,20590.0,6397.906909816252,2.9488934715395425,0.2249119385522738
Station 3,20600.0,6427.465965175471,2.9628693458300557,0.21912529471800257
Station 3,20610.0,6457.163336367758,2.9765571942257063,0.2133505105747745
Station 3,20620.0,6486.996160244534,2.989960432319835,0.20758790431346316
Station 3,20630.0,6516.961607619557,3.0030824603440713,0.20183777442713627
Station 3,20640.0,6547.056883329369,3.015926661194416,0.19610040049532582
Station 3,20650.0,6577.279225944343,3.0284963988159426,0.19037604389983068
Station 3,20660.0,6607.625907567289,3.0407950166276607,0.18466494853333787
Station 3,20670.0,6638.094233623001,3.0528258360492324,0.1789673414880345
Station 2,20860.0,6658.246012586546,-3.5909085104790006,0.17532873037906418
Station 2,20870.0,6622.363061448335,-3.585647315913605,0.18202843319964226
Station 2,20880.0,6586.533761175437,-3.5801777450597814,0.18876828624677006
Station 2,20890.0,6550.760213345439,-3.5744962194120924,0.1955488477428958
Station 2,20900.0,6515.044555700773,-3.5685990842614737,0.20237068256469493
Station 2,20910.0,6479.388962919242,-3.5624826073231857,0.20923436218217692
Station 2,20920.0,6443.795647398705,-3.556142977369138,0.2161404645856185
Station 2,20930.0,6408.266860055916,-3.549576302867406,0.22308957419944325
Station 2,20940.0,6372.804891139456,-3.542778610632018,0.23008228178211595
Station 2,20950.0,6337.412071056721,-3.535745844486265,0.23711918431105947
Station 2,20960.0,6302.090771214839,-3.528473863943147,0.24420088485155286
Station 2,20970.0,6266.84340487538,-3.5209584429068403,0.2513279924084865
Station 2,20980.0,6231.67242800308,-3.5131952684084045,0.2585011217577474
Station 2,20990.0,6196.580339964656,-3.5051799394418772,0.2657208932418746
Station 2,21000.0,6161.569684658835,-3.496907965639922,0.2729879325887384
Station 2,21010.0,6126.643051369746,-3.4883747661348687,0.28030287067555154
Station 2,21020.0,6091.803075641756,-3.4795756684531196,0.2876663432714404
Station 2,21030.0,6057.0524402028705,-3.4705059074426132,0.2950789907586877
Station 2,21040.0,6022.393875898252,-3.4611606242581656,0.3025414578268579
Station 2,21050.0,5987.830162633249,-3.45153486541142,0.3100543931380527
Station 2,21060.0,5953.3641303253025,-3.4416235818926357,0.3176184489614255
Station 2,21070.0,5918.998659863961,-3.4314216283720063,0.32523428077499766
Station 2,21080.0,5884.73668407821,-3.420923762488672,0.33290254683267945
Station 2,21090.0,5850.5811887102045,-3.4101246442361868,0.3406239076942975
Station 2,21100.0,5816.535213394413,-3.399018835453633,0.3483990257162916
Station 2,21110.0,5782.601852641111,-3.3876007994322586,0.3562285645006091
Station 2,21120.0,5748.784256823021,-3.3758649006480077,0.3641131882991859
Station 2,21130.0,5715.085633163835,-3.3638054046309973,0.3720535613712454
Station 2,21140.0,5681.509246727193,-3.351416477983541,0.3800503472904958
Station 2,21150.0,5648.05842140465,-3.3386921885590786,0.3881042081991217
Station 2,21160.0,5614.736540900914,-3.3256265058149457,0.39621580400530443
Station 2,21170.0,5581.547049714678,-3.3122133013526276,0.4043857915208026
Station 2,21180.0,5548.493454113053,-3.2984463496599083,0.4126148235349272
Station 2,21190.0,5515.579323097596,-3.2843193290699655,0.4209035478210327
Station 2,21200.0,5482.808289359699,-3.269825822953213,0.429252606071422
Station 2,21210.0,5450.184050222982,-3.2549593211584957,0.4376626327563149
Station 2,21220.0,5417.710368570137,-3.2397132217208764,0.4461342539022888
Station 2,21230.0,5385.391073751542,-3.224080832854131,0.4546680857853101
Station 2,21240.0,5353.230062472697,-3.2080553752467105,0.4632647335332099
Station 2,21250.0,5321.231299657451,-3.1916299846807346,0.47192478963212686
Station 2,21260.0,5289.398819283694,-3.1747977149943174,0.4806488323311321
Station 2,21270.0,5257.736725188048,-3.1575515414081776,0.48943742393888756
Station 2,21280.0,5226.249191835832,-3.139884364238274,0.4982911090058297
Station 2,21290.0,5194.940465052412,-3.1217890130167705,0.5072104123849522
Station 2,21300.0,5163.814862711753,-3.103258251044354,0.5161958371638492
Station 2,21310.0,5132.876775377806,-3.084284780397401,0.5252478624602187
Station 2,21320.0,5102.130666894124,-3.0648612474141173,0.5343669410725133
Station 2,21330.0,5071.58107491683,-3.0449802486841118,0.5435534969769219
Station 2,21340.0,5041.232611382759,-3.0246343375678064,0.5528079226609325
Station 2,21350.0,5011.089962738029,-3.0038160313473994,0.5621305762661584
Station 2,21360.0,4981.157890413141,-2.982517818796466,0.5715217785827336
Station 2,21370.0,4951.441231125247,-2.9607321684169876,0.5809818098352196
Station 2,21380.0,4921.944896964408,-2.9384515373600264,0.5905109062485483
Station 2,21390.0,4892.673875462124,-2.9156683809626944,0.6001092564017781
Station 2,21400.0,4863.633229560764,-2.89237516296418,0.6097769973472449
Station 2,21410.0,4834.828097477036,-2.8685643664247773,0.6195142104800563
Station 2,21420.0,4806.263692452311,-2.844228505370939,0.6293209171417896
Station 2,21430.0,4777.945302382507,-2.819360137188409,0.6391970739409852
Station 2,21440.0,4749.878289319925,-2.7939518757841637,0.6491425677717009
Station 2,21450.0,4722.068088839295,-2.7679964055363153,0.6591572105098938
Station 2,21460.0,4694.520209260076,-2.741486496049323,0.6692407333657532
Station 2,21470.0,4667.2402307169095,-2.7144150177296678,0.6793927808683177
Station 2,21480.0,4640.233804069987,-2.6867749581946287,0.6896129044566994
Station 2,21490.0,4613.506649646978,-2.6585594395240624,0.6999005556500445
Station 2,21500.0,4587.064555808068,-2.6297617363617336,0.7102550787659413
Station 2,21510.0,4560.91337732566,-2.600375294869276,0.7206757031542669
Station 2,21520.0,4535.059033570218,-2.5703937525317957,0.7311615349105308
Station 2,21530.0,4509.507506493806,-2.53981095880971,0.741711548029459
Station 2,21540.0,4484.26483840296,-2.508620996626609,0.752324574955949
Station 2,21550.0,4459.337129512618,-2.476818204677588,0.7629992964865185
Station 2,21560.0,4434.730535273077,-2.444397200536824,0.7737342309699461
Station 2,21570.0,4410.45126346214,-2.4113529045369084,0.7845277227509534
Station 2,21580.0,4386.505571034944,-2.377680564385969,0.7953779297954187
Station 2,21590.0,4362.899760724352,-2.343375780481385,0.8062828104297821
Station 2,21600.0,4339.640177385203,-2.308434531871624,0.8172401091208945
Station 2,21610.0,4316.733204076279,-2.2728532028097104,0.8282473412156373
Station 2,21620.0,4294.185257874441,-2.2366286098337103,0.8393017765521199
Station 2,21630.0,4272.002785416035,-2.1997580293010355,0.8504004218462208
Station 2,21640.0,4250.192258161524,-2.162239225294532,0.8615400017486377
Station 2,21650.0,4228.760167380101,-2.1240704778092665,0.872716938458599
Station 2,21660.0,4207.713018852011,-2.085250611119686,0.883927329771011
Station 2,21670.0,4187.057327287386,-2.045779022217579,0.8951669254242361
Station 2,21680.0,4166.799610461495,-2.0056557092018314,0.906431101606286
Station 2,21690.0,4146.94638306757,-1.9648812994918945,0.9177148334680948
Station 2,21700.0,4127.504150289725,-1.9234570777276998,0.9290126654844825
Station 2,21710.0,4108.47940096142,-1.8813850132496068,0.9403186794862297
Station 2,21720.0,4089.878600615557,-1.8386677868965324,0.9516264602193727
Station 2,21730.0,4071.7081844175323,-1.79530881700834,0.9629290582537984
Station 2,21740.0,4053.9745495485304,-1.7513122845690303,0.974218950044654
Station 2,21750.0,4036.684047460669,-1.7066831571855903,0.985487995026073
Station 2,21760.0,4019.8429758984057,-1.6614272117651727,0.9967273895946323
Station 2,21770.0,4003.457570700083,-1.6155510557056934,1.007927617884868
Station 2,21780.0,3987.533997395393,-1.569062146411901,1.0190783992905743
Station 2,21790.0,3972.0783426164885,-1.5219688089475372,1.0301686327587685
Station 2,21800.0,3957.096605342367,-1.4742802516341933,1.0411863379842297
Station 2,21810.0,3942.594687998005,-1.4260065794092134,1.0521185937686022
Station 2,21820.0,3928.578387431618,-1.377158804758488,1.0629514739876489
Station 2,21830.0,3915.0533857952205,-1.3277488560452924,1.0736699818431448
Station 2,21840.0,3902.02524135543,-1.2777895830638053,1.084257983372693
Station 2,21850.0,3889.4993792631208,-1.2272947596551722,1.0946981415630026
Station 2,21860.0,3877.4810823121,-1.1762790832355638,1.1049718528706503
Station 2,21870.0,3865.9754817184244,-1.1247581710991286,1.1150591885088037
Station 2,21880.0,3854.98754795327,-1.072748553374384,1.1249388435142584
Station 2,21890.0,3844.5220816634064,-1.0202676625302016,1.1345880973655338
Station 2,21900.0,3834.583704714246,-0.9673338193471045,1.143982790767633
Station 2,21910.0,3825.1768513911975,-0.9139662152909259,1.153097324124313
Station 2,21920.0,3816.305759795575,-0.8601848912490202,1.1619046841335914
Station 2,21930.0,3807.9744634715703,-0.8060107126136428,1.170376505787042
Station 2,21940.0,3800.186783300826,-0.7514653407229371,1.1784831777126332
Station 2,21950.0,3792.9463197009254,-0.6965712006968566,1.1861939991201027
Station 2,21960.0,3786.25644516359,-0.6413514457327839,1.193477396395196
Station 2,21970.0,3780.1202971675843,-0.5858299179536818,1.2003012064255154
Station 2,21980.0,3774.5407715002725,-0.5300311059296933,1.206633031803489
Station 2,21990.0,3769.5205160204036,-0.4739800990219861,1.2124406699536523
Station 2,22000.0,3765.061924893081,-0.4177025387248774,1.217692613874147
Station 2,22010.0,3761.1671333259947,-0.3612245672087895,1.2223586166239575
Station 2,22020.0,3757.8380128338035,-0.3045727732914546,1.2264103052053181
Station 2,22030.0,3755.076167055191,-0.24777413608844046,1.2298218226249409
Station 2,22040.0,3752.882928144478,-0.19085596661540205,1.2325704704676266
Station 2,22050.0,3751.25935375687,-0.13384584763374296,1.2346373192690145
Station 2,22060.0,3750.206224643364,-0.07677157204805385,1.2360077513567418
Station 2,22070.0,3749.7240428368864,-0.01966108017137791,1.2366719014935048
Station 2,22080.0,3749.813030297422,0.03745760385188035,1.2366249650507803
Station 2,22090.0,3750.4731286988585,0.09455643598075325,1.2358673514960676
Station 2,22100.0,3751.7039994684587,0.1516074163662725,1.2344046717312518
Station 2,22110.0,3753.505024515073,0.2085826532103472,1.2322475602403558
Station 2,22120.0,3755.875307629258,0.26545442603735236,1.2294113452045357
Station 2,22130.0,3758.8136765113127,0.3221952480456701,1.2259155902354737
Station 2,22140.0,3762.3186854163987,0.37877792720995507,1.221783538888953
Station 2,22150.0,3766.3886184026937,0.43517562581696934,1.2170414969619916
Station 2,22160.0,3771.021493165428,0.49136191813267205,1.2117181877155505
Station 2,22170.0,3776.2150654367047,0.5473108459159556,1.2058441121255998
Station 2,22180.0,3781.9668339282657,0.6029969715144452,1.1994509409424838
Station 2,22190.0,3788.274045791858,0.6583954283000317,1.1925709587651214
Station 2,22200.0,3795.1337025694934,0.7134819682259183,1.1852365734800472
Station 2,22210.0,3802.5425666038936,0.768233006312463,1.1774798980397603
Station 2,22220.0,3810.49716787761,0.822625661895933,1.1693324061605501
Station 2,22230.0,3818.99381124774,0.8766377965017425,1.160824659348412
Station 2,22240.0,3828.028584041995,0.9302480482317922,1.1519860997433804
Station 2,22250.0,3837.597363980841,0.9834358625835276,1.1428449014925632
Station 2,22260.0,3847.695827389789,1.0361815196463406,1.133427872524335
Station 2,22270.0,3858.3194576654846,1.088466157648002,1.1237603984762126
Station 2,22280.0,3869.4635539591263,1.1402717928505295,1.1138664209106517
Station 2,22290.0,3881.1232400408335,1.1915813358199943,1.1037684426494647
Station 2,22300.0,3893.293473308975,1.2423786041189366,1.0934875539200464
Station 2,22310.0,3905.969053909059,1.2926483314924155,1.0830434739252697
Station 2,22320.0,3919.144633927591,1.342376173639399,1.0724546033485909
Station 2,22330.0,3932.8147266273263,1.391548710680139,1.061738084139721
Station 2,22340.0,3946.9737156915326,1.4401534464469368,1.0509098636687237
Station 2,22350.0,3961.615864446234,1.4881788047406483,1.0399847609776516
Station 2,22360.0,3976.735325030849,1.5356141227079136,1.0289765333989436
Station 2,22370.0,3992.3261474893275,1.5824496415049447,1.0178979422551935
Station 2,22380.0,4008.382288755494,1.6286764944221308,1.0067608167154543
Station 2,22390.0,4024.897621508127,1.6742866926505084,0.9955761151700758
Station 2,22400.0,4041.8659428731685,1.719273108875686,0.9843539837104905
Station 2,22410.0,4059.280982952239,1.763629458887699,0.9731038114730647
Station 2,22420.0,4077.1364131586042,1.8073502813963236,0.9618342827365277
Station 2,22430.0,4095.4258543294904,1.850430916250347,0.9505534257573726
Station 2,22440.0,4114.142884442403,1.892867481363244,0.9392686583792039
Station 2,22450.0,4133.281046511518,1.9346568481283408,0.9279868305891404
Station 2,22460.0,4152.83385596454,1.9757966159339473,0.916714264082558
Station 2,22470.0,4172.794807746058,2.0162850858200683,0.9054567890166146
Station 2,22480.0,4193.157383201926,2.056121233389168,0.8942197781287347
Station 2,22490.0,4213.915056689279,2.095304681161158,0.8830081783857783
Station 2,22500.0,4235.061301907479,2.133835670524075,0.8718265403339162
Station 2,22510.0,4256.589597946715,2.1717150334233297,0.8606790453147328
Station 2,22520.0,4278.493435052328,2.208944163923691,0.849569530706233
Station 2,22530.0,4300.766320104308,2.2455249897687852,0.8385015133391239
Station 2,22540.0,4323.401781812544,2.281459944053849,0.8274782112295888
Station 2,22550.0,4346.39337562957,2.316751937117881,0.8165025637602602
Station 2,22560.0,4369.734688383495,2.351404328752234,0.8055772504315413
Station 2,22570.0,4393.419342634827,2.3854209008133394,0.7947047082960736
Station 2,22580.0,4417.441000761629,2.4188058303183646,0.783887148180176
Station 2,22590.0,4441.793368778267,2.451563663093776,0.7731265697875431
Station 2,22600.0,4466.470199893631,2.4836992880383617,0.7624247757725217
Station 2,22610.0,4491.465297815267,2.5152179120541893,0.7517833848628264
Station 2,22620.0,4516.7725198064045,2.546125035691136,0.7412038441047092
Station 2,22630.0,4542.385779503218,2.576426429543468,0.7306874402972439
Station 2,22640.0,4568.299049500079,2.6061281114298906,0.72023531067664
Station 2,22650.0,4594.506363710751,2.6352363243821113,0.7098484529061894
Station 2,22660.0,4621.001819513794,2.663757515460931,0.6995277344226547
Station 2,22670.0,4647.779579690513,2.6916983154132836,0.6892739011855453
Station 2,22680.0,4674.833874163958,2.719065519178523,0.6790875858717625
Station 2,22690.0,4702.159001547531,2.7458660672475963,0.6689693155545055
Station 2,22700.0,4729.749330511685,2.77210702787441,0.658919518902098
Station 2,22710.0,4757.599300977348,2.7977955801349266,0.6489385329294374
Station 2,22720.0,4785.703425144418,2.8229389978260024,0.6390266093321229
Station 2,22730.0,4814.056288363778,2.8475446341929738,0.6291839204309149
Station 2,22740.0,4842.652549861028,2.871619907472227,0.6194105647519864
Station 2,22750.0,4871.486943320022,2.8951722872326937,0.6097065722664747
Station 2,22760.0,4900.554277334134,2.918209281498088,0.6000719093110316
Station 2,22770.0,4929.849435732954,2.940738424630059,0.5905064832094701
Station 2,22780.0,4959.367377791952,2.9627672659508972,0.5810101466141041
Station 2,22790.0,4989.103138331198,2.9843033590842287,0.571582701583894
Station 2,22800.0,5019.051827565831,3.005354252114761,0.5622239033934073
Station 2,22810.0,5049.208631120432,3.025927478209521,0.5529334641465469
Station 2,22820.0,5079.56880990817,3.0460305469012074,0.5437110561689024
Station 2,22830.0,5110.127699778064,3.0656709361236834,0.534556315171492
Station 2,22840.0,5140.880711164132,3.0848560847793722,0.5254688432324985
Station 2,22850.0,5171.8233286625355,3.103593385876325,0.5164482115971442
Station 2,22860.0,5202.951110542378,3.121890180209747,0.5074939633063041
Station 2,22870.0,5234.259688195482,3.1397537505629427,0.49860561566380657
Station 2,22880.0,5265.744765530264,3.157191316402952,0.4897826625517418
Station 2,22890.0,5297.4021183146315,3.1742100290465336,0.4810245766025318
Station 2,22900.0,5329.227593472464,3.1908169672726245,0.47233081123599485
Station 2,22910.0,5361.2171083380945,3.207019133357906,0.4637008025691411
Station 2,22920.0,5393.3666498729835,3.222823449512744,0.4551339712059756
Station 2,22930.0,5425.672273848474,3.238236754695331,0.4466297239141727
Station 2,22940.0,5458.130103998364,3.2532658017826046,0.4381874551950813
Station 2,22950.0,5490.736331144803,3.267917255077151,0.429806548753142
Station 2,22960.0,5523.487212300801,3.282197688130044,0.42148637887047824
Station 2,22970.0,5556.379069752465,3.296113581860298,0.4132263116920605
Station 2,22980.0,5589.408290123838,3.3096713229523878,0.4050257064265748
Station 2,22990.0,5622.571323427112,3.3228772025139675,0.396883916467817
Station 2,23000.0,5655.86468210072,3.3357374149767494,0.38880029044117365
Station 2,23010.0,5689.28494003772,3.3482580572241805,0.38077417317950046
Station 2,23020.0,5722.828731606673,3.3604451279303316,0.3728049066324652
Station 2,23030.0,5756.492750667072,3.37230452709513,0.36489183071320713
Station 2,23040.0,5790.27374958128,3.383842055761769,0.35703428408593524
Station 2,23050.0,5824.168538224701,3.395063415902836,0.3492316048979154
Station 2,23060.0,5858.173982995863,3.4059742104623933,0.34148313145908143
Station 2,23070.0,5892.287005827956,3.416579943541874,0.3337882028723445
Station 2,23080.0,5926.504583203136,3.4268860207183467,0.32614615961750026
Station 2,23090.0,5960.823745171011,3.436897749484279,0.31855634409147543
Station 2,23100.0,5995.241574372369,3.446620339798573,0.31101810110750416
Station 2,23110.0,6029.755205069301,3.4560589047391836,0.3035307783556877
Station 2,23120.0,6064.361822182681,3.465218461248252,0.29609372682724466
Station 2,23130.0,6099.058660337876,3.47410393096113,0.28870630120464896
Station 2,23140.0,6133.843002919535,3.482720141111286,0.28136786021971555
Station 2,23150.0,6168.712181136146,3.4910718255035094,0.2740777669815873
Station 2,23160.0,6203.663573038752,3.499163625594502,0.26683538926817146
Station 2,23170.0,6238.694602512623,3.5070000916678152,0.2596400997839526
Station 2,23180.0,6273.802738599471,3.514585683788975,0.25249127644114344
Station 2,23190.0,6308.985494495571,3.5219247730713974,0.24538830256924565
Station 2,23200.0,6344.2404266626145,3.529021642905283,0.23833056711612338
Station 2,23210.0,6379.565133959135,3.5358804902125014,0.2313174648297127
Station 2,23220.0,6414.957256784097,3.5425054267297043,0.22434839642043647
Station 2,23230.0,6450.414476233032,3.548900480315257,0.2174227687055521
Station 2,23240.0,6485.934513266932,3.555069596275981,0.21053999473660187
Station 2,23250.0,6521.51512789415,3.5610166387099116,0.20369949391105427
Station 2,23260.0,6557.154118365487,3.566745391861616,0.19690069206918226
Station 2,23270.0,6592.849320382615,3.5722595614868355,0.19014302157714516
Station 2,23280.0,6628.598606319964,3.5775627762234796,0.18342592139720246
Station 2,23290.0,6664.3998844601565,3.5826585889662215,0.17674883714592626
Station 1,25750.0,6642.467639673532,-3.6085594214647205,0.1808838512244173
Station 1,25760.0,6606.4040846684575,-3.604119351964787,0.1876425138126013
Station 1,25770.0,6570.385902719573,-3.59948424666535,0.1944439183331894
Station 1,25780.0,6534.415061198397,-3.5946506920501804,0.20128871528443365
Station 1,25790.0,6498.493561985256,-3.589615198441135,0.2081775655811718
Station 1,25800.0,6462.623442240617,-3.5843741984355626,0.2151111406626466
Station 1,25810.0,6426.8067751918215,-3.5789240453341393,0.22209012259622252
Station 1,25820.0,6391.045670935284,-3.573261011561008,0.22911520417656792
Station 1,25830.0,6355.342277254214,-3.56738128707849,0.23618708901982305
Station 1,25840.0,6319.698780451967,-3.561280977798729,0.24330649165224733
Station 1,25850.0,6284.117406201025,-3.5549561039949182,0.2504741375928102
Station 1,25860.0,6248.600420407638,-3.548402598715004,0.257690763429153
Station 1,25870.0,6213.1501300920845,-3.541616306201014,0.2649571168863167
Station 1,25880.0,6177.768884284536,-3.534592980317445,0.2722739568875923
Station 1,25890.0,6142.459074936398,-3.527328282992445,0.2796420536068126
Station 1,25900.0,6107.223137847051,-3.519817782675888,0.28706218851135734
Station 1,25910.0,6072.063553605777,-3.512056952818676,0.2945351543951233
Station 1,25920.0,6036.982848548724,-3.504041170378104,0.3020617554006302
Station 1,25930.0,6001.983595730587,-3.4957657143543974,0.30964280702942265
Station 1,25940.0,5967.068415910775,-3.487225764363982,0.31727913613986347
Station 1,25950.0,5932.239978553616,-3.4784163992554924,0.32497158093136197
Station 1,25960.0,5897.501002842264,-3.4693325957749432,0.33272099091403745
Station 1,25970.0,5862.854258705721,-3.459969227287,0.3405282268627653
Station 1,25980.0,5828.3025678585145,-3.450321062559778,0.34839416075448076
Station 1,25990.0,5793.848804852323,-3.4403827646211305,0.35631967568758394
Station 1,26000.0,5759.495898138863,-3.430148889694951,0.3643056657822077
Station 1,26010.0,5725.246831143226,-3.419613886226614,0.37235303606006426
Station 1,26020.0,5691.104643346778,-3.4087720940072876,0.3804627023025107
Station 1,26030.0,5657.072431378617,-3.39761774340747,0.38863559088542426
Station 1,26040.0,5623.153350114482,-3.3861449547308435,0.39687263858939553
Station 1,26050.0,5589.350613781922,-3.3743477377001843,0.4051747923836933
Station 1,26060.0,5555.667497070363,-3.3622199910878057,0.41354300918238107
Station 1,26070.0,5522.107336244639,-3.3497555025038306,0.421978255570889
Station 1,26080.0,5488.673530260341,-3.3369479483562823,0.43048150750129593
Station 1,26090.0,5455.36954187931,-3.3237908939979057,0.4390537499544693
Station 1,26100.0,5422.198898783332,-3.3102777940753887,0.4476959765671759
Station 1,26110.0,5389.165194683981,-3.29640199309756,0.4564091892221805
Station 1,26120.0,5356.272090341585,-3.2821567262829605,0.4651943975901104
Station 1,26130.0,5323.5233145834745,-3.2675351206484486,0.4740526186328618
Station 1,26140.0,5290.922665616911,-3.2525301962257074,0.4829848760951378
Station 1,26150.0,5258.474011974052,-3.237134867756213,0.4919921999111277
Station 1,26160.0,5226.18129355328,-3.2213419466367084,0.5010756255769451
Station 1,26170.0,5194.048522643365,-3.205144143200195,0.5102361934731883
Station 1,26180.0,5162.079784922707,-3.188534069357731,0.5194749481347175
Station 1,26190.0,5130.279240429964,-3.171504241624916,0.5287929374651705
Station 1,26200.0,5098.651124502112,-3.1540470845579094,0.5381912118937036
Station 1,26210.0,5067.199748675707,-3.1361549346246633,0.5476708234713967
Station 1,26220.0,5035.929501546926,-3.1178200445379893,0.5572328249047261
Station 1,26230.0,5004.844849585607,-3.0990345880778376,0.5668782685234879
Station 1,26240.0,4973.950337898308,-3.0797906654309686,0.5766082051805393
Station 1,26250.0,4943.250590935105,-3.060080309076882,0.5864236830807102
Station 1,26260.0,4912.7503131344765,-3.039895490249506,0.5963257465362674
Station 1,26270.0,4882.454289500503,-3.019228126004672,0.6063154346462968
Station 1,26280.0,4852.367386106112,-2.998070086923843,0.6163937798974392
Station 1,26290.0,4822.494550515916,-2.976413205484808,0.6265618066834461
Station 1,26300.0,4792.840812121872,-2.954249285130294,0.6368205297410919
Station 1,26310.0,4763.411282384651,-2.931570110065343,0.6471709525000645
Station 1,26320.0,4734.211154973276,-2.90836745581418,0.6576140653445782
Station 1,26330.0,4705.245705795398,-2.88463310056683,0.6681508437845566
Station 1,26340.0,4676.52029291014,-2.860358837345175,0.6787822465344046
Station 1,26350.0,4648.040356315234,-2.8355364870171913,0.6895092134975691
Station 1,26360.0,4619.811417599885,-2.8101579121869493,0.700332663655277
Station 1,26370.0,4591.839079454503,-2.7842150319865135,0.711253492858086
Station 1,26380.0,4564.129025028198,-2.757699837794012,0.7222725715191431
Station 1,26390.0,4536.687017124748,-2.7306044098999833,0.7333907422083359
Station 1,26400.0,4509.518897227458,-2.7029209351415844,0.7446088171468419
Station 1,26410.0,4482.630584343229,-2.674641725521146,0.7559275756019511
Station 1,26420.0,4456.028073655974,-2.6457592378222823,0.7673477611823959
Station 1,26430.0,4429.7174349793695,-2.6162660942326603,0.7788700790348831
Station 1,26440.0,4403.704810998944,-2.5861551039783572,0.790495192942918
Station 1,26450.0,4377.996415293401,-2.555419285969615,0.8022237223295245
Station 1,26460.0,4352.598530125165,-2.524051892452453,0.8140562391659554
Station 1,26470.0,4327.517503990152,-2.4920464336545747,0.8259932647890044
Station 1,26480.0,4302.759748880014,-2.459396703423989,0.8380352666267269
Station 1,26490.0,4278.331737141103,-2.42609680587162,0.8501826548286711
Station 1,26500.0,4254.239998521272,-2.3921411827270784,0.8624357788570433
Station 1,26510.0,4230.491116562403,-2.357524641756592,0.874794923965378
Station 1,26520.0,4207.091724770972,-2.322242385964684,0.8872603076152344
Station 1,26530.0,4184.048502518703,-2.286290043549241,0.899832075831095
Station 1,26540.0,4161.368170639742,-2.2496636985529084,0.9125102994971727
Station 1,26550.0,4139.057486717841,-2.2123599221306707,0.9252949706027029
Station 1,26560.0,4117.1232400578165,-2.1743758043426396,0.9381859984425175
Station 1,26570.0,4095.572246336561,-2.135708986369879,0.9511832057797538
Station 1,26580.0,4074.411341929967,-2.0963576930396624,0.9642863249774012
Station 1,26590.0,4053.647377913311,-2.0563207655349496,0.9774949941049553
Station 1,26600.0,4033.287213733913,-2.0155976941509888,0.9908087530257271
Station 1,26610.0,4013.3377105564414,-1.9741886509504465,1.0042270394690695
Station 1,26620.0,3993.8057242826244,-1.932094522156726,1.017749185090065
Station 1,26630.0,3974.69809824892,-1.889316940113958,1.0313744115166712
Station 1,26640.0,3956.0216556073874,-1.845858314631307,1.0451018263808614
Station 1,26650.0,3937.7831913969194,-1.8017218635190217,1.0589304193256417
Station 1,26660.0,3919.989464313962,-1.7569116421142792,1.0728590579735597
Station 1,26670.0,3902.647188193901,-1.7114325715863177,1.0868864838340568
Station 1,26680.0,3885.7630232164565,-1.6652904658032361,1.1010113081159785
Station 1,26690.0,3869.3435668506218,-1.6184920565367418,1.1152320073970263
Station 1,26700.0,3853.3953445569528,-1.571045016776853,1.1295469190825795
Station 1,26710.0,3837.9248002673007,-1.5229579819258487,1.1439542365605164
Station 1,26720.0,3822.938286664404,-1.4742405686401034,1.158452003924074
Station 1,26730.0,3808.4420552860556,-1.4249033910897841,1.1730381100880505
Station 1,26740.0,3794.442246480853,-1.3749580744100312,1.1877102820599714
Station 1,26750.0,3780.9448792447665,-1.3244172651233361,1.2024660770401554
Station 1,26760.0,3767.955840969928,-1.273294638321358,1.2173028729026114
Station 1,26770.0,3755.480877139108,-1.2216049014055685,1.2322178564367599
Station 1,26780.0,3743.52558100127,-1.1693637942001107,1.2472080084842478
Station 1,26790.0,3732.095383265406,-1.1165880852666312,1.2622700847489583
Station 1,26800.0,3721.1955418514276,-1.063295564270214,1.277400590533225
Station 1,26810.0,3710.831131738313,-1.009505030267309,1.2925957468655627
Station 1,26820.0,3701.007034950868,-0.9552362758109678,1.307851444280168
Station 1,26830.0,3691.7279307273743,-0.9005100667954407,1.3231631786253835
Station 1,26840.0,3682.998285907834,-0.8453481179912494,1.3385259602654864
Station 1,26850.0,3674.8223453964815,-0.7897730642596927,1.3539341830901095
Station 1,26860.0,3667.204123293626,-0.7338084274066917,1.3693814314004866
Station 1,26870.0,3660.1473942765065,-0.6774785788135715,1.3848601881058495
Station 1,26880.0,3653.6556852241747,-0.6208086978824685,1.4003613812362692
Station 1,26890.0,3647.7322673648023,-0.5638247264032499,1.415873655813165
Station 1,26900.0,3642.380148898582,-0.5065533190069571,1.4313821591160292
Station 1,26910.0,3637.6020681344576,-0.4490217898935731,1.446866420063031
Station 1,26920.0,3633.4004871768943,-0.3912580560560286,1.4622964402456096
Station 1,26930.0,3629.777586196498,-0.33329057725514155,1.4776249977873104
Station 1,26940.0,3626.735258315609,-0.2751482930311935,1.4927712234049306
Station 1,26950.0,3624.2751051369846,-0.21686055706652785,1.5075819158640977
Station 1,26960.0,3622.398432940406,-0.15845706923984382,1.5217291113253408
Station 1,26970.0,3621.106249568553,-0.09996780573569519,1.5344061797882942
Station 1,26980.0,3620.3992620196973,-0.04142294759242737,1.5434609715680916
Station 1,26990.0,3620.2778747609245,0.01714719191233227,1.5447732558843696
Station 1,27000.0,3620.742188771477,0.07571224062762982,1.537414988125926
Station 1,27010.0,3621.792001321698,0.13424184122793936,1.5254293757251043
Station 1,27020.0,3623.4268064888474,0.19270572482245685,1.5115696288966554
Station 1,27030.0,3625.6457964068118,0.25107378405382286,1.4968925524460477
Station 1,27040.0,3628.4478632425744,0.3093161452702686,1.4818128394591308
Station 1,27050.0,3631.8316018881847,0.367403239364823,1.4665170691120786
Station 1,27060.0,3635.795313352946,0.4253058708887443,1.4511006841608818
Station 1,27070.0,3640.3370088367456,0.4829952850639374,1.4356179933171513
Station 1,27080.0,3645.45441446173,0.5404432323401787,1.420102758387506
Station 1,27090.0,3651.1449766361743,0.5976220301673829,1.4045776000120007
Station 1,27100.0,3657.405868021186,0.6545046216804229,1.3890586773329916
Station 1,27110.0,3664.233994068007,0.7110646310237534,1.3735581840700637
Station 1,27120.0,3671.6260000911284,0.7672764150750302,1.3580857583584587
Station 1,27130.0,3679.5782788401702,0.8231151113600705,1.3426493179059193
Station 1,27140.0,3688.0869785315585,0.8785566819862078,1.3272555749372288
Station 1,27150.0,3697.14801129951,0.9335779534561108,1.3119103646894843
Station 1,27160.0,3706.7570620246047,0.9881566522594587,1.2966188611776368
Station 1,27170.0,3716.9095974973543,1.0422714361748442,1.2813857225564986
Station 1,27180.0,3727.6008758737344,1.0959019212486902,1.2662151912647786
Station 1,27190.0,3738.8259563793868,1.1490287044510177,1.251111164415518
Station 1,27200.0,3750.5797092191733,1.2016333820399803,1.2360772441955459
Station 1,27210.0,3762.856825491836,1.2536985637802696,1.2211167745784675
Station 1,27220.0,3775.651827471584,1.3052078829186735,1.206232868556596
Station 1,27230.0,3788.9590789993586,1.356146002088088,1.1914284287021615
Station 1,27240.0,3802.772795691244,1.4064986154463441,1.1767061629660993
Station 1,27250.0,3817.087055251574,1.4562524470448843,1.1620685970862195
Station 1,27260.0,3831.8958077512752,1.505395245649247,1.1475180845497692
Station 1,27270.0,3847.192885836976,1.5539157762043854,1.1330568147900366
Station 1,27280.0,3862.9720148383803,1.6018038081503354,1.1186868201070903
Station 1,27290.0,3879.2268227435366,1.6490501008039962,1.1044099816686734
Station 1,27300.0,3895.9508500137877,1.6956463860299458,1.0902280348513658
Station 1,27310.0,3913.1375592125087,1.741585348428449,1.0761425741124824
Station 1,27320.0,3930.7803444239767,1.7868606032712853,1.0621550575323326
Station 1,27330.0,3948.8725404410716,1.8314666724165023,1.0482668111288167
Station 1,27340.0,3967.4074317027735,1.875398958431663,1.0344790330183533
Station 1,27350.0,3986.3782609647365,1.9186537171516105,1.0207927974761468
Station 1,27360.0,4005.778237688433,1.9612280288919006,1.0072090589330076
Station 1,27370.0,4025.6005461365507,2.0031197685322195,0.9937286559340393
Station 1,27380.0,4045.838353164418,2.044327574676587,0.9803523150754984
Station 1,27390.0,4066.4848156992693,2.084850818088051,0.9670806549293269
Station 1,27400.0,4087.5330879010953,2.124689569585896,0.9539141899598111
Station 1,27410.0,4108.976328000608,2.1638445675829105,0.9408533344329857
Station 1,27420.0,4130.807704811645,2.2023171854291683,0.9278984063166846
Station 1,27430.0,4153.020403916847,2.240109398717467,0.9150496311671055
Station 1,27440.0,4175.607633527042,2.277223752693876,0.9023071459964357
Station 1,27450.0,4198.562630016023,2.3136633299051086,0.8896710031151732
Station 1,27460.0,4221.8786631337925,2.3494317182028572,0.8771411739422562
Station 1,27470.0,4245.549040902378,2.3845329792134695,0.8647175527759344
Station 1,27480.0,4269.567114199396,2.4189716173702123,0.8523999605182823
Station 1,27490.0,4293.926281035485,2.4527525495942326,0.84018814834645
Station 1,27500.0,4318.619990532445,2.4858810756997585,0.8280818013240593
Station 1,27510.0,4343.641746609747,2.518362849588863,0.8160805419465502
Station 1,27520.0,4368.985111387533,2.5502038512913967,0.8041839336147755
Station 1,27530.0,4394.6437083148985,2.5814103598966427,0.7923914840316143
Station 1,27540.0,4420.611225032494,2.6119889274143704,0.7807026485170004
Station 1,27550.0,4446.881415978963,2.6419463535952077,0.7691168332372447
Station 1,27560.0,4473.448104750912,2.6712896617325113,0.7576333983451454
Station 1,27570.0,4500.3051861132235,2.700026075553188,0.7462516610124695
Station 1,27580.0,4527.44662790582,2.728162997030344,0.7349708983817084
Station 1,27590.0,4554.866472890877,2.7557079850595794,0.7237903504459172
Station 1,27600.0,4582.5588401117675,2.782668735369752,0.7127092227925321
Station 1,27610.0,4610.517926167264,2.809053061352264,0.7017266892619782
Station 1,27620.0,4638.738006298872,2.8348688758805425,0.6908418945068201
Station 1,27630.0,4667.21343530074,2.8601241741055414,0.6800539564512886
Station 1,27640.0,4695.938648261842,2.8848270172094788,0.6693619686514707
Station 1,27650.0,4724.908161150041,2.908985517097266,0.6587650025567647
Station 1,27660.0,4754.116571247241,2.932607822002548,0.6482621096735561
Station 1,27670.0,4783.558557444766,2.9557021029834134,0.6378523236323185
Station 1,27680.0,4813.228880407768,2.978276541280971,0.6275346621596177
Station 1,27690.0,4843.122382617184,3.0003393165128185,0.6173081289566991
Station 1,27700.0,4873.233988297504,3.0218985956721904,0.6071717154865651
Station 1,27710.0,4903.558703238281,3.0429625229029162,0.5971244026715888
Station 1,27720.0,4934.091614517069,3.0635392100197434,0.5871651625038651
Station 1,27730.0,4964.827890131084,3.083636727743228,0.5772929595706305
Station 1,27740.0,4995.762778544663,3.1032630976182998,0.5675067524971661
Station 1,27750.0,5026.891608159204,3.122426284585698,0.5578054953096883
Station 1,27760.0,5058.209786712021,3.141134190175602,0.5481881387207895
Station 1,27770.0,5089.71280061022,3.159394646293233,0.5386536313400329
Station 1,27780.0,5121.396214205378,3.1772154095665677,0.5292009208123358
Station 1,27790.0,5153.255669014558,3.1946041562269656,0.5198289548867889
Station 1,27800.0,5185.286882892862,3.2115684774941173,0.5105366824185605
Station 1,27810.0,5217.485649162432,3.228115875437422,0.5013230543065287
Station 1,27820.0,5249.847835702617,3.244253759286819,0.49218702436924977
Station 1,27830.0,5282.369384005605,3.259989442166744,0.4831275501618673
Station 1,27840.0,5315.046308201733,3.275330138227942,0.4741435937365063
Station 1,27850.0,5347.874694058265,3.2902829601526338,0.46523412234866746
Station 1,27860.0,5380.8506979553695,3.304854917009566,0.45639810911207085
Station 1,27870.0,5413.970545842603,3.319052912436305,0.44763453360437166
Station 1,27880.0,5447.23053217915,3.332883743127165,0.4389423824260824
Station 1,27890.0,5480.627018860743,3.3463540976060324,0.43032064971498973
Station 1,27900.0,5514.1564341360245,3.3594705552643505,0.42176833761829
Station 1,27910.0,5547.815271514967,3.3722395856453753,0.41328445672458664
Station 1,27920.0,5581.600088671659,3.384667547956787,0.4048680264578453
Station 1,27930.0,5615.507506292242,3.396760690837075,0.39651807542776857
Station 1,27940.0,5649.5342068622185,3.40852515237476,0.3882336417357703
Station 1,27950.0,5683.676933802377,3.419966960014429,0.3800137733008012
Station 1,27960.0,5717.932490258254,3.4310920309068194,0.37185752810529804
Station 1,27970.0,5752.297737990852,3.44190617233908,0.36376397442506897
Station 1,27980.0,5786.769596283156,3.452415082295384,0.35573219103362824
Station 1,27990.0,5821.345040852452,3.462624350144968,0.3477612673809339
Station 1,28000.0,5856.021102769594,3.472539457446054,0.33985030374807307
Station 1,28010.0,5890.794867386477,3.4821657788549363,0.3319984113793296
Station 1,28020.0,5925.663473272696,3.4915085831301402,0.32420471259303585
Station 1,28030.0,5960.62411116236,3.5005730342221346,0.3164683408725387
Station 1,28040.0,5995.674022911959,3.5093641924397536,0.30878844093853614
Station 1,28050.0,6030.810500469957,3.517887015684999,0.30116416880400626
Station 1,28060.0,6066.030884858903,3.5261463607484815,0.29359469181287234
Station 1,28070.0,6101.332565170602,3.534146984658233,0.28607918866349374
Station 1,28080.0,6136.7129775749,3.541893546075161,0.27861684941803444
Station 1,28090.0,6172.169604342585,3.54939060672886,0.2712068754986851
Station 1,28100.0,6207.699972882786,3.5566426328879017,0.26384847967168423
Station 1,28110.0,6243.301654795214,3.5636539968592498,0.25654088602002434
Station 1,28120.0,6278.972264937597,3.5704289785116967,0.24928332990568453
Station 1,28130.0,6314.709460508495,3.5769717668187244,0.24207505792219108
Station 1,28140.0,6350.5109401457485,3.583286461416451,0.23491532783825378
Station 1,28150.0,6386.374443040695,3.5893770741727193,0.2278034085331982
Station 1,28160.0,6422.297748068274,3.5952475307636433,0.22073857992486412
Station 1,28170.0,6458.278672933141,3.6009016722542766,0.2137201328906023
Station 1,28180.0,6494.315073331799,3.6063432566802796,0.2067473691819787
Station 1,28190.0,6530.404842130778,3.611575960627788,0.1998196013337413
Station 1,28200.0,6566.545908560864,3.6166033808088685,0.1929361525675927
Station 1,28210.0,6602.736237427363,3.6214290356302135,0.1860963566912548
Station 1,28220.0,6638.973828336294,3.6260563667529184,0.1792995579933137
Station 3,29150.0,6645.8962638736675,-3.633882763956483,0.17744710587264437
Station 3,29160.0,6609.580072263454,-3.6293226848388978,0.1842333064853899
Station 3,29170.0,6573.310472912344,-3.624563740069283,0.19106242785193167
Station 3,29180.0,6537.089471727245,-3.6196024680625367,0.1979351242249625
Station 3,29190.0,6500.919109617916,-3.614435329805595,0.20485206030098768
Station 3,29200.0,6464.801463278579,-3.609058707270501,0.2118139113229648
Station 3,29210.0,6428.738645985443,-3.603468901817952,0.21882136317843964
Station 3,29220.0,6392.732808410131,-3.59766213259343,0.22587511249269965
Station 3,29230.0,6356.786139449197,-3.591634534918179,0.23297586671643927
Station 3,29240.0,6320.900867069796,-3.585382158677593,0.24012434420738385
Station 3,29250.0,6285.079259171508,-3.5789009667097478,0.2473212743053067
Station 3,29260.0,6249.323624464382,-3.572186833197151,0.25456739739980877
Station 3,29270.0,6213.636313363217,-3.565235542064979,0.26186346499021573
Station 3,29280.0,6178.0197188979455,-3.5580427853894507,0.2692102397368983
Station 3,29290.0,6142.476277640152,-3.5506041618202255,0.2766084955032779
Station 3,29300.0,6107.0084706455345,-3.542915175021125,0.28405901738773565
Station 3,29310.0,6071.618824412169,-3.534971232133766,0.2915626017446036
Station 3,29320.0,6036.309911854389,-3.5267676422691348,0.2991200561933542
Station 3,29330.0,6001.084353292001,-3.5182996150324706,0.30673219961507225
Station 3,29340.0,5965.944817454529,-3.50956225908733,0.314399862135224
Station 3,29350.0,5930.894022500121,-3.50055058076508,0.3221238850916913
Station 3,29360.0,5895.934737048665,-3.4912594827265915,0.3299051209869837
Station 3,29370.0,5861.069781228658,-3.4816837626834034,0.3377444334234692
Station 3,29380.0,5826.302027737158,-3.471818112186134,0.34564269702042544
Station 3,29390.0,5791.634402912264,-3.4616571154885074,0.35360079731161853
Station 3,29400.0,5757.0698878173,-3.4511952484959183,0.3616196306220788
Station 3,29410.0,5722.611519325703,-3.44042687781336,0.3697001039215272
Station 3,29420.0,5688.262390993393,-3.4293462600060534,0.3778431346307421
Station 3,29430.0,5654.025654416845,-3.417947540726634,0.3860496504558476
Station 3,29440.0,5619.904520357355,-3.4062247541099864,0.3943205891659501
Station 3,29450.0,5585.902259787303,-3.3941718223409167,0.4026568983347052
Station 3,29460.0,5552.022205013659,-3.3817825553347762,0.41105953505983683
Station 3,29470.0,5518.267750803468,-3.369050650584397,0.41952946565032967
Station 3,29480.0,5484.642355509659,-3.355969693187937,0.4280676652793574
Station 3,29490.0,5451.149542195309,-3.3425331560730607,0.4366751176009259
Station 3,29500.0,5417.7928997542695,-3.328734400433828,0.4453528143281281
Station 3,29510.0,5384.576084026066,-3.314566676397429,0.45410175477082376
Station 3,29520.0,5351.502818902582,-3.3000231239389364,0.4629229453304587
Station 3,29530.0,5318.576897424093,-3.2850967740631045,0.4718173989496762
Station 3,29540.0,5285.8021828618275,-3.269780550273218,0.48078613451425173
Station 3,29550.0,5253.182609784116,-3.2540672703479343,0.4898301762048358
Station 3,29560.0,5220.722185103,-3.2379496484480623,0.49895055279586326
Station 3,29570.0,5188.424989097905,-3.221420297576155,0.5081482968989292
Station 3,29580.0,5156.295176412751,-3.2044717324127694,0.5174244441478395
Station 3,29590.0,5124.336977022633,-3.18709637255419,0.526780032322466
Station 3,29600.0,5092.554697166011,-3.1692865461773887,0.5362161004084378
Station 3,29610.0,5060.952720238004,-3.1510344941588455,0.5457336875896542
Station 3,29620.0,5029.535507640157,-3.1323323746747564,0.5553338321705037
Station 3,29630.0,4998.307599581781,-3.1131722683109917,0.5650175704246201
Station 3,29640.0,4967.27361582764,-3.0935461837119056,0.5747859353669362
Station 3,29650.0,4936.438256386529,-3.0734460637978214,0.5846399554457338
Station 3,29660.0,4905.8063021349235,-3.0528637925815914,0.5945806531513342
Station 3,29670.0,4875.382615369598,-3.0317912026151848,0.6046090435380338
Station 3,29680.0,4845.172140282833,-3.0102200830976096,0.6147261326558268
Station 3,29690.0,4815.179903353466,-2.9881421886757176,0.6249329158884441
Station 3,29700.0,4785.411013646745,-2.965549248969606,0.6352303761941845
Station 3,29710.0,4755.870663015668,-2.942432978854149,0.645619482246008
Station 3,29720.0,4726.564126196088,-2.918785089527997,0.6561011864673394
Station 3,29730.0,4697.496760787674,-2.8945973004008327,0.6666764229599971
Station 3,29740.0,4668.67400711237,-2.8698613518289506,0.6773461053206844
Station 3,29750.0,4640.101387941858,-2.84456901872815,0.6881111243424501
Station 3,29760.0,4611.7845080850975,-2.818712125091699,0.6989723455975143
Station 3,29770.0,4583.72905382686,-2.792282559439344,0.7099306068978688
Station 3,29780.0,4555.9407922078535,-2.7652722912214616,0.7209867156300048
Station 3,29790.0,4528.425569995288,-2.73767338826379,0.7321414459468276
Station 3,29800.0,4501.189312594845,-2.7094780351365455,0.7433955358406963
Station 3,29810.0,4474.238023039408,-2.6806785524316323,0.7547496841013209
Station 3,29820.0,4447.577780383895,-2.6512674172453323,0.7662045470947899
Station 3,29830.0,4421.214738035234,-2.621237284616593,0.7777607354128496
Station 3,29840.0,4395.155121863581,-2.5905810099978086,0.7894188103729358
Station 3,29850.0,4369.405228083295,-2.559291672755995,0.8011792803641884
Station 3,29860.0,4343.971420893442,-2.5273626006958945,0.8130425970343557
Station 3,29870.0,4318.860129867681,-2.494787395589997,0.8250091513118818
Station 3,29880.0,4294.077847083608,-2.4615599596935587,0.8370792692567046
Station 3,29890.0,4269.631123981816,-2.4276745232149115,0.8492532077322634
Station 3,29900.0,4245.52656794541,-2.3931256727032943,0.861531149889897
Station 3,29910.0,4221.770838590977,-2.35790838030748,0.8739132004551599
Station 3,29920.0,4198.370643762656,-2.322018033849175,0.8863993808034502
Station 3,29930.0,4175.332735221491,-2.2854504676452625,0.8989896238096454
Station 3,29940.0,4152.663904022978,-2.248201994002411,0.9116837684530986
Station 3,29950.0,4130.370975576568,-2.2102694352968513,0.9244815541550498
Station 3,29960.0,4108.460804381791,-2.171650156540685,0.9373826148202299
Station 3,29970.0,4086.940268436687,-2.1323420983245627,0.950386472547753
Station 3,29980.0,4065.81626331548,-2.092343810014608,0.9634925309680611
Station 3,29990.0,4045.0956959135874,-2.0516544830695627,0.976700068152257
Station 3,30000.0,4024.785477859594,-2.010273984331944,0.9900082290271199
Station 3,30010.0,4004.892518595224,-1.9682028891351269,1.0034160172126996
Station 3,30020.0,3985.423718126073,-1.925442514056469,1.016922286178846
Station 3,30030.0,3966.385959447575,-1.8819949491352588,1.0305257295911054
Station 3,30040.0,3947.786100652544,-1.8378630893634431,1.0442248706836932
Station 3,30050.0,3929.6309667286328,-1.7930506652469378,1.058018050455739
Station 3,30060.0,3911.927341056098,-1.7475622722262742,1.0719034144341235
Station 3,30070.0,3894.681956618387,-1.7014033987369825,1.0858788976786276
Station 3,30080.0,3877.901486940391,-1.6545804526836183,1.0999422076180063
Station 3,30090.0,3861.5925367713444,-1.6071007860958029,1.1140908041930961
Station 3,30100.0,3845.761632531854,-1.5589727177311539,1.1283218766363405
Station 3,30110.0,3830.4152125467376,-1.5102055533882073,1.1426323160249323
Station 3,30120.0,3815.5596170878625,-1.4608096036928675,1.157018682490696
Station 3,30130.0,3801.2010782534285,-1.4107961991245177,1.1714771656317076
Station 3,30140.0,3787.345709712485,-1.3601777020528851,1.1860035362164638
Station 3,30150.0,3773.999496339719,-1.308967515565429,1.200593086655767
Station 3,30160.0,3761.168283565291,-1.2571800888971116,1.2152405568689637
Station 3,30170.0,3748.8577671178496,-1.2048309191577515,1.229940041041014
Station 3,30180.0,3737.07348259491,-1.1519365493188505,1.2446848690825696
Station 3,30190.0,3725.820794949961,-1.0985145622380026,1.2594674543505369
Station 3,30200.0,3715.104888143395,-1.044583570556186,1.2742790958994816
Station 3,30210.0,3704.9307549150512,-0.9901632023664739,1.2891097187701852
Station 3,30220.0,3695.3031867211944,-0.9352740825615171,1.3039475288554712
Station 3,30230.0,3686.226763879487,-0.8799378097960214,1.3187785485264476
Station 3,30240.0,3677.7058459660298,-0.8241769290310745,1.3335859836053654
Station 3,30250.0,3669.7445625087134,-0.7680148996601417,1.3483493484722116
Station 3,30260.0,3662.3468040209495,-0.7114760592504374,1.3630432393277128
Station 3,30270.0,3655.516213419358,-0.6545855829688596,1.3776355882510878
Station 3,30280.0,3649.256177868081,-0.5973694387975799,1.3920851405455952
Station 3,30290.0,3643.5698210912324,-0.5398543386808192,1.4063377564295676
Station 3,30300.0,3638.459996193305,-0.4820676857803945,1.4203209198416968
Station 3,30310.0,3633.929279025483,-0.4240375180530982,1.433935516405622
Station 3,30320.0,3629.9799621334787,-0.36579244839737446,1.4470435305552907
Station 3,30330.0,3626.614049319849,-0.3073616016494438,1.4594499898026514
Station 3,30340.0,3623.833250850834,-0.24877454873956606,1.470878007231303
Station 3,30350.0,3621.638979334485,-0.1900612383472462,1.4809394336326747
Station 3,30360.0,3620.0323462933347,-0.1312519264191565,1.4891154384888963
Station 3,30370.0,3619.0141594511188,-0.07237710393518926,1.4947855083797168
Station 3,30380.0,3618.5849207491196,-0.013467423325999928,1.4973605828513938
Station 3,30390.0,3618.7448251035694,0.0454463760407513,1.496515552449004
Station 3,30400.0,3619.4937599113514,0.10433354287853946,1.4923619607218634
Station 3,30410.0,3620.8313053069223,0.16316338907245154,1.48538529136397
Station 3,30420.0,3622.756735169057,0.22190536440893638,1.4762147953000389
Station 3,30430.0,3625.2690188716856,0.28052913051576933,1.4654301821630116
Station 3,30440.0,3628.366823768853,0.3390046335911181,1.4534856200534576
Station 3,30450.0,3632.0485183996743,0.39730217551313785,1.440711125864493
Station 3,30460.0,3636.312176395122,0.4553924829381153,1.4273398967193767
Station 3,30470.0,3641.155581064712,0.5132467740154547,1.4135362980702966
Station 3,30480.0,3646.5762306374886,0.570836822371853,1.3994174094853618
Station 3,30490.0,3652.5713441284083,0.6281350180439447,1.385068049527754
Station 3,30500.0,3659.1378677981434,0.6851144250685064,1.3705508832294593
Station 3,30510.0,3666.2724821715533,0.7417488354714146,1.3559131640602138
Station 3,30520.0,3673.971609499999,0.7980128194668493,1.341191251751403
Station 3,30530.0,3682.2314216543446,0.8538817716868682,1.3264136729811582
Station 3,30540.0,3691.047848889696,0.9093319530265928,1.3116032238059467
Station 3,30550.0,3700.416588561328,0.9643405283934703,1.2967784355381473
Station 3,30560.0,3710.3331143274713,1.0188856000440802,1.281954612338029
Station 3,30570.0,3720.792685673792,1.0729462365026086,1.267144576537412
Station 3,30580.0,3731.7903577043767,1.1265024970545676,1.2523592116338524
Station 3,30590.0,3743.32099115516,1.1795354518380845,1.2376078632307834
Station 3,30600.0,3755.3792625859946,1.232027197586366,1.2228986388835814
Station 3,30610.0,3767.9596747083474,1.2839608691046105,1.2082386350715997
Station 3,30620.0,3781.056566806521,1.3353206465917555,1.193634111000856
Station 3,30630.0,3794.6641252115687,1.3860917589423258,1.1790906231737146
Station 3,30640.0,3808.776393788505,1.4362604831855745,1.1646131307029952
Station 3,30650.0,3823.3872843990953,1.4858141402388152,1.1502060785962467
Station 3,30660.0,3838.4905873043886,1.5347410871682912,1.1358734642999395
Station 3,30670.0,3854.079981473121,1.5830307061649478,1.1216188914153895
Station 3,30680.0,3870.1490447642723,1.6306733904535136,1.1074456135065975
Station 3,30690.0,3886.6912639542984,1.6776605273618097,1.093356570199048
Station 3,30700.0,3903.700044581823,1.723984478783039,1.079354417238953
Station 3,30710.0,3921.1687205849526,1.7696385592672041,1.0654415517898141
Station 3,30720.0,3939.090563708733,1.8146170119789158,1.0516201339496232
Station 3,30730.0,3957.458792662631,1.8589149827577771,1.0378921052506827
Station 3,30740.0,3976.266582010278,1.902528492514564,1.024259204735821
Station 3,30750.0,3995.507070776001,1.945454408191564,1.0107229830761402
Station 3,30760.0,4015.173370754964,1.98769041250925,0.9972848150962103
Station 3,30770.0,4035.2585745158535,2.029234972713583,0.9839459109958799
Station 3,30780.0,4055.755763087213,2.0700873085295033,0.9707073264979161
Station 3,30790.0,4076.6580133204684,2.1102473595162623,0.957569972103816
Station 3,30800.0,4097.958404924666,2.1497157520097208,0.944534621603178
Station 3,30810.0,4119.650027169641,2.1884937658253385,0.9316019199529257
Station 3,30820.0,4141.72598525611,2.2265833008841636,0.9187723906194893
Station 3,30830.0,4164.179406352648,2.2639868439119883,0.9060464424587186
Station 3,30840.0,4187.003445301042,2.3007074353499357,0.8934243761936388
Station 3,30850.0,4210.191289992762,2.3367486366025765,0.8809063905384872
Station 3,30860.0,4233.736166420505,2.3721144977377824,0.8684925880081027
Station 3,30870.0,4257.631343409886,2.4068095257407807,0.8561829804443107
Station 3,30880.0,4281.870137021096,2.440838653427084,0.8439774942827573
Station 3,30890.0,4306.445914475106,2.474207209232437,0.8318759755587769
Station 3,30900.0,4331.352098206442,2.5069208874408795,0.8198781947508887
Station 3,30910.0,4356.58216933685,2.538985719487117,0.8079838513839812
Station 3,30920.0,4382.129670864609,2.5704080461779415,0.7961925784361535
Station 3,30930.0,4407.988210625886,2.601194490821913,0.7845039465673668
Station 3,30940.0,4434.1514639916695,2.6313519333365076,0.7729174681723012
Station 3,30950.0,4460.613176310279,2.660887485357281,0.7614326012644934
Station 3,30960.0,4487.367165105597,2.689808466366235,0.750048753197956
Station 3,30970.0,4514.407322041361,2.7181223808499793,0.7387652842317604
Station 3,30980.0,4541.727614661812,2.7458368964920905,0.727581510942583
Station 3,30990.0,4569.322087919174,2.7729598233987356,0.7164967094897582
Station 3,31000.0,4597.184865498244,2.799499094351521,0.705510118737136
Station 3,31010.0,4625.310150948426,2.8254627460771684,0.6946209432358041
Station 3,31020.0,4653.692228633299,2.850858901519719,0.6838283560715919
Station 3,31030.0,4682.325464507747,2.8756957530975025,0.6731315015811603
Station 3,31040.0,4711.204306732395,2.899981546924134,0.6625294979404207
Station 3,31050.0,4740.32328613497,2.9237245679702824,0.6520214396289674
Station 3,31060.0,4769.677016527852,2.9469331261407428,0.6416063997741903
Station 3,31070.0,4799.2601948909205,2.9696155432396116,0.6312834323787054
Station 3,31080.0,4829.067601428438,2.991780140794899,0.6210515744347314
Station 3,31090.0,4859.094099508447,3.013435228712754,0.6109098479290366
Station 3,31100.0,4889.334635492908,3.034589094730689,0.6008572617420461
Station 3,31110.0,4919.784238466377,3.0552499946385114,0.590892813444721
Station 3,31120.0,4950.438019870805,3.0754261432354126,0.5810154909967666
Station 3,31130.0,4981.291173053684,3.095125705991418,0.5712242743497264
Station 3,31140.0,5012.338972736445,3.1143567913815042,0.561518136958484
Station 3,31150.0,5043.576774409713,3.1331274438608867,0.5518960472046411
Station 3,31160.0,5075.000013661678,3.1514456374502444,0.5423569697352416
Station 3,31170.0,5106.604205445546,3.169319269900238,0.5328998667202106
Station 3,31180.0,5138.384943291745,3.1867561574051644,0.5235236990318635
Station 3,31190.0,5170.337898470231,3.2037640298362855,0.514227427349763
Station 3,31200.0,5202.458819107965,3.2203505264661234,0.5050100131941414
Station 3,31210.0,5234.743529266334,3.236523192155829,0.4958704198910369
Station 3,31220.0,5267.1879279830355,3.252289473978532,0.48680761347222085
Station 3,31230.0,5299.787988282639,3.2676567182525815,0.4778205635129142
Station 3,31240.0,5332.539756158617,3.282632167960489,0.46890824391002944
Station 3,31250.0,5365.43934939108,3.297222960657956,0.46006963358151703
Station 3,31260.0,5398.482956596876,3.311436126501779,0.4513037171495861
Station 3,31270.0,5431.666836215601,3.3252785866157306,0.44260948556907753
Station 3,31280.0,5464.987315340285,3.338757151884536,0.43398593668403024
Station 3,31290.0,5498.440788612464,3.351878521956467,0.4254320757493759
Station 3,31300.0,5532.023717108061,3.3646492845003957,0.4169469159089209
Station 3,31310.0,5565.732627216546,3.3770759146987785,0.40852947863194256
Station 3,31320.0,5599.564109515737,3.3891647749590565,0.40017879411060825
Station 3,31330.0,5633.51481764433,3.400922114826739,0.3918939016203881
Station 3,31340.0,5667.581467174168,3.4123540710844225,0.3836738498454982
Station 3,31350.0,5701.760834484103,3.4234666680217636,0.3755176971713603
Station 3,31360.0,5736.049755637088,3.4342658178623013,0.36742451194596853
Station 3,31370.0,5770.445125262078,3.44475732133379,0.35939337271197636
Station 3,31380.0,5804.943895442131,3.454946868369472,0.351423368411241
Station 3,31390.0,5839.543074610015,3.4648400389285006,0.34351359856347646
Station 3,31400.0,5874.239726452481,3.474442303924352,0.33566317342060625
Station 3,31410.0,5909.0309688242805,3.4837590262508393,0.3278712140983179
Station 3,31420.0,5943.9139726728745,3.4927954618959185,0.320136852686261
Station 3,31430.0,5978.885960974722,3.5015567611341303,0.3124592323382603
Station 3,31440.0,6013.94420768388,3.510047969789118,0.30483750734384696
Station 3,31450.0,6049.086036693686,3.5182740305582145,0.29727084318234004
Station 3,31460.0,6084.30882081204,3.526239784391633,0.28975841656067003
Station 3,31470.0,6119.6099807509045,3.533949971919296,0.28229941543604653
Station 3,31480.0,6154.9869841304335,3.5414092349188393,0.27489303902454565
Station 3,31490.0,6190.4373444982,3.5486221178187787,0.2675384977966029
Station 3,31500.0,6225.958620363802,3.555593069231249,0.26023501346038147
Station 3,31510.0,6261.548414249187,3.5623264435091357,0.25298181893390803
Station 3,31520.0,6297.204371754915,3.5688265023228287,0.24577815830682637
Station 3,31530.0,6332.924180642561,3.5750974162521696,0.23862328679257833
Station 3,31540.0,6368.705569933399,3.5811432663894953,0.23151647067177042
Station 3,31550.0,6404.5463090234725,3.586968045950053,0.22445698722744328
Station 3,31560.0,6440.444206815151,3.592575661886295,0.21744412467292187
Station 3,31570.0,6476.39711086515,3.597969936502919,0.2104771820728863
Station 3,31580.0,6512.40290654909,3.603154609069711,0.20355546925825777
Station 3,31590.0,6548.459516242507,3.6081333374295874,0.19667830673547373
Station 3,31600.0,6584.564898518305,3.612909699599353,0.18984502559067837
Station 3,31610.0,6620.717047267442,3.6174871954385277,0.1830549673757176
Station 3,31620.0,6656.913990929529,3.6218692482387773,0.17630748400192808
Station 2,31820.0,6654.970071769581,-2.7030731026661003,0.17689607185601455
Station 2,31830.0,6628.015873595904,-2.6877210357011903,0.18193889511839836
Station 2,31840.0,6601.216565807314,-2.6720946316947947,0.1869809489436189
Station 2,31850.0,6574.574903688222,-2.65619150931609,0.1920217162878713
Station 2,31860.0,6548.093666231228,-2.6400093081445135,0.19706066053731955
Station 2,31870.0,6521.775655915995,-2.6235456911977426,0.20209722503093436
Station 2,31880.0,6495.6236984626985,-2.606798347555193,0.2071308325826182
Station 2,31890.0,6469.640642559116,-2.5897649950780637,0.21216088500349434
Station 2,31900.0,6443.82935956042,-2.5724433832267386,0.21718676262529987
Station 2,31910.0,6418.192743160756,-2.554831295976234,0.22220782382589516
Station 2,31920.0,6392.733709035654,-2.5369265548301634,0.22722340455797407
Station 2,31930.0,6367.455194454324,-2.5187270219334907,0.23223281788213865
Station 2,31940.0,6342.360157860894,-2.5002306032841513,0.23723535350557146
Station 2,31950.0,6317.4515784236555,-2.4814352520433323,0.24223027732763494
Station 2,31960.0,6292.732455551364,-2.4623389719440225,0.2472168309937887
Station 2,31970.0,6268.20580836104,-2.44293982080135,0.25219423145771236
Station 2,31980.0,6243.8746749413685,-2.4232359141633157,0.2571616705365755
Station 2,31990.0,6219.742111986092,-2.4032254289355404,0.2621183145246229
Station 2,32000.0,6195.811194134262,-2.382906607188627,0.26706330379151294
Station 2,32010.0,6172.085013256545,-2.3622777600533578,0.27199575239649615
Station 2,32020.0,6148.566677746816,-2.341337271690884,0.2769147477261878
Station 2,32030.0,6125.259311773281,-2.3200836033493912,0.28181935015286613
Station 2,32040.0,6102.166054488283,-2.2985152975041094,0.28670859271541954
Station 2,32050.0,6079.290059196026,-2.276630982077018,0.29158148082517327
Station 2,32060.0,6056.634492477418,-2.254429374732255,0.2964369919989083
Station 2,32070.0,6034.202533271369,-2.231909287242706,0.30127407562148584
Station 2,32080.0,6011.997371911844,-2.209069629922867,0.3060916527405683
Station 2,32090.0,5990.022209120072,-2.1859094161225414,0.31088861589602124
Station 2,32100.0,5968.280254951356,-2.162427766775473,0.3156638289866568
Station 2,32110.0,5946.774727696002,-2.138623914996504,0.32041612717705964
Station 2,32120.0,5925.508852733929,-2.1144972107203515,0.32514431684730605
Station 2,32130.0,5904.485861342642,-2.0900471253745647,0.3298471755884452
Station 2,32140.0,5883.708989458251,-2.0652732565786756,0.33452345224669333
Station 2,32150.0,5863.181476389378,-2.040175332861115,0.3391718670193008
Station 2,32160.0,5842.906563483871,-2.0147532183848056,0.3437911116051307
Station 2,32170.0,5822.887492748286,-1.989006917671926,0.34837984941299016
Station 2,32180.0,5803.12750542023,-1.962936580317735,0.3529367158307927
Station 2,32190.0,5783.629840493795,-1.9365425056828611,0.35746031855860816
Station 2,32200.0,5764.397733198371,-1.9098251475529464,0.3619492380086711
Station 2,32210.0,5745.434413431257,-1.8827851187539828,0.36640202777537917
Station 2,32220.0,5726.743104144615,-1.855423195711257,0.370817215178267
Station 2,32230.0,5708.327019687444,-1.8277403229393105,0.37519330188088473
Station 2,32240.0,5690.18936410334,-1.7997376174498507,0.3795287645884285
Station 2,32250.0,5672.333329385006,-1.771416373064207,0.3838220558268553
Station 2,32260.0,5654.762093686537,-1.7427780646163993,0.38807160480610703
Station 2,32270.0,5637.478819494701,-1.7138243520326841,0.39227581836990116
Station 2,32280.0,5620.486651760574,-1.6845570842729845,0.39643308203438
Station 2,32290.0,5603.788715992986,-1.6549783031193954,0.4005417611177125
Station 2,32300.0,5587.388116315471,-1.625090246796739,0.40460020196250135
Station 2,32310.0,5571.287933488448,-1.5948953534098504,0.40860673325262015
Station 2,32320.0,5555.491222898638,-1.564396264182332,0.4125596674257833
Station 2,32330.0,5540.001012512275,-1.5335958264821388,0.4164573021822192
Station 2,32340.0,5524.82030063667,-1.502497096639614,0.4202979220715937
Station 2,32350.0,5509.952053989085,-1.4711033424576667,0.4240798002179297
Station 2,32360.0,5495.399205593154,-1.4394180455053056,0.42780120012295464
Station 2,32370.0,5481.164652573107,-1.4074449031400942,0.43146037755751504
Station 2,32380.0,5467.251253989196,-1.3751878302276832,0.4350555825563646
Station 2,32390.0,5453.661828657076,-1.3426509605561932,0.43858506150746945
Station 2,32400.0,5440.399152954276,-1.3098386479312212,0.44204705933387445
Station 2,32410.0,5427.465958617064,-1.27675546693774,0.44543982176564034
Station 2,32420.0,5414.8649305310955,-1.243406213355803,0.4487615976988125
Station 2,32430.0,5402.598704519416,-1.209795904217554,0.4520106416378237
Station 2,32440.0,5390.66986513149,-1.1759297774938713,0.45518521621714103
Station 2,32450.0,5379.080943437028,-1.1418132913997616,0.4582835947973913
Station 2,32460.0,5367.834414828522,-1.107452123308561,0.4613040641305901
Station 2,32470.0,5356.9326968364585,-1.0728521682659975,0.4642449270885033
Station 2,32480.0,5346.378146961319,-1.0380195370962546,0.4671045054475699
Station 2,32490.0,5336.173060526441,-1.0029605540933109,0.46988114272324055
Station 2,32500.0,5326.319668556048,-0.9676817542921262,0.47257320704596834
Station 2,32510.0,5316.8201356826285,-0.932189880315445,0.4751790940705775
Station 2,32520.0,5307.676558088001,-0.8964918787934579,0.4776972299101578
Station 2,32530.0,5298.890961482343,-0.8605948963549007,0.4801260740851593
Station 2,32540.0,5290.465299125564,-0.8245062751896952,0.48246412247785797
Station 2,32550.0,5282.401449895272,-0.7882335481847433,0.48470991028196375
Station 2,32560.0,5274.701216405677,-0.7517844336360479,0.4868620149367445
Station 2,32570.0,5267.366323181656,-0.7151668295418977,0.48891905903471794
Station 2,32580.0,5260.398414892177,-0.6783888074835032,0.4908797131916931
Station 2,32590.0,5253.799054647213,-0.6414586061010735,0.4927426988677413
Station 2,32600.0,5247.56972236218,-0.6043846241749399,0.4945067911275421
Station 2,32610.0,5241.711813193819,-0.5671754133229582,0.49617082132848744
Station 2,32620.0,5236.226636051348,-0.5298396703270513,0.4977336797249448
Station 2,32630.0,5231.115412186539,-0.4923862291032637,0.4991943179771747
Station 2,32640.0,5226.379273866249,-0.4548240523313213,0.5005517515535824
Station 2,32650.0,5222.0192631307555,-0.41716222276113013,0.5018050620152323
Station 2,32660.0,5218.036330641041,-0.379409934215047,0.5029533991719276
Station 2,32670.0,5214.431334618042,-0.3415764823062594,0.5039959830995477
Station 2,32680.0,5211.205039876569,-0.303671254894728,0.5049321060088935
Station 2,32690.0,5208.358116956486,-0.26570372230352135,0.505761133956842
Station 2,32700.0,5205.891141222895,-0.22768342730518412,0.5064825083748845
Station 2,32710.0,5203.804592245996,-0.18961997491883265,0.507095747446268
Station 2,32720.0,5202.098853365544,-0.1515230220702486,0.5076004473120734
Station 2,32730.0,5200.77421112883,-0.11340226708812329,0.5079962830612118
Station 2,32740.0,5199.830854932076,-0.07526743909159206,0.5082830095405642
Station 2,32750.0,5199.2688767679765,-0.03712828729349388,0.508460461968561
Station 2,32760.0,5199.088271080138,0.0010054297525694533,0.5085285563490155
Station 2,32770.0,5199.288934724827,0.03912395493307169,0.5084872896830472
Station 2,32780.0,5199.870667040223,0.07721754335482256,0.5083367399780004
Station 2,32790.0,5200.833170023044,0.11527647309615208,0.5080770660533124
Station 2,32800.0,5202.176048612134,0.15329105590070924,0.5077085071443723
Station 2,32810.0,5203.898811078352,0.19125164778574338,0.5072313823064452
Station 2,32820.0,5206.000869519799,0.22914865953720354,0.5066460896217883
Station 2,32830.0,5208.481540461108,0.266972567064487,0.5059531052140984
Station 2,32840.0,5211.340045555357,0.3047139215883359,0.5051529820753856
Station 2,32850.0,5214.57551238681,0.3423633596360943,0.5042463487113114
Station 2,32860.0,5218.1869753724595,0.3799116128195531,0.5032339076118997
Station 2,32870.0,5222.1733767601545,0.417349517371462,0.5021164335553336
Station 2,32880.0,5226.5335677207595,0.45466802341803525,0.5008947717533174
Station 2,32890.0,5231.266309531699,0.4918582039658239,0.4995698358471356
Station 2,32900.0,5236.37027484892,0.5289112635827462,0.4981426057641567
Station 2,32910.0,5241.844049064173,0.5658185467543374,0.4966141254450461
Station 2,32920.0,5247.686131744301,0.6025715458977382,0.4949855004523808
Station 2,32930.0,5253.894938149082,0.6391619090174374,0.4932578954717298
Station 2,32940.0,5260.468800823977,0.6755814469882705,0.49143253171650664
Station 2,32950.0,5267.405971264059,0.711822140452812,0.4895106842481202
Station 2,32960.0,5274.704621645205,0.7478761463218222,0.48749367922301834
Station 2,32970.0,5282.3628466185855,0.783735803868097,0.4853828910782662
Station 2,32980.0,5290.378665164362,0.8193936404056329,0.48317973966723565
Station 2,32990.0,5298.750022500461,0.8548423765476574,0.48088568735684806
Station 2,33000.0,5307.474792042157,0.8900749310387186,0.47850223609763204
Station 2,33010.0,5316.550777408303,0.9250844251575796,0.47603092447756906
Station 2,33020.0,5325.975714469835,0.9598641866891953,0.47347332477039716
Station 2,33030.0,5335.747273436327,0.9944077534656734,0.47083103998865605
Station 2,33040.0,5345.863060976286,1.028708876477467,0.4681057009513285
Station 2,33050.0,5356.320622366904,1.0627615225576297,0.46529896337547516
Station 2,33060.0,5367.117443620778,1.0965598766612046,0.46241250499420017
Station 2,33070.0,5378.250953550485,1.1300983437695693,0.4594480227040436
Station 2,33080.0,5389.718526234153,1.163371550235775,0.4564072298135515
Station 2,33090.0,5401.517483130672,1.1963743448497068,0.45329185329948457
Station 2,33100.0,5413.645095295776,1.2291017994860785,0.4501036311378038
Station 2,33110.0,5426.098585616803,1.2615492093640122,0.4468443097053032
Station 2,33120.0,5438.875131047761,1.2937120929341204,0.4435156412553419
Station 2,33130.0,5451.971864841028,1.325586191404869,0.44011938147250335
Station 2,33140.0,5465.3858787722065,1.3571674679207804,0.4366572871103997
Station 2,33150.0,5479.114225354729,1.3884521064056554,0.4331311137162738
Station 2,33160.0,5493.153920040969,1.4194365100846398,0.4295426134454751
Station 2,33170.0,5507.501943406787,1.4501172996994067,0.42589353296833665
Station 2,33180.0,5522.155243316501,1.4804913114312201,0.4221856114714571
Station 2,33190.0,5537.110737065506,1.510555594546839,0.4184205787548712
Station 2,33200.0,5552.365313497893,1.540307408782694,0.4146001534261257
Station 2,33210.0,5567.915835096539,1.5697442214827229,0.41072604119180933
Station 2,33220.0,5583.759140043317,1.5988637045055916,0.40679993324666164
Station 2,33230.0,5599.892044247265,1.6276637309168507,0.40282350475998585
Station 2,33240.0,5616.31134333867,1.6561423714817538,0.3987984134587098
Station 2,33250.0,5633.013814627139,1.684297890974221,0.39472629830611355
Station 2,33260.0,5649.996219022017,1.7121287443174036,0.3906087782749103
Station 2,33270.0,5667.2553029135,1.739633572571049,0.38644745121309404
Station 2,33280.0,5684.7878000130595,1.7668111987806314,0.38224389280070764
Station 2,33290.0,5702.590433151894,1.7936606237029293,0.37799965559545434
Station 2,33300.0,5720.659916036273,1.8201810214223975,0.3737162681648798
Station 2,33310.0,5738.992954958781,1.8463717348722943,0.3693952343026692
Station 2,33320.0,5757.58625046461,1.8722322712741577,0.3650380323264599
Station 2,33330.0,5776.4364989721735,1.8977622975087318,0.36064611445443967
Station 2,33340.0,5795.540394347452,1.9229616354310344,0.35622090625789554
Station 2,33350.0,5814.8946294315765,1.9478302571417887,0.3517638061868015
Station 2,33360.0,5834.495897521334,1.9723682802268476,0.347276185165463
Station 2,33370.0,5854.3408938023085,1.9965759629758568,0.3427593862551948
Station 2,33380.0,5874.426316734567,2.0204536995907545,0.33821472438098493
Station 2,33390.0,5894.7488693908135,2.0440020153943053,0.33364348611908384
Station 2,33400.0,5915.3052607471,2.0672215620481555,0.3290469295424541
Station 2,33410.0,5936.092206926265,2.090113112789533,0.3244262841210531
Station 2,33420.0,5957.106432394108,2.112677557695159,0.31978275067389594
Station 2,33430.0,5978.344670972322,2.134915899056918,0.31511750135075767
Station 2,33440.0,5999.803667019131,2.156829246694633,0.31043167968856333
Station 2,33450.0,6021.480176589363,2.1784188132854467,0.3057264007160949
Station 2,33460.0,6043.370968352144,2.199685909861625,0.3010027510710263
Station 2,33470.0,6065.472824554674,2.2206319413251583,0.29626178916668755
Station 2,33480.0,6087.782541940966,2.241258402030174,0.2915045453935269
Station 2,33490.0,6110.296932626352,2.2615668714381174,0.28673202235271444
Station 2,33500.0,6133.012824928483,2.2815590098502216,0.2819451951193899
Station 2,33510.0,6155.92706415572,2.3012365542212745,0.27714501153316207
Station 2,33520.0,6179.036513353726,2.3206013140583215,0.2723323925135499
Station 2,33530.0,6202.338054011215,2.339655167407432,0.2675082323981492
Station 2,33540.0,6225.828586725742,2.3584000569313295,0.26267339930140193
Station 2,33550.0,6249.505031830544,2.3768379860802535,0.25782873549194385
Station 2,33560.0,6273.364329983375,2.394971015358042,0.2529750577865856
Station 2,33570.0,6297.403442718346,2.412801258685134,0.24811315795909605
Station 2,33580.0,6321.619352961793,2.430330879859764,0.24324380316203137
Station 2,33590.0,6346.00906551318,2.4475620891183665,0.23836773635995018
Station 2,33600.0,6370.569607492077,2.4644971397959283,0.23348567677244866
Station 2,33610.0,6395.298028752264,2.4811383250866648,0.2285983203255355
Station 2,33620.0,6420.191402263966,2.497487974905231,0.22370634010994173
Station 2,33630.0,6445.246824465282,2.5135484528483554,0.21881038684506393
Station 2,33640.0,6470.461415583864,2.5293221532566115,0.2139110893473029
Station 2,33650.0,6495.832319929799,2.5448114983758052,0.20900905500164452
Station 2,33660.0,6521.3567061608255,2.560018935617242,0.20410487023541088
Station 2,33670.0,6547.031767520797,2.574946934916029,0.19919910099317284
Station 2,33680.0,6572.854722052467,2.589597986186309,0.19429229321189434
Station 2,33690.0,6598.822812785545,2.603974596872236,0.18938497329544346
Station 2,33700.0,6624.93330790101,2.6180792895933838,0.1844776485876665
Station 2,33710.0,6651.183500872661,2.631914599883056,0.17957080784329196
Station 2,33720.0,6677.5707105868105,2.645483074017984,0.17466492169598324
Station 1,36680.0,6651.276964269883,-3.1618183594788185,0.1783581942846187
Station 1,36690.0,6619.712239362537,-3.1510836321082865,0.18425196721055262
Station 1,36700.0,6588.256156628262,-3.1400893324943304,0.19016411929226265
Station 1,36710.0,6556.911329285869,-3.128831958856938,0.19609454979463845
Station 1,36720.0,6525.680405768283,-3.117307973595802,0.2020431439223913
Station 1,36730.0,6494.566070080968,-3.105513804221192,0.20800977214228422
Station 1,36740.0,6463.571042134078,-3.0934458443878623,0.21399428947803906
Station 1,36750.0,6432.698077908277,-3.081100455089884,0.21999653476270184
Station 1,36760.0,6401.949970002084,-3.0684739657952047,0.22601632990758264
Station 1,36770.0,6371.329547901465,-3.055562675813845,0.232053479112847
Station 1,36780.0,6340.839678238616,-3.042362855772884,0.23810776805156839
Station 1,36790.0,6310.48326507287,-3.0288707491957876,0.24417896302938594
Station 1,36800.0,6280.263250154863,-3.015082574208051,0.2502668101149191
Station 1,36810.0,6250.182613172678,-3.000994525374499,0.2563710342404279
Station 1,36820.0,6220.244371978671,-2.986602775673727,0.26249133827219595
Station 1,36830.0,6190.451582795585,-2.9719034786151854,0.26862740205019786
Station 1,36840.0,6160.80734040052,-2.956892770504513,0.2747788813966293
Station 1,36850.0,6131.314778285233,-2.9415667728627337,0.2809454070929569
Station 1,36860.0,6101.97706879128,-2.9259215950050144,0.2871265838251698
Station 1,36870.0,6072.797423218384,-2.9099533367846298,0.2933219890970168
Station 1,36880.0,6043.779091904336,-2.8936580915078594,0.29953117211107383
Station 1,36890.0,6014.925364274771,-2.877031949025427,0.3057536526175656
Station 1,36900.0,5986.239568861019,-2.8600709990061124,0.3119889197309758
Station 1,36910.0,5957.725073284228,-2.8427713343980665,0.31823643071456803
Station 1,36920.0,5929.385284203881,-2.825129055083267,0.32449560973307046
Station 1,36930.0,5901.223647228788,-2.8071402717303964,0.33076584657389413
Station 1,36940.0,5873.243646788552,-2.7888011098513106,0.3370464953374049
Station 1,36950.0,5845.448805963529,-2.7701077140660253,0.34333687309691313
Station 1,36960.0,5817.8426862711585,-2.751056252580946,0.3496362585292242
Station 1,36970.0,5790.428887406607,-2.7316429218847755,0.3559438905167636
Station 1,36980.0,5763.211046935478,-2.7118639516662304,0.36225896672251406
Station 1,36990.0,5736.1928399364915,-2.6917156099573454,0.368580642139184
Station 1,37000.0,5709.377978591827,-2.6711942085057276,0.37490802761429476
Station 1,37010.0,5682.770211722909,-2.6502961083786927,0.38124018835310447
Station 1,37020.0,5656.373324269297,-2.629017725801674,0.3875761424015868
Station 1,37030.0,5630.191136708441,-2.6073555382327873,0.3939148591119333
Station 1,37040.0,5604.227504413907,-2.5853060906747922,0.4002552575934143
Station 1,37050.0,5578.486316949783,-2.562866002225003,0.4065962051517351
Station 1,37060.0,5552.971497298914,-2.540031972863027,0.41293651572040063
Station 1,37070.0,5527.687001022633,-2.5168007904753544,0.41927494828798056
Station 1,37080.0,5502.636815349672,-2.493169338115014,0.425610205325584
Station 1,37090.0,5477.824958191968,-2.469134601493558,0.43194093121927335
Station 1,37100.0,5453.2554770797715,-2.444693676703728,0.4382657107119821
Station 1,37110.0,5428.9324478541985,-2.419843778224041,0.4445830673423092
Station 1,37120.0,5404.859973612254,-2.3945822470080103,0.45089146194532553
Station 1,37130.0,5381.042183426889,-2.368906558856338,0.45718929116299123
Station 1,37140.0,5357.483230897018,-2.342814333015693,0.4634748859814793
Station 1,37150.0,5334.187292671398,-2.3163033409449865,0.46974651031971637
Station 1,37160.0,5311.158566883631,-2.2893715152633987,0.47600235967008725
Station 1,37170.0,5288.401271496497,-2.2620169588676062,0.482240559800399
Station 1,37180.0,5265.919642554032,-2.2342379542041595,0.4884591655267966
Station 1,37190.0,5243.717932339847,-2.2060329726813834,0.49465615956801345
Station 1,37200.0,5221.8004074404935,-2.177400684203642,0.500829451491948
Station 1,37210.0,5200.171346712681,-2.1483399668091003,0.5069768767662721
Station 1,37220.0,5178.835039153466,-2.1188499163905306,0.5130961959254111
Station 1,37230.0,5157.795781672736,-2.0889298564769696,0.5191850938669142
Station 1,37240.0,5137.057876767491,-2.058579348052336,0.5252411792908744
Station 1,37250.0,5116.625630097741,-2.027798199385426,0.5312619842966975
Station 1,37260.0,5096.503347964053,-1.9965864758439609,0.5372449641521189
Station 1,37270.0,5076.695334687089,-1.9649445096637144,0.5431874972499382
Station 1,37280.0,5057.205889889762,-1.9328729096420116,0.549086885268465
Station 1,37290.0,5038.0393056829835,-1.90037257072334,0.5549403535521235
Station 1,37300.0,5019.1998637562565,-1.8674446834431868,0.5607450517290642
Station 1,37310.0,5000.691832374787,-1.834090743194729,0.5664980545829285
Station 1,37320.0,4982.519463285023,-1.8003125592816034,0.5721963631961361
Station 1,37330.0,4964.686988531111,-1.7661122637186506,0.5778369063821164
Station 1,37340.0,4947.198617184922,-1.7314923197413257,0.5834165424239087
Station 1,37350.0,4930.0585319928405,-1.696455529983444,0.5889320611363363
Station 1,37360.0,4913.270885942902,-1.6610050442819844,0.5943801862685965
Station 1,37370.0,4896.839798756201,-1.6251443670669203,0.5997575782635965
Station 1,37380.0,4880.76935330704,-1.5888773642936247,0.6050608373895581
Station 1,37390.0,4865.063591976584,-1.552208269874844,0.6102865072585042
Station 1,37400.0,4849.726512945347,-1.5151416915693452,0.6154310787449745
Station 1,37410.0,4834.762066430129,-1.4776826162842664,0.6204909943168917
Station 1,37420.0,4820.174150871574,-1.4398364147487168,0.62546265278872
Station 1,37430.0,4805.966609078845,-1.4016088455167188,0.63034241450507
Station 1,37440.0,4792.143224338402,-1.3630060582585448,0.6351266069605613
Station 1,37450.0,4778.707716494196,-1.324034596300712,0.6398115308591458
Station 1,37460.0,4765.663738005254,-1.284701398376714,0.644393466612965
Station 1,37470.0,4753.01486983042,-1.2450137995761845,0.6488686812595361
Station 1,37480.0,4740.764617592797,-1.20497953136945,0.6532334358432811
Station 1,37490.0,4728.916407690919,-1.1646067207739035,0.6574839932086546
Station 1,37500.0,4717.473583275215,-1.1239038886166552,0.6616166261823739
Station 1,37510.0,4706.439400324993,-1.082879946830979,0.6656276261521651
Station 1,37520.0,4695.817023756872,-1.0415441947818478,0.6695133120094504
Station 1,37530.0,4685.609523574557,-0.9999063146012384,0.6732700394282521
Station 1,37540.0,4675.819871069893,-0.9579763655177806,0.6768942104478416
Station 1,37550.0,4666.450935085409,-0.9157647771695003,0.6803822833218626
Station 1,37560.0,4657.505478348525,-0.8732823418927587,0.6837307825918932
Station 1,37570.0,4648.986153887747,-0.8305402059850955,0.6869363093387197
Station 1,37580.0,4640.895501541099,-0.7875498599444744,0.6899955515600794
Station 1,37590.0,4633.235944567046,-0.7443231276923089,0.6929052946193728
Station 1,37600.0,4626.009786368041,-0.700872154792779,0.6956624317059135
Station 1,37610.0,4619.219207336677,-0.6572093956859819,0.6982639742437987
Station 1,37620.0,4612.866261834229,-0.6133475999576996,0.7007070621834837
Station 1,37630.0,4606.952875311157,-0.5692997976737495,0.7029889741077707
Station 1,37640.0,4601.480841578737,-0.5250792838119591,0.7051071370822174
Station 1,37650.0,4596.451820240748,-0.48069960182996074,0.7070591361789937
Station 1,37660.0,4591.867334293674,-0.43617452641190185,0.7088427236030868
Station 1,37670.0,4587.728767903401,-0.39151804544189683,0.7104558273504744
Station 1,37680.0,4584.037364365976,-0.3467443412567262,0.7118965593294712
Station 1,37690.0,4580.794224259361,-0.30186777123453695,0.7131632228790094
Station 1,37700.0,4578.000303792563,-0.25690284778033656,0.714254319621047
Station 1,37710.0,4575.656413357886,-0.21186421777276296,0.7151685555886552
Station 1,37720.0,4573.763216291427,-0.16676664154006463,0.7159048465765105
Station 1,37730.0,4572.321227846159,-0.12162497143601883,0.7164623226665776
Station 1,37740.0,4571.330814381322,-0.0764541300891611,0.7168403318884757
Station 1,37750.0,4570.7921927709995,-0.031269088400732586,0.7170384429814155
Station 1,37760.0,4570.705430034091,0.013915156631633202,0.7170564472325061
Station 1,37770.0,4571.070443187023,0.05908360418633843,0.71689435937454
Station 1,37780.0,4571.886999319825,0.10422127190757768,0.7165524175349667
Station 1,37790.0,4573.1547158953545,0.14931321813350384,0.7160310822364874
Station 1,37800.0,4574.87306127071,0.19434456398431516,0.7153310344584229
Station 1,37810.0,4577.041355439043,0.2393005152325407,0.7144531727765947
Station 1,37820.0,4579.658770989236,0.2841663838793156,0.7133986096077315
Station 1,37830.0,4582.724334177032,0.3289276093830996,0.7121686665797595
Station 1,37840.0,4586.236926276845,0.37356977945221886,0.710764869089893
Station 1,37850.0,4590.195285378668,0.4180786502624478,0.7091889401193562
Station 1,37860.0,4594.598008052283,0.4624401661597089,0.7074427932892013
Station 1,37870.0,4599.443551325732,0.5066404787108633,0.7055285252708134
Station 1,37880.0,4604.730234852166,0.5506659650571887,0.7034484075999965
Station 1,37890.0,4610.456243256088,0.5945032455163726,0.7012048779610123
Station 1,37900.0,4616.619628651244,0.6381392003828795,0.6988005310096209
Station 1,37910.0,4623.218313321933,0.6815609858813997,0.6962381088056847
Station 1,37920.0,4630.250092559123,0.7247560492327901,0.6935204909265459
Station 1,37930.0,4637.712637642312,0.7677121427970405,0.6906506843321469
Station 1,37940.0,4645.603498957823,0.8104173372628366,0.6876318130518374
Station 1,37950.0,4653.920109243876,0.8528600338584751,0.6844671077610284
Station 1,37960.0,4662.6597869526,0.8950289755640743,0.6811598953134098
Station 1,37970.0,4671.819739718964,0.9369132573101635,0.6777135882913992
Station 1,37980.0,4681.397067926449,0.9785023351528518,0.6741316746339436
Station 1,37990.0,4691.38876835927,1.0197860344207208,0.670417707396833
Station 1,38000.0,4701.791737930879,1.0607545568335022,0.6665752946963831
Station 1,38010.0,4712.6027774785425,1.1013984865972302,0.6626080898827929
Station 1,38020.0,4723.818595613822,1.1417087954851108,0.6585197819848003
Station 1,38030.0,4735.435812618928,1.1816768469175556,0.6543140864624386
Station 1,38040.0,4747.450964379056,1.2212943990589031,0.6499947362999208
Station 1,38050.0,4759.860506341026,1.2605536069520773,0.6455654734659153
Station 1,38060.0,4772.660817488736,1.2994470237159756,0.6410300407638475
Station 1,38070.0,4785.848204326237,1.3379676008334536,0.6363921740903692
Station 1,38080.0,4799.4189048595435,1.3761086875607886,0.6316555951158832
Station 1,38090.0,4813.369092568559,1.4138640294919909,0.626824004396952
Station 1,38100.0,4827.6948803608775,1.451227766313642,0.6219010749266538
Station 1,38110.0,4842.392324499603,1.4881944287878945,0.6168904461254586
Station 1,38120.0,4857.457428497667,1.5247589350028998,0.6117957182719825
Station 1,38130.0,4872.886146971537,1.560916585931286,0.6066204473701097
Station 1,38140.0,4888.674389447675,1.59666306033837,0.6013681404463483
Station 1,38150.0,4904.818024115403,1.6319944090825451,0.5960422512690301
Station 1,38160.0,4921.312881520395,1.6669070488507767,0.5906461764789339
Station 1,38170.0,4938.1547581933355,1.7013977553723587,0.5851832521192257
Station 1,38180.0,4955.339420208778,1.735463656154109,0.5796567505511525
Station 1,38190.0,4972.862606647056,1.769102222791395,0.5740698777376712
Station 1,38200.0,4990.720032823079,1.8023112629739277,0.5684257708605474
Station 1,38210.0,5008.907393862529,1.8350889119231637,0.5627274963346225
Station 1,38220.0,5027.420367870632,1.8674336236637032,0.556978048101886
Station 1,38230.0,5046.254619042276,1.899344162021584,0.5511803462331726
Station 1,38240.0,5065.405800716579,1.930819591374477,0.545337235821713
Station 1,38250.0,5084.869558337443,1.9618592672085302,0.5394514861462212
Station 1,38260.0,5104.641532318448,1.9924628265181343,0.5335257900861508
Station 1,38270.0,5124.717360810656,2.0226301780833382,0.527562763771954
Station 1,38280.0,5145.092682372351,2.052361492658127,0.521564946453521
Station 1,38290.0,5165.763138540011,2.0816571931011594,0.5155348005703541
Station 1,38300.0,5186.7243763001525,2.110517944478851,0.5094747120075346
Station 1,38310.0,5207.972050461901,2.1389446441690056,0.5033869905220385
Station 1,38320.0,5229.501825930528,2.1669384119915183,0.49727387032456527
Station 1,38330.0,5251.309379882352,2.1945005803908604,0.4911375108026318
Station 1,38340.0,5273.390403841693,2.2216326846934065,0.48497999737133995
Station 1,38350.0,5295.740605660781,2.248336453460876,0.47880334243886924
Station 1,38360.0,5318.355711403694,2.2746137989595847,0.4726094864744212
Station 1,38370.0,5341.231467135667,2.3004668077633736,0.46640029916700676
Station 1,38380.0,5364.363640619147,2.3258977315066174,0.46017758066413955
Station 1,38390.0,5387.74802291829,2.3509089778020265,0.45394306288015435
Station 1,38400.0,5411.380429913595,2.3755031013365198,0.4476984108645282
Station 1,38410.0,5435.256703728579,2.399682795156842,0.4414452242212063
Station 1,38420.0,5459.37271407044,2.4234508821553193,0.435185038570565
Station 1,38430.0,5483.724359486862,2.4468103067646902,0.42891932704623414
Station 1,38440.0,5508.307568540999,2.469764126869699,0.4226495018195792
Station 1,38450.0,5533.118300907017,2.4923155059419004,0.41637691564520984
Station 1,38460.0,5558.152548388348,2.514467705402957,0.41010286342138835
Station 1,38470.0,5583.406335861059,2.53622407722062,0.4038285837597454
Station 1,38480.0,5608.875722144694,2.5575880567405447,0.3975552605591693
Station 1,38490.0,5634.556800802969,2.578563155756153,0.39128402457920497
Station 1,38500.0,5660.445700876732,2.599152955817821,0.3850159550087227
Station 1,38510.0,5686.538587551594,2.6193611017818856,0.3787520810260255
Station 1,38520.0,5712.8316627626755,2.639191295599128,0.3724933833469471
Station 1,38530.0,5739.321165738821,2.658647290341786,0.36624079575785096
Station 1,38540.0,5766.00337348873,2.6777328844673693,0.3599952066307745
Station 1,38550.0,5792.874601231339,2.696451916317081,0.3537574604182789
Station 1,38560.0,5819.931202711103,2.7148082588866025,0.34752835911706975
Station 1,38570.0,5847.169570414353,2.7328058148674303,0.3413086636991536
Station 1,38580.0,5874.586136100809,2.7504485116667245,0.33509909556979856
Station 1,38590.0,5902.1773709094105,2.7677402968874834,0.32890033794537044
Station 1,38600.0,5929.939785531055,2.784685133961846,0.3227130372172151
Station 1,38610.0,5957.869930348499,2.8012869979903523,0.31653780428730766
Station 1,38620.0,5985.964395535165,2.8175498717887577,0.3103752158734252
Station 1,38630.0,6014.219811114996,2.833477742137288,0.30422581578321317
Station 1,38640.0,6042.63284698535,2.8490745962270165,0.29809011615665854
Station 1,38650.0,6071.200212904977,2.864344418297904,0.29196859867662944
Station 1,38660.0,6099.918658448969,2.8792911864629587,0.2858617157472602
Station 1,38670.0,6128.784972932573,2.8939188697128118,0.27976989164007854
Station 1,38680.0,6157.795985305675,2.908231425095016,0.27369352360787697
Station 1,38690.0,6186.948564019751,2.922232795062277,0.26763298296642324
Station 1,38700.0,6216.239616868927,2.9359269049838406,0.26158861614418677
Station 1,38710.0,6245.666090806861,2.949317660814282,0.25556074570032866
Station 1,38720.0,6275.224971740952,2.9624089469139103,0.24954967131128292
Station 1,38730.0,6304.913284305466,2.975204624015096,0.24355567072629683
Station 1,38740.0,6334.728091615037,2.9877085273288335,0.23757900069237242
Station 1,38750.0,6364.666494999902,2.999924464786015,0.2316198978490653
Station 1,38760.0,6394.725633724306,3.0118562154078146,0.22567857959367688
Station 1,38770.0,6424.902684689297,3.023507527799836,0.21975524491736745
Station 1,38780.0,6455.194862121215,3.034882118764669,0.21385007521278113
Station 1,38790.0,6485.599417247011,3.0459836720276714,0.20796323505377143
Station 1,38800.0,6516.113637957592,3.0568158370708476,0.20209487294785675
Station 1,38810.0,6546.734848460203,3.0673822280698917,0.196245122062033
Station 1,38820.0,6577.460408920967,3.077686422929511,0.19041410092259856
Station 1,38830.0,6608.287715098477,3.0877319624123434,0.18460191408964013
Station 1,38840.0,6639.214197969459,3.0975223493568653,0.1788086528068537
Station 3,40100.0,6626.674853091495,-3.5669932326172638,0.1809184961860284
Station 3,40110.0,6591.028829056509,-3.5621791490518997,0.1876111091694009
Station 3,40120.0,6555.431924191583,-3.5571688413528273,0.19434493459232666
Station 3,40130.0,6519.886117558853,-3.5519589323549194,0.20112057375377626
Station 3,40140.0,6484.393422358336,-3.5465459715991283,0.2079386365640101
Station 3,40150.0,6448.9558866684565,-3.540926433924059,0.21479974157902484
Station 3,40160.0,6413.575594200445,-3.535096718054647,0.22170451602768712
Station 3,40170.0,6378.254665066626,-3.5290531451901925,0.22865359583094597
Station 3,40180.0,6342.995256562647,-3.5227919575941415,0.23564762561248803
Station 3,40190.0,6307.799563963616,-3.516309317188292,0.2426872587001426
Station 3,40200.0,6272.669821334138,-3.509601304154284,0.24977315711731934
Station 3,40210.0,6237.608302352175,-3.5026639155455257,0.2569059915637035
Station 3,40220.0,6202.617321146645,-3.4954930639129262,0.2640864413843922
Station 3,40230.0,6167.69923314864,-3.488084575948146,0.27131519452660413
Station 3,40240.0,6132.856435956087,-3.4804341911482943,0.27859294748304914
Station 3,40250.0,6098.091370211687,-3.472537560506414,0.28592040522096873
Station 3,40260.0,6063.406520493828,-3.464390245232335,0.29329828109583866
Station 3,40270.0,6028.804416220233,-3.455987715508911,0.3007272967486176
Station 3,40280.0,5994.287632563987,-3.4473253492889686,0.30820818198539746
Station 3,40290.0,5959.858791381562,-3.4383984311387135,0.31574167463822544
Station 3,40300.0,5925.520562152309,-3.4292021511337762,0.3233285204058102
Station 3,40310.0,5891.275662929044,-3.419731603814467,0.33096947267272697
Station 3,40320.0,5857.126861299005,-3.4099817872073253,0.33866529230568626
Station 3,40330.0,5823.0769753546,-3.399947601920471,0.34641674742532685
Station 3,40340.0,5789.128874673221,-3.3896238503208114,0.35422461315191783
Station 3,40350.0,5755.285481305249,-3.379005235801698,0.3620896713232573
Station 3,40360.0,5721.549770769424,-3.3680863621501222,0.37001271018296517
Station 3,40370.0,5687.924773054537,-3.3568617330231545,0.3779945240372603
Station 3,40380.0,5654.413573626359,-3.345325751543948,0.38603591287821304
Station 3,40390.0,5621.0193144386285,-3.3334727200281975,0.394137681971349
Station 3,40400.0,5587.745194946769,-3.321296839852656,0.4023006414053591
Station 3,40410.0,5554.594473122909,-3.3087922114778876,0.41052560560156326
Station 3,40420.0,5521.570466395946,-3.2959528346740075,0.41881339277269863
Station 3,40430.0,5488.676552552715,-3.2827726089357174,0.42716482433413705
Station 3,40440.0,5455.916171006472,-3.2692453339218366,0.4355807243050542
Station 3,40450.0,5423.292823670111,-3.2553647102980117,0.4440619186160189
Station 3,40460.0,5390.81007593557,-3.241124340743017,0.45260923437602524
Station 3,40470.0,5358.471557649606,-3.2265177311941278,0.4612234990829467
Station 3,40480.0,5326.280964075476,-3.2115382923528575,0.46990553977314237
Station 3,40490.0,5294.242056837905,-3.196179341469252,0.4786561821066103
Station 3,40500.0,5262.3586648484215,-3.180434104423604,0.48747624938391587
Station 3,40510.0,5230.634685208046,-3.1642957181252847,0.49636656149090097
Station 3,40520.0,5199.074084084047,-3.1477572332492074,0.5053279337669647
Station 3,40530.0,5167.680897557332,-3.130811617331105,0.5143611757924751
Station 3,40540.0,5136.4592324367895,-3.1134517582436487,0.5234670900906189
Station 3,40550.0,5105.413267036677,-3.095670468076076,0.532646470738738
Station 3,40560.0,5074.54725191296,-3.077460487440738,0.5419001018839095
Station 3,40570.0,5043.865510554194,-3.058814490230554,0.5512287561572349
Station 3,40580.0,5013.372440022415,-3.039725088852027,0.5606331929809563
Station 3,40590.0,4983.0725115391215,-3.0201848399588958,0.5701141567621898
Station 3,40600.0,4952.970271011317,-3.0001862507120807,0.5796723749666539
Station 3,40610.0,4923.070339492177,-2.9797217855917437,0.5893085560653898
Station 3,40620.0,4893.377413570817,-2.958783873787806,0.5990233873469698
Station 3,40630.0,4863.896265685216,-2.937364917195123,0.6088175325872429
Station 3,40640.0,4834.631744352201,-2.9154572990397636,0.618691629568072
Station 3,40650.0,4805.588774308042,-2.893053393162512,0.6286462874359608
Station 3,40660.0,4776.772356553073,-2.8701455739855772,0.6386820838907439
Station 3,40670.0,4748.187568293361,-2.8467262271878515,0.6487995621938252
Station 3,40680.0,4719.8395627722875,-2.822787761113471,0.658999227984577
Station 3,40690.0,4691.733568984645,-2.7983226189374197,0.669281545892606
Station 3,40700.0,4663.87489126558,-2.77332329161086,0.6796469359325326
Station 3,40710.0,4636.268908746574,-2.747782331607313,0.6900957696667606
Station 3,40720.0,4608.921074670355,-2.7216923674892084,0.7006283661203655
Station 3,40730.0,4581.83691555654,-2.695046119312154,0.7112449874307328
Station 3,40740.0,4555.022030209588,-2.667836414882039,0.7219458342128329
Station 3,40750.0,4528.482088560493,-2.640056206877256,0.7327310406190599
Station 3,40760.0,4502.222830333635,-2.611698590845255,0.743600669070316
Station 3,40770.0,4476.250063530003,-2.5827568240791723,0.754554704632413
Station 3,40780.0,4450.569662699499,-2.5532243453841237,0.7655930490072155
Station 3,40790.0,4425.187566827113,-2.5230947957927157,0.7767155140921685
Station 3,40800.0,4400.109777465667,-2.4923620399549513,0.7879218151309135
Station 3,40810.0,4375.34235634767,-2.461020188535179,0.7992115633394753
Station 3,40820.0,4350.8914227659,-2.429063621439344,0.8105842579952216
Station 3,40830.0,4326.76315076382,-2.3964870118370096,0.8220392779392544
Station 3,40840.0,4302.96376608143,-2.3632853509679284,0.8335758724283941
Station 3,40850.0,4279.499542848934,-2.329453973694622,0.8451931512692489
Station 3,40860.0,4256.376800021013,-2.294988584754771,0.8568900741572646
Station 3,40870.0,4233.601897544971,-2.2598852856592195,0.8686654391324788
Station 3,40880.0,4211.181232256641,-2.2241406021729597,0.8805178700506655
Station 3,40890.0,4189.121233498597,-2.1877515123076003,0.8924458029533743
Station 3,40900.0,4167.428358455947,-2.1507154747447825,0.9044474712025714
Station 3,40910.0,4146.109087205929,-2.113030457600523,0.9165208892248746
Station 3,40920.0,4125.16991747835,-2.0746949674308746,0.9286638346860637
Station 3,40930.0,4104.617359125089,-2.03570807836956,0.9408738288881653
Station 3,40940.0,4084.45792829794,-1.9960694612784406,0.9531481151481304
Station 3,40950.0,4064.6981413353137,-1.9557794127818402,0.9654836348782224
Station 3,40960.0,4045.3445083597458,-1.9148388840462882,0.9778770010425814
Station 3,40970.0,4026.4035265894754,-1.873249509157735,0.990324468611116
Station 3,40980.0,4007.8816733689646,-1.8310136329394506,1.0028219015693824
Station 3,40990.0,3989.7853989248065,-1.7881343380453398,1.0153647359701528
Station 3,41000.0,3972.1211188551683,-1.7446154711555515,1.0279479384272199
Station 3,41010.0,3954.895206362701,-1.700461668094484,1.0405659593527898
Station 3,41020.0,3938.1139842426537,-1.6556783776850656,1.053212680124794
Station 3,41030.0,3921.7837166398153,-1.610271884148441,1.0658813532374598
Station 3,41040.0,3905.910600589879,-1.564249327854513,1.0785645343357737
Station 3,41050.0,3890.5007573627145,-1.5176187242266237,1.091254004860538
Station 3,41060.0,3875.5602236270647,-1.470388980603007,1.1039406838348036
Station 3,41070.0,3861.0949424581154,-1.4225699108587544,1.116614527105333
Station 3,41080.0,3847.1107542113523,-1.374172247594978,1.1292644121174842
Station 3,41090.0,3833.613387288023,-1.3252076517066977,1.1418780060556561
Station 3,41100.0,3820.608448819366,-1.2756887191479802,1.1544416149374306
Station 3,41110.0,3808.1014152985585,-1.2256289847218607,1.1669400110306192
Station 3,41120.0,3796.0976231909713,-1.175042922733936,1.1793562358056553
Station 3,41130.0,3784.602259554886,-1.1239459443617585,1.1916713755994097
Station 3,41140.0,3773.620352704667,-1.0723543916082534,1.2038643073387174
Station 3,41150.0,3763.1567627691206,-1.0202855277345877,1.2159114121775365
Station 3,41160.0,3753.216172681619,-0.967757524020457,1.2277862559732986
Station 3,41170.0,3743.803079275318,-0.9147894428638829,1.2394592373214677
Station 3,41180.0,3734.9217843801393,-0.8614012171391885,1.250897206884671
Station 3,41190.0,3726.576386239697,-0.807613625769539,1.2620630663866295
Station 3,41200.0,3718.7707711909147,-0.7534482655312118,1.2729153624455083
Station 3,41210.0,3711.508605643899,-0.6989275191202468,1.283407900068972
Station 3,41220.0,3704.7933283991792,-0.6440745195409334,1.2934894136514097
Station 3,41230.0,3698.628143338744,-0.5889131109047733,1.3031033499308715
Station 3,41240.0,3693.0160125261814,-0.5334678057581504,1.3121878370259124
Station 3,41250.0,3687.959649749993,-0.4777637390862106,1.320675934376965
Station 3,41260.0,3683.461514542485,-0.4218266191693255,1.3284962758644336
Station 3,41270.0,3679.5238067047476,-0.36568267549645006,1.3355742252291147
Station 3,41280.0,3676.148461366052,-0.30935860396632564,1.3418336487722364
Station 3,41290.0,3673.337144603592,-0.2528815096325725,1.347199363354673
Station 3,41300.0,3671.0912496457627,-0.19627884727157635,1.3516002291287665
Station 3,41310.0,3669.4118936793316,-0.13957836007301572,1.354972727588584
Station 3,41320.0,3668.299915277748,-0.08280801677067856,1.3572647156924305
Station 3,41330.0,3667.7558724645605,-0.025995947546544218,1.358438916053154
Station 3,41340.0,3667.780041422556,0.030829620947078695,1.3584756439081898
Station 3,41350.0,3668.3724158557093,0.08764043109364089,1.3573743269011553
Station 3,41360.0,3669.5327070074873,0.14440825998797752,1.355153551213529
Station 3,41370.0,3671.2603443354415,0.20110498492094614,1.3518496256963468
Station 3,41380.0,3673.5544768384284,0.25770264831447864,1.3475139163751209
Station 3,41390.0,3676.4139750292143,0.3141735217538698,1.342209387818939
Station 3,41400.0,3679.837433541776,0.37049016877298724,1.3360068509073135
Station 3,41410.0,3683.8231743591596,0.4266255060602594,1.3289813632374465
Station 3,41420.0,3688.3692506445645,0.4825528627686162,1.321209100467874
Station 3,41430.0,3693.4734511552056,0.5382460376307735,1.31276486686473
Station 3,41440.0,3699.1333052156274,0.5936793536020583,1.303720282404994
Station 3,41450.0,3705.3460882244863,0.6488277097761289,1.2941425925500432
Station 3,41460.0,3712.108827666379,0.7036666303440453,1.2840939974892616
Station 3,41470.0,3719.4183095981384,0.758172310393989,1.2736313818400133
Station 3,41480.0,3727.271085577116,0.8123216583767404,1.2628063316921212
Station 3,41490.0,3735.6634799973745,0.866092335091099,1.2516653429359403
Station 3,41500.0,3744.5915977983896,0.9194627890726352,1.24025014547598
Station 3,41510.0,3754.0513323860255,0.9724122883613685,1.2285980877301954
Station 3,41520.0,3764.0383739709505,1.0249209484937059,1.2167425426740763
Station 3,41530.0,3774.548218376291,1.0769697565943537,1.204713309926484
Station 3,41540.0,3785.5761757326854,1.1285405918602593,1.192536998151779
Station 3,41550.0,3797.117379487824,1.1796162422471135,1.1802373791074046
Station 3,41560.0,3809.166795564636,1.2301804174603836,1.167835709363858
Station 3,41570.0,3821.7192316306837,1.280217758325466,1.15535101881277
Station 3,41580.0,3834.7693464430804,1.3297138426328732,1.142800366976159
Station 3,41590.0,3848.3116592342735,1.3786551875740982,1.1301990692118435
Station 3,41600.0,3862.34055910529,1.427029248901451,1.1175608954484455
Station 3,41610.0,3876.850314394486,1.474824416960633,1.1048982442720214
Station 3,41620.0,3891.8350819913335,1.522030009758136,1.0922222951595648
Station 3,41630.0,3907.2889165665324,1.5686362632365771,1.0795431415031236
Station 3,41640.0,3923.205779691457,1.6146343189401473,1.0668699068516467
Station 3,41650.0,3939.5795488218273,1.6600162092588973,1.0542108465544027
Station 3,41660.0,3956.404026122409,1.7047748404455714,1.0415734367430003
Station 3,41670.0,3973.672947111478,1.7489039736013656,1.0289644523528239
Station 3,41680.0,3991.379989105789,1.7923982038279203,1.0163900356662368
Station 3,41690.0,4009.5187794487297,1.8352529377422844,1.0038557566625679
Station 3,41700.0,4028.0829035063043,1.8774643695490405,0.9913666662846368
Station 3,41710.0,4047.0659124175063,1.9190294558602778,0.97892734357749
Station 3,41720.0,4066.4613305875537,1.95994588944903,0.9665419375209243
Station 3,41730.0,4086.262662914238,2.00021207211568,0.9542142042612185
Station 3,41740.0,4106.463401739431,2.0398270868399266,0.9419475403474068
Station 3,41750.0,4127.057033519468,2.0787906693829155,0.9297450124914617
Station 3,41760.0,4148.037045209722,2.1171031794958015,0.9176093842980491
Station 3,41770.0,4169.396930360218,2.1547655718819376,0.9055431403464658
Station 3,41780.0,4191.13019492052,2.1917793670505326,0.8935485079534844
Station 3,41790.0,4213.230362753514,2.228146622190014,0.8816274768997772
Station 3,41800.0,4235.690980858876,2.2638699021795454,0.8697818173632587
Station 3,41810.0,4258.505624308189,2.298952250847353,0.8580130962691341
Station 3,41820.0,4281.667900894697,2.333397162574819,0.8463226922376992
Station 3,41830.0,4305.171455501617,2.36720855433561,0.8347118092864901
Station 3,41840.0,4329.00997419378,2.4003907382497975,0.8231814894223585
Station 3,41850.0,4353.177188038109,2.432948394723798,0.8117326242411523
Station 3,41860.0,4377.666876659151,2.4648865462381817,0.800365965637297
Station 3,41870.0,4402.472871515752,2.4962105318540018,0.7890821357096043
Station 3,41880.0,4427.589058764976,2.5269259826096104,0.777881635920007
Station 3,41890.0,4453.009382318597,2.557038797343991,0.7667648556571851
Station 3,41900.0,4478.727846348542,2.5865551195765875,0.7557320801651297
Station 3,41910.0,4504.738517585077,2.6154813152244385,0.7447834979297789
Station 3,41920.0,4531.035527435451,2.6438239511473127,0.7339192075748601
Station 3,41930.0,4557.613073891802,2.6715897745647315,0.7231392243028486
Station 3,41940.0,4584.4654232371495,2.6987856933520518,0.712443485917621
Station 3,41950.0,4611.586911558326,2.7254187572180517,0.7018318584613704
Station 3,41960.0,4638.971946074695,2.7514961397620765,0.6913041414949151
Station 3,41970.0,4666.6150062914685,2.777025121404905,0.6808600730475335
Station 3,41980.0,4694.510644986389,2.8020130731839465,0.6704993342598471
Station 3,41990.0,4722.653489038379,2.826467441400439,0.6602215537409891
Station 3,42000.0,4751.038240106658,2.850395733103322,0.6500263116593397
Station 3,42010.0,4779.659675168662,2.873805502392411,0.63991314358433
Station 3,42020.0,4808.512646924868,2.896704337521195,0.629881544095319
Station 3,42030.0,4837.592084078526,2.919099848778071,0.6199309701721618
Station 3,42040.0,4866.892991497932,2.940999657123238,0.6100608443809519
Station 3,42050.0,4896.410450268764,2.9624113835574164,0.6002705578673073
Station 3,42060.0,4926.139617643714,2.9833426391976228,0.5905594731686659
Station 3,42070.0,4956.075726896358,3.003801016034491,0.5809269268562063
Station 3,42080.0,4986.2140870860385,3.0237940783452077,0.5713722320162606
Station 3,42090.0,5016.550082740158,3.043329354735808,0.5618946805804086
Station 3,42100.0,5047.079173460129,3.0624143307864187,0.5524935455128334
Station 3,42110.0,5077.7968934568535,3.081056442273095,0.5431680828629718
Station 3,42120.0,5108.698851021453,3.0992630689399863,0.5339175336909803
Station 3,42130.0,5139.780727936573,3.1170415287959083,0.524741125873089
Station 3,42140.0,5171.038278833482,3.1343990729096656,0.5156380757934853
Station 3,42150.0,5202.467330499766,3.1513428806790076,0.5066075899290005
Station 3,42160.0,5234.063781142325,3.167880055548567,0.4976488663324814
Station 3,42170.0,5265.823599610003,3.184017621152753,0.48876109602044693
Station 3,42180.0,5297.742824580019,3.1997625178601954,0.4799434642702792
Station 3,42190.0,5329.8175637121185,3.215121599697029,0.47119515183193694
Station 3,42200.0,5362.043992774109,3.2301016316270346,0.4625153360589087
Station 3,42210.0,5394.4183547423145,3.244709287167392,0.4539031919628583
Station 3,42220.0,5426.9369588801155,3.258951146319552,0.44535789319621094
Station 3,42230.0,5459.59617978969,3.2728336938024203,0.43687861296546104
Station 3,42240.0,5492.392456299719,3.2863633176946596,0.4284645248568147
Station 3,42250.0,5525.322290676813,3.299546308049462,0.42011480365155796
Station 3,42260.0,5558.38224763322,3.3123888558996173,0.41182862605795234
Station 3,42270.0,5591.56895328628,3.32489705253054,0.4036051713814163
Station 3,42280.0,5624.879094160582,3.337076888921753,0.39544362215087614
Station 3,42290.0,5658.30941618499,3.3489342553828556,0.3873431646969711
Station 3,42300.0,5691.85672368649,3.3604749413697563,0.37930298968487064
Station 3,42310.0,5725.517878382626,3.3717046354675735,0.37132229260433036
Station 3,42320.0,5759.289798374169,3.382628925527337,0.3634002742194832
Station 3,42330.0,5793.169457139566,3.393253298944337,0.3555361409807111
Station 3,42340.0,5827.153882532541,3.4035831430665726,0.3477291054008564
Station 3,42350.0,5861.240155784141,3.4136237457224294,0.33997838639788047
Station 3,42360.0,5895.425410510448,3.4233802958573074,0.3322832096059968
Station 3,42370.0,5929.706831726958,3.4328578842695316,0.32464280765717995
Station 3,42380.0,5964.081654870728,3.4420615044364378,0.31705642043485527
Station 3,42390.0,5998.547164831082,3.450996053422054,0.30952329530149664
Station 3,42400.0,6033.1006949897355,3.4596663328583577,0.30204268730174305
Station 3,42410.0,6067.739626271074,3.4680770499925715,0.29461385934257744
Station 3,42420.0,6102.461386203241,3.476232818793399,0.28723608235202114
Station 3,42430.0,6137.263447990607,3.4841381611096427,0.2799086354177205
Station 3,42440.0,6172.143329598174,3.4917975078749954,0.2726308059067269
Station 3,42450.0,6207.09859284834,3.499215200353248,0.265401889567709
Station 3,42460.0,6242.126842530472,3.506395491418551,0.25822119061675086
Station 3,42470.0,6277.225725523597,3.513342546865715,0.2510880218078463
Station 3,42480.0,6312.392929932551,3.520060446745903,0.24400170448912403
Station 3,42490.0,6347.6261842378135,3.5265531867233997,0.23696156864578824
Station 3,42500.0,6382.923256459242,3.5328246794494462,0.22996695293070424
Station 3,42510.0,6418.281953333926,3.5388787559494457,0.22301720468349326
Station 3,42520.0,6453.700119508212,3.54471916702008,0.2161116799389785
Station 3,42530.0,6489.175636744081,3.5503495846332154,0.2092497434257493
Station 3,42540.0,6524.706423139882,3.555773603343637,0.20243076855558337
Station 3,42550.0,6560.290432365539,3.5609947416979595,0.19565413740441173
Station 3,42560.0,6595.925652912158,3.5660164436422344,0.18891924068548807
Station 3,42570.0,6631.610107356058,3.570842079925985,0.18222547771537112
Station 3,42580.0,6667.34185163724,3.575474949500641,0.17557225637329296
Station 3,51020.0,6654.391972229292,-3.580030649858525,0.1762832301853996
Station 3,51030.0,6618.6185711089365,-3.5746147884809454,0.18297140062940434
Station 3,51040.0,6582.900377130342,-3.5689886493611502,0.1896992838280049
Station 3,51050.0,6547.239510943703,-3.563148636887994,0.19646742140577336
Station 3,51060.0,6511.638129508185,-3.5570910797606787,0.20327636097974358
Station 3,51070.0,6476.098426956725,-3.550812229630369,0.21012665607963413
Station 3,51080.0,6440.6226352901485,-3.544308259828344,0.2170188660366166
Station 3,51090.0,6405.213025168873,-3.5375752640639493,0.2239535558667845
Station 3,51100.0,6369.87190671727,-3.5306092551366506,0.23093129613917057
Station 3,51110.0,6334.601630340486,-3.523406163665568,0.2379526628272777
Station 3,51120.0,6299.404587553603,-3.5159618368402215,0.24501823714300525
Station 3,51130.0,6264.283211822882,-3.508272037196459,0.252128605351796
Station 3,51140.0,6229.239979418871,-3.500332441421867,0.2592843585677586
Station 3,51150.0,6194.277410281026,-3.4921386391952587,0.2664860925274509
Station 3,51160.0,6159.39806889357,-3.483686132065226,0.27373440734091353
Station 3,51170.0,6124.604565172142,-3.47497033237301,0.28102990721849086
Station 3,51180.0,6089.89955536084,-3.4659865622254467,0.2883732001718511
Station 3,51190.0,6055.285742939073,-3.4567300525239824,0.2957648976875743
Station 3,51200.0,6020.765879537769,-3.447195942056323,0.30320561437152777
Station 3,51210.0,5986.342765864209,-3.4373792766576114,0.31069596756218093
Station 3,51220.0,5952.019252634843,-3.4272750084485244,0.3182365769109023
Station 3,51230.0,5917.798241515293,-3.416877995158148,0.3258280639271401
Station 3,51240.0,5883.682686066697,-3.4061829995399897,0.3334710514863052
Station 3,51250.0,5849.6755926974365,-3.3951846888900046,0.3411661632980178
Station 3,51260.0,5815.7800216192445,-3.3838776346760455,0.3489140233322551
Station 3,51270.0,5781.999087806552,-3.372256312288717,0.356715255200805
Station 3,51280.0,5748.335961957839,-3.360315100924169,0.36457048149126403
Station 3,51290.0,5714.7938714576885,-3.348048283610021,0.3724803230506689
Station 3,51300.0,5681.376101338051,-3.3354500473861477,0.380445398215684
Station 3,51310.0,5648.085995237213,-3.3225144836527662,0.38846632198608066
Station 3,51320.0,5614.926956354688,-3.3092355886988742,0.39654370513807935
Station 3,51330.0,5581.902448400315,-3.2956072644247847,0.4046781532738883
Station 3,51340.0,5549.015996535499,-3.281623319273174,0.4128702658036055
Station 3,51350.0,5516.27118830456,-3.2672774693837647,0.4211206348553907
Station 3,51360.0,5483.671674553854,-3.2525633399874305,0.4294298441096197
Station 3,51370.0,5451.221170336291,-3.237474467056321,0.4377984675524274
Station 3,51380.0,5418.923455798647,-3.222004299227186,0.4462270681438364
Station 3,51390.0,5386.782377048873,-3.206146200015905,0.45471619639535127
Station 3,51400.0,5354.801847000476,-3.189893450341856,0.4632663888516096
Station 3,51410.0,5322.985846088215,-3.173239251430214,0.47187816645943675
Station 3,51420.0,5291.3384230195925,-3.156176728021345,0.4805520328381031
Station 3,51430.0,5259.863695732007,-3.138698931848024,0.4892884724588498
Station 3,51440.0,5228.565851988419,-3.120798845661227,0.4980879486682877
Station 3,51450.0,5197.449150046204,-3.102469387607614,0.5069509015970345
Station 3,51460.0,5166.517919281377,-3.0837034160420407,0.5158777459325897
Station 3,51470.0,5135.7765607621095,-3.064493734798764,0.5248688685481391
Station 3,51480.0,5105.229547766837,-3.0448330989446806,0.5339246259786438
Station 3,51490.0,5074.88142624199,-3.0247142210381703,0.543045341735057
Station 3,51500.0,5044.736815194287,-3.0041297779174987,0.5522313034468858
Station 3,51510.0,5014.80040701211,-2.9830724180428074,0.5614827598227126
Station 3,51520.0,4985.07696771035,-2.961534769415821,0.5707999174176062
Station 3,51530.0,4955.571337092903,-2.9395094481012842,0.5801829371956072
Station 3,51540.0,4926.288428826597,-2.916989067373935,0.5896319308746941
Station 3,51550.0,4897.233230420321,-2.8939662475144674,0.5991469570407467
Station 3,51560.0,4868.410803102705,-2.8704336262773436,0.60872801701612
Station 3,51570.0,4839.8262815915905,-2.84638387005257,0.618375050467402
Station 3,51580.0,4811.484873748248,-2.8218096857426342,0.6280879307358276
Station 3,51590.0,4783.391860109163,-2.796703833374563,0.637866459872622
Station 3,51600.0,4755.552593287948,-2.7710591394656467,0.6477103633602252
Station 3,51610.0,4727.972497239815,-2.744868511159675,0.6576192844989164
Station 3,51620.0,4700.657066380861,-2.718124951148514,0.6675927784367944
Station 3,51630.0,4673.611864554288,-2.6908215733915863,0.6776303058193539
Station 3,51640.0,4646.842523835594,-2.6629516196431275,0.6877312260330293
Station 3,51650.0,4620.354743168606,-2.6345084767942195,0.6978947900150377
Station 3,51660.0,4594.15428682432,-2.605485695033163,0.7081201325996007
Station 3,51670.0,4568.246982674303,-2.575877006824096,0.7184062643682257
Station 3,51680.0,4542.638720270637,-2.545676346699685,0.7287520629690063
Station 3,51690.0,4517.335448724287,-2.514877871859147,0.7391562638670597
Station 3,51700.0,4492.3431743739875,-2.4834759835580247,0.7496174504850248
Station 3,51710.0,4467.667958237835,-2.4514653492707135,0.7601340436891534
Station 3,51720.0,4443.315913240066,-2.4188409256010845,0.7707042905727952
Station 3,51730.0,4419.293201205711,-2.3855979819103164,0.7813262524851186
Station 3,51740.0,4395.606029616181,-2.3517321246244984,0.7919977922486149
Station 3,51750.0,4372.260648119272,-2.317239322177579,0.8027165605043967
Station 3,51760.0,4349.263344787515,-2.282115930537901,0.813479981119469
Station 3,51770.0,4326.620442090863,-2.246358719269543,0.8242852355825406
Station 3,51780.0,4304.338292438538,-2.209964898102922,0.8351292463012616
Station 3,51790.0,4282.423273928352,-2.1729321437068796,0.846008658776097
Station 3,51800.0,4260.881785469675,-2.1352586269103906,0.8569198224860282
Station 3,51810.0,4239.720241672377,-2.0969430400999665,0.8678587704350708
Station 3,51820.0,4218.945067496093,-2.057984624703687,0.8788211972610838
Station 3,51830.0,4198.562692624242,-2.0183831986654934,0.8898024358032273
Station 3,51840.0,4178.579545563477,-1.97813918378995,0.9007974320249897
Station 3,51850.0,4159.002047470531,-1.9372536328292862,0.9118007181884888
Station 3,51860.0,4139.836605709728,-1.8957282561759148,0.9228063841769067
Station 3,51870.0,4121.089607145868,-1.8535654480156838,0.9338080468661473
Station 3,51880.0,4102.767411178599,-1.8107683117895372,0.9447988174553148
Station 3,51890.0,4084.876342526078,-1.7673406848043602,0.9557712666795797
Station 3,51900.0,4067.4226837672545,-1.7232871618274577,0.9667173878503084
Station 3,51910.0,4050.4126676538035,-1.6786131174938763,0.9776285576978275
Station 3,51920.0,4033.8524692045257,-1.6333247273513365,0.9884954950345013
Station 3,51930.0,4017.748197596728,-1.5874289873644005,0.9993082173128807
Station 3,51940.0,4002.105887870961,-1.5409337316975198,1.0100559952290946
Station 3,51950.0,3986.931492467245,-1.4938476485960828,1.0207273056195802
Station 3,51960.0,3972.2308726127594,-1.4461802941855968,1.0313097830244082
Station 3,51970.0,3958.009789582747,-1.3979421040117161,1.0417901704481858
Station 3,51980.0,3944.2738958581326,-1.3491444021482892,1.052154270045419
Station 3,51990.0,3931.028726205045,-1.2997994077066672,1.0623868946971635
Station 3,52000.0,3918.2796887031213,-1.2499202385877728,1.0724718217351121
Station 3,52010.0,3906.032055750894,-1.1995209123282424,1.082391750412448
Station 3,52020.0,3894.290955078122,-1.1486163439041772,1.0921282651198567
Station 3,52030.0,3883.0613607961195,-1.097222340369803,1.101661806798995
Station 3,52040.0,3872.348084518358,-1.0453555922242983,1.1109716555073648
Station 3,52050.0,3862.1557665845125,-0.9930336614176996,1.1200359276235892
Station 3,52060.0,3852.4888674220347,-0.9402749659264088,1.1288315917249439
Station 3,52070.0,3843.3516590798004,-0.8870987608498365,1.1373345076810792
Station 3,52080.0,3834.748216968841,-0.8335251160024142,1.1455194939334858
Station 3,52090.0,3826.6824118452464,-0.7795748899990481,1.1533604281958598
Station 3,52100.0,3819.1579020702743,-0.7252697008571671,1.1608303868236376
Station 3,52110.0,3812.178126182271,-0.670631893164198,1.1679018277540583
Station 3,52120.0,3805.746295814457,-0.6156845018858076,1.174546821095653
Station 3,52130.0,3799.8653889780917,-0.5604512129164225,1.1807373300380128
Station 3,52140.0,3794.5381435666295,-0.5049563204842566,1.1864455426690834
Station 3,52150.0,3789.7670517445467,-0.44922468158381723,1.1916442525592874
Station 3,52160.0,3785.554354537433,-0.3932816676379537,1.196307282477795
Station 3,52170.0,3781.902036888276,-0.3371531135526368,1.2004099417661764
Station 3,52180.0,3778.811823289936,-0.2808652644074211,1.203929503793282
Station 3,52190.0,3776.2851739610464,-0.22444472003202431,1.2068456860419512
Station 3,52200.0,3774.323281585178,-0.16791837773728757,1.2091411122435096
Station 3,52210.0,3772.9270686303253,-0.11131337348603343,1.2108017340982822
Station 3,52220.0,3772.09718526287,-0.05465702180401388,1.2118171899699057
Station 3,52230.0,3771.834007867088,0.0020232452570012605,1.2121810798173174
Station 3,52240.0,3772.1376381781242,0.058699939782724364,1.211891139572209
Station 3,52250.0,3773.007903033107,0.11534557995935635,1.2109493039160442
Station 3,52260.0,3774.4443547417764,0.1719327520059566,1.2093616533994314
Station 3,52270.0,3776.446272074721,0.2284341717464281,1.2071382493026859
Station 3,52280.0,3779.012661864021,0.2848227454947486,1.2042928667016146
Station 3,52290.0,3782.1422612078627,0.34107162993362294,1.2008426420881955
Station 3,52300.0,3785.8335402675525,0.39715429067637276,1.1968076560181309
Station 3,52310.0,3790.0847056422904,0.4530445592142148,1.1922104733223744
Station 3,52320.0,3794.893704304193,0.5087166879663128,1.187075663442381
Station 3,52330.0,3800.2582280732713,0.5641454031674672,1.1814293217081386
Station 3,52340.0,3806.1757186095697,0.6193059553482305,1.1752986093303082
Station 3,52350.0,3812.6433728972584,0.6741741671838049,1.1687113260534183
Station 3,52360.0,3819.658149193426,0.7287264785117062,1.1616955253270822
Station 3,52370.0,3827.2167734123686,0.7829399883424717,1.154279177920757
Station 3,52380.0,3835.315745914593,0.8367924937136917,1.1464898864368396
Station 3,52390.0,3843.951348668343,0.8902625252636837,1.1383546503412525
Station 3,52400.0,3853.1196527503994,0.9433293794279173,1.1298996789920777
Station 3,52410.0,3862.816526152009,0.9959731471876958,1.1211502486817018
Station 3,52420.0,3873.0376418552773,1.0481747393270897,1.112130598836986
Station 3,52430.0,3883.778486144988,1.0999159081796277,1.102863862137295
Station 3,52440.0,3895.0343671208298,1.1511792658712008,1.0933720232960291
Station 3,52450.0,3906.800423375092,1.2019482990891803,1.0836759014989221
Station 3,52460.0,3919.0716328013827,1.2522073804302336,1.073795151907656
Station 3,52470.0,3931.842821500528,1.3019417764001122,1.063748282144901
Station 3,52480.0,3945.1086727505894,1.3511376521578617,1.053552680219616
Station 3,52490.0,3958.863736006739,1.3997820731156065,1.043224650888786
Station 3,52500.0,3973.102435729747,1.4478630036214475,1.0327794579400005
Station 3,52510.0,3987.8190805068293,1.4953693025963781,1.0222313704050852
Station 3,52520.0,4003.007872031056,1.5422907164568878,1.0115937110356767
Station 3,52530.0,4018.6629138500443,1.588617869562579,1.0008789057436955
Station 3,52540.0,4034.7782200902557,1.634342252219727,0.9900985330398047
Station 3,52550.0,4051.347724049497,1.679456206457229,0.9792633727152183
Station 3,52560.0,4068.365286636279,1.723952909752938,0.9683834532199546
Station 3,52570.0,4085.8247046365063,1.7678263568908028,0.9574680973516871
Station 3,52580.0,4103.7197187897245,1.811071340129725,0.9465259659973284
Station 3,52590.0,4122.044021658994,1.8536834278644658,0.9355650997696979
Station 3,52600.0,4140.791265280272,1.8956589419565544,0.9245929584589664
Station 3,52610.0,4159.955068578877,1.9369949339098051,0.9136164582771584
Station 3,52620.0,4179.529024542448,1.9776891600604367,0.9026420069175143
Station 3,52630.0,4199.506707141332,2.0177400559463026,0.8916755364820198
Station 3,52640.0,4219.881677989133,2.0571467100133014,0.8807225343523826
Station 3,52650.0,4240.647492737485,2.095908836809993,0.8697880720943625
Station 3,52660.0,4261.79770720081,2.134026749813786,0.8588768324942477
Station 3,52670.0,4283.3258832080155,2.1715013340238887,0.8479931348308735
Station 3,52680.0,4305.225594179525,2.208334018447809,0.8371409584878909
Station 3,52690.0,4327.490430429189,2.2445267485994496,0.8263239650100292
Station 3,52700.0,4350.1140041918325,2.280081959118094,0.8155455187043271
Station 3,52710.0,4373.089954378108,2.3150025466085946,0.804808705883511
Station 3,52720.0,4396.411951059455,2.349291842794414,0.7941163528440269
Station 3,52730.0,4420.07369968668,2.3829535880663015,0.7834710426662106
Station 3,52740.0,4444.068945046576,2.4159919055011105,0.772875130918766
Station 3,52750.0,4468.391474961596,2.448411275416688,0.762330760344446
Station 3,52760.0,4493.0351237383165,2.4802165105210476,0.7518398745985464
Station 3,52770.0,4517.993775370863,2.5114127317062565,0.7414042311067729
Station 3,52780.0,4543.2613665060435,2.542005344530164,0.7310254131041763
Station 3,52790.0,4568.831889177226,2.5720000164222117,0.7207048409122649
Station 3,52800.0,4594.699393314409,2.601402654643061,0.7104437825070764
Station 3,52810.0,4620.857989038125,2.630219385021608,0.7002433634269772
Station 3,52820.0,4647.3018487451045,2.6584565314873396,0.6901045760652089
Station 3,52830.0,4674.025208993672,2.6861205964106745,0.6800282883887439
Station 3,52840.0,4701.0223721970815,2.713218241759092,0.6700152521218188
Station 3,52850.0,4728.2877081328825,2.7397562710724235,0.6600661104295894
Station 3,52860.0,4755.815655195145,2.765741612324146,0.6501814051227177
Station 3,52870.0,4783.600721497443,2.79118130159527,0.6403615834255052
Station 3,52880.0,4811.637486102399,2.816082467305745,0.6306070043789742
Station 3,52890.0,4839.920599752163,2.8404523155227244,0.6209179448113573
Station 3,52900.0,4868.44478557304,2.864298115964652,0.6112946049652134
Station 3,52910.0,4897.204839647668,2.887627188770527,0.6017371137884022
Station 3,52920.0,4926.195631458204,2.910446892020601,0.5922455339090098
Station 3,52930.0,4955.412104207872,2.9327646099895635,0.5828198663134959
Station 3,52940.0,4984.84927502825,2.954587742111988,0.5734600547459793
Station 3,52950.0,5014.502235079293,2.975923692638604,0.5641659898453593
Station 3,52960.0,5044.366149548969,2.9967798609610177,0.5549375130358633
Station 3,52970.0,5074.436257559115,3.017163632581868,0.545774420185562
Station 3,52980.0,5104.707871983878,3.0370823707067625,0.5366764650464547
Station 3,52990.0,5135.176379186927,3.0565434084340923,0.5276433624888551
Station 3,53000.0,5165.837238683264,3.075554041518562,0.5186747915419944
Station 3,53010.0,5196.685982731375,3.09412152168424,0.5097703982520178
Station 3,53020.0,5227.7182158610785,3.112253050462998,0.5009297983678648
Station 3,53030.0,5258.929614342256,3.129955773534407,0.49215257986487276
Station 3,53040.0,5290.315925599405,3.1472367755433623,0.48343830531536863
Station 3,53050.0,5321.872967576718,3.1641030753722292,0.47478651411494205
Station 3,53060.0,5353.596628058133,3.1805616218445163,0.46619672457259764
Station 3,53070.0,5385.482863946596,3.1966192898377925,0.4576684358725016
Station 3,53080.0,5417.527700506562,3.212282876783965,0.4492011299145865
Station 3,53090.0,5449.727230573511,3.2275590995357453,0.4407942730408612
Station 3,53100.0,5482.077613734093,3.2424545915786456,0.4324473176539018
Station 3,53110.0,5514.575075480247,3.2569759005686083,0.42415970373360345
Station 3,53120.0,5547.215906340503,3.271129486175992,0.41593086025796133
Station 3,53130.0,5579.996460991459,3.2849217182173573,0.4077602065333043
Station 3,53140.0,5612.913157352222,3.2983588750571955,0.39964715343911883
Station 3,53150.0,5645.9624756644735,3.311447142262438,0.39159110459230684
Station 3,53160.0,5679.140957560596,3.3241926114933316,0.3835914574354613
Station 3,53170.0,5712.445205122168,3.3366012796149334,0.3756476042534849
Station 3,53180.0,5745.871879930987,3.3486790480141924,0.3677589331226474
Station 3,53190.0,5779.417702114598,3.3604317221083027,0.35992482879594595
Station 3,53200.0,5813.0794493881895,3.371865011030655,0.3521446735284268
Station 3,53210.0,5846.853956094547,3.3829845274813866,0.34441784784592727
Station 3,53220.0,5880.738112235193,3.3937957877372438,0.33674373125923607
Station 3,53230.0,5914.728862347958,3.404304211934445,0.3291217029041788
Station 3,53240.0,5948.823204741991,3.414515124192729,0.32155114218642444
Station 3,53250.0,5983.018190530362,3.4244337530114013,0.31403142935406037
Station 3,53260.0,6017.310922627818,3.4340652318164224,0.30656194602070413
Station 3,53270.0,6051.698554805657,3.443414599566834,0.29914207565645373
Station 3,53280.0,6086.178290752665,3.4524868014529173,0.2917712040415641
Station 3,53290.0,6120.7473831429415,3.461286689677814,0.2844487196850584
Station 3,53300.0,6155.403132711534,3.469819024314761,0.2771740142103566
Station 3,53310.0,6190.142887338622,3.478088474232637,0.269946482709895
Station 3,53320.0,6224.9640411428945,3.486099618082934,0.2627655240705954
Station 3,53330.0,6259.864033584824,3.4938569453416775,0.25563054127195006
Station 3,53340.0,6294.840348580351,3.5013648574002683,0.2485409416583802
Station 3,53350.0,6329.890513625491,3.5086276686995737,0.24149613718745044
Station 3,53360.0,6365.012098932318,3.5156496079019948,0.23449554465541322
Station 3,53370.0,6400.202716576713,3.522434819096556,0.2275385859014971
Station 3,53380.0,6435.46001965822,3.528987363032437,0.22062468799226223
Station 3,53390.0,6470.781701472325,3.535311218376659,0.21375328338727037
Station 3,53400.0,6506.165494695391,3.5414102829919307,0.20692381008725969
Station 3,53410.0,6541.609170582486,3.5472883752309725,0.20013571176593703
Station 3,53420.0,6577.110538178287,3.552949235243883,0.19338843788644272
Station 3,53430.0,6612.667443541155,3.5583965262953736,0.1866814438034814
Station 3,53440.0,6648.277768980611,3.5636338360889335,0.18001419085205808
Station 3,62100.0,6669.209475060834,-2.2752145915331043,0.17477979060900606
Station 3,62110.0,6646.549368005994,-2.2567643034035534,0.17900963809136317
Station 3,62120.0,6624.075040861836,-2.238058450987517,0.18322451367977846
Station 3,62130.0,6601.789053865392,-2.2190961248954606,0.18742373525144662
Station 3,62140.0,6579.693976051435,-2.1998764757398863,0.19160660514547997
Station 3,62150.0,6557.792384639731,-2.180398716700375,0.1957724100973508
Station 3,62160.0,6536.086864396252,-2.1606621261225363,0.19992042118974707
Station 3,62170.0,6514.580006968149,-2.140666050148205,0.2040498938208436
Station 3,62180.0,6493.27441019208,-2.1204099053740837,0.20816006769102863
Station 3,62190.0,6472.172677375797,-2.099893181535743,0.2122501668091126
Station 3,62200.0,6451.277416552685,-2.0791154442137043,0.2163193995190957
Station 3,62210.0,6430.591239709118,-2.058076337558123,0.22036695854856084
Station 3,62220.0,6410.116761984506,-2.0367755870283393,0.22439202107977993
Station 3,62230.0,6389.8566008439175,-2.015213002143364,0.22839374884462224
Station 3,62240.0,6369.813375223232,-1.9933884792391245,0.23237128824436418
Station 3,62250.0,6349.989704646813,-1.971302004228082,0.2363237704954929
Station 3,62260.0,6330.388208317761,-1.9489536553565903,0.24025031180259745
Station 3,62270.0,6311.011504180756,-1.9263436059551573,0.24415001355943775
Station 3,62280.0,6291.862207957717,-1.9034721271765538,0.2480219625792525
Station 3,62290.0,6272.942932156403,-1.8803395907164542,0.25186523135536976
Station 3,62300.0,6254.256285052207,-1.8569464715111454,0.25567887835315256
Station 3,62310.0,6235.804869643459,-1.8332933504065803,0.25946194833427777
Station 3,62320.0,6217.591282580554,-1.8093809167928656,0.2632134727143282
Station 3,62330.0,6199.618113069363,-1.7852099711980836,0.26693246995462555
Station 3,62340.0,6181.887941749356,-1.7607814278351734,0.2706179459891907
Station 3,62350.0,6164.403339547046,-1.736096317095409,0.2742688946876612
Station 3,62360.0,6147.166866505241,-1.7111557879818422,0.27788429835495765
Station 3,62370.0,6130.18107058891,-1.6859611104759604,0.2814631282683843
Station 3,62380.0,6113.448486468307,-1.6605136778306568,0.2850043452528167
Station 3,62390.0,6096.971634278166,-1.6348150087828586,0.2885069002942906
Station 3,62400.0,6080.753018202975,-1.608866749701464,0.29196973517505176
Station 3,62410.0,6064.7951253181955,-1.5826706765835858,0.2953917831809131
Station 3,62420.0,6049.100424346427,-1.5562286969773793,0.2987719698392778
Station 3,62430.0,6033.671364262949,-1.529542851811207,0.30210921368213484
Station 3,62440.0,6018.510372955452,-1.5026153170903125,0.30540242705754
Station 3,62450.0,6003.619855867109,-1.4754484054689079,0.30865051698081675
Station 3,62460.0,5989.00219462422,-1.4480445676903426,0.3118523860252747
Station 3,62470.0,5974.65974564981,-1.4204063938879883,0.315006933252091
Station 3,62480.0,5960.594838764679,-1.3925366147396099,0.3181130551788542
Station 3,62490.0,5946.809775777368,-1.3644381024681078,0.3211696467861225
Station 3,62500.0,5933.306829064694,-1.3361138716816332,0.32417560256118333
Station 3,62510.0,5920.088240144461,-1.307567080046304,0.3271298175780499
Station 3,62520.0,5907.1562182421685,-1.278801028784906,0.3300311886125413
Station 3,62530.0,5894.512938853399,-1.2498191629952362,0.3328786152911552
Station 3,62540.0,5882.160542303878,-1.2206250717820293,0.3356710012722197
Station 3,62550.0,5870.101132309036,-1.1912224881966695,0.33840725545768074
Station 3,62560.0,5858.336774535102,-1.1616152889792928,0.34108629323366757
Station 3,62570.0,5846.869495163748,-1.1318074940981788,0.34370703773781724
Station 3,62580.0,5835.701279462374,-1.1018032660818329,0.3462684211511511
Station 3,62590.0,5824.8340703621625,-1.0716069091394869,0.34876938601212315
Station 3,62600.0,5814.269767046063,-1.0412228680662987,0.3512088865502813
Station 3,62610.0,5804.010223548954,-1.0106557269299992,0.353585890036807
Station 3,62620.0,5794.057247372129,-0.9799102075362226,0.3558993781490521
Station 3,62630.0,5784.412598114472,-0.948991167670377,0.3581483483459994
Station 3,62640.0,5775.077986122546,-0.9179035991144404,0.3603318152514499
Station 3,62650.0,5766.055071161875,-0.8866526254376733,0.3624488120415817
Station 3,62660.0,5757.3454611117595,-0.8552434995608785,0.3644983918333977
Station 3,62670.0,5748.95071068589,-0.8236816010944813,0.3664796290704525
Station 3,62680.0,5740.872320181069,-0.7919724334513261,0.3683916209021506
Station 3,62690.0,5733.111734256336,-0.7601216207358183,0.370233488552795
Station 3,62700.0,5725.670340744692,-0.7281349044116578,0.37200437867651676
Station 3,62710.0,5718.549469499751,-0.696018139751166,0.3737034646941151
Station 3,62720.0,5711.750391279426,-0.6637772920698527,0.3753299481078232
Station 3,62730.0,5705.27431666887,-0.6314184327506079,0.3768830597899775
Station 3,62740.0,5699.12239504474,-0.5989477350625809,0.3783620612415517
Station 3,62750.0,5693.295713582857,-0.5663714697805002,0.3797662458165488
Station 3,62760.0,5687.795296226089,-0.5336960006079987,0.3810949398976777
Station 3,62770.0,5682.622102725923,-0.5009277794027326,0.3823475040335547
Station 3,62780.0,5677.7770280042405,-0.4680733412430188,0.3835233340632179
Station 3,62790.0,5673.260901232847,-0.43513929931956685,0.3846218621494762
Station 3,62800.0,5669.074485077741,-0.40213233966106965,0.3856425577731024
Station 3,62810.0,5665.218474999783,-0.3690592157080915,0.3865849286704513
Station 3,62820.0,5661.693498609964,-0.335926742745302,0.38744852171073846
Station 3,62830.0,5658.500115080658,-0.30274179220265296,0.38823292370981777
Station 3,62840.0,5655.638814614147,-0.26951128583656103,0.38893776217748843
Station 3,62850.0,5653.110017969577,-0.2362421898026611,0.389562705995585
Station 3,62860.0,5650.914076049422,-0.20294150863208626,0.3901074660243224
Station 3,62870.0,5649.0512695463485,-0.16961627912356336,0.3905717956346531
Station 3,62880.0,5647.521808651326,-0.13627356416406589,0.3909554911646046
Station 3,62890.0,5646.325832823676,-0.1029204464908966,0.39125839229789694
Station 3,62900.0,5645.46341062356,-0.06956402240841608,0.39148038236338784
Station 3,62910.0,5644.93453960737,-0.036211395472779295,0.39162138855421624
Station 3,62920.0,5644.7391462863225,-0.0028696701581580886,0.3916813820658059
Station 3,62930.0,5644.877086148332,0.03045405448194627,0.391660378152207
Station 3,62940.0,5645.348143743291,0.06375269114473103,0.391558436100574
Station 3,62950.0,5646.15203283154,0.09701917058583476,0.39137565912387245
Station 3,62960.0,5647.288396595314,0.13024644789136375,0.3911121941722618
Station 3,62970.0,5648.756807912793,0.16342750870074574,0.3907682316638643
Station 3,62980.0,5650.556769694201,0.19655537536728884,0.3903440051359788
Station 3,62990.0,5652.687715279313,0.22962311304345784,0.38983979081808107
Station 3,63000.0,5655.149008895602,0.26262383567818937,0.3892559071282409
Station 3,63010.0,5657.939946176094,0.29555071191391846,0.38859271409487933
Station 3,63020.0,5661.059754735913,0.3283969708713155,0.3878506127060499
Station 3,63030.0,5664.5075948063695,0.36115590781018403,0.38703004418868653
Station 3,63040.0,5668.2825599253365,0.39382088965542805,0.38613148922049495
Station 3,63050.0,5672.3836776825,0.42638536037747765,0.38515546707740234
Station 3,63060.0,5676.809910518069,0.4588428462170906,0.3841025347196632
Station 3,63070.0,5681.56015657331,0.4911869607450112,0.3829732858199213
Station 3,63080.0,5686.633250591278,0.5234114097476075,0.38176834973669105
Station 3,63090.0,5692.027964865957,0.5555099959301155,0.3804883904368619
Station 3,63100.0,5697.743010237979,0.5874766234298872,0.37913410537096015
Station 3,63110.0,5703.777037135017,0.6193053021326118,0.37770622430500145
Station 3,63120.0,5710.128636642294,0.6509901517883856,0.3762055081112012
Station 3,63130.0,5716.796341450478,0.6825254059679546,0.374632747501565
Station 3,63140.0,5723.778627232597,0.7139054157087561,0.37298876178110757
Station 3,63150.0,5731.073913811454,0.7451246529874331,0.37127439754172503
Station 3,63160.0,5738.680566341158,0.7761777139864678,0.3694905273297773
Station 3,63170.0,5746.596896566947,0.8070593221263356,0.36763804830027297
Station 3,63180.0,5754.821164113752,0.8377643308715363,0.36571788085543966
Station 3,63190.0,5763.351577801293,0.8682877263091451,0.3637309672716132
Station 3,63200.0,5772.186296983446,0.8986246294991573,0.36167827031827837
Station 3,63210.0,5781.323432909647,0.9287702985965485,0.3595607718730197
Station 3,63220.0,5790.761050106037,0.9587201307456459,0.3573794715360339
Station 3,63230.0,5800.497167774182,0.9884696637479617,0.35513538524773186
Station 3,63240.0,5810.529761205096,1.0180145775052791,0.3528295439128361
Station 3,63250.0,5820.856763206362,1.0473506952403426,0.35046299203423453
Station 3,63260.0,5831.476065540229,1.0764739844980324,0.3480367863597058
Station 3,63270.0,5842.385520370471,1.105380557930415,0.3455519945444692
Station 3,63280.0,5853.582941715966,1.134066673869596,0.34300969383235175
Station 3,63290.0,5865.066106908875,1.1625287366926917,0.3404109697581924
Station 3,63300.0,5876.832758055466,1.1907632969836954,0.3377569148739294
Station 3,63310.0,5888.880603497529,1.218767051497462,0.3350486275006454
Station 3,63320.0,5901.20731927255,1.2465368429312662,0.3322872105086525
Station 3,63330.0,5913.81055057073,1.2740696595098624,0.32947377012753437
Station 3,63340.0,5926.687913187061,1.301362634390186,0.32660941478787436
Station 3,63350.0,5939.836994966731,1.3284130448921283,0.3236952539962236
Station 3,63360.0,5953.255357242181,1.3552183115620522,0.32073239724468394
Station 3,63370.0,5966.9405362601865,1.3817759970759103,0.3177219529563119
Station 3,63380.0,5980.890044597457,1.4080838049889914,0.3146650274673752
Station 3,63390.0,5995.101372563259,1.434139578339503,0.31156272404733837
Station 3,63400.0,6009.571989587685,1.4599412981132256,0.3084161419572789
Station 3,63410.0,6024.2993455942205,1.4854870815766381,0.3052263755472995
Station 3,63420.0,6039.2808723553835,1.5107751804859157,0.3019945133933376
Station 3,63430.0,6054.5139848302315,1.5358039791792468,0.29872163747364605
Station 3,63440.0,6069.996082482631,1.560571992559902,0.29540882238507304
Station 3,63450.0,6085.7245505792835,1.5850778639774805,0.2920571345991527
Station 3,63460.0,6101.696761466511,1.6093203630147093,0.28866763175788784
Station 3,63470.0,6117.910075824922,1.6332983831870462,0.28524136200899675
Station 3,63480.0,6134.361843901146,1.657010939562388,0.2817793633803015
Station 3,63490.0,6151.049406679065,1.6804571663243983,0.27828266318785644
Station 3,63500.0,6167.970096910329,1.7036363143311999,0.2747522774659766
Station 3,63510.0,6185.1212405338265,1.7265477484270633,0.2711892104907961
Station 3,63520.0,6202.50015770857,1.7491909448500575,0.26759445429298634
Station 3,63530.0,6220.10416389502,1.771565488571009,0.2639689882159423
Station 3,63540.0,6237.930570931333,1.793671070584217,0.2603137785121275
Station 3,63550.0,6255.976688081984,1.8155074851654713,0.2566297779737595
Station 3,63560.0,6274.239823058319,1.8370746271033562,0.25291792559691206
Station 3,63570.0,6292.717283010988,1.8583724889096653,0.24917914627810192
Station 3,63580.0,6311.406375493986,1.8794011580144223,0.2454143505423553
Station 3,63590.0,6330.304409400342,1.9001608139508825,0.2416244343017602
Station 3,63600.0,6349.40869586929,1.9206517255356201,0.23781027864344986
Station 3,63610.0,6368.716549165032,1.9408742480485448,0.23397274964597034
Station 3,63620.0,6388.225287527118,1.9608288204175002,0.23011269822296457
Station 3,63630.0,6407.93223399252,1.9805159624118374,0.2262309599930845
Station 3,63640.0,6427.834717189608,1.9999362718490938,0.22232835517505317
Station 3,63650.0,6447.930072104155,2.0190904218187735,0.21840568850679817
Station 3,63660.0,6468.215640817657,2.0379791579268267,0.2144637491875658
Station 3,63670.0,6488.68877321816,2.056603295564356,0.21050331084194626
Station 3,63680.0,6509.346827683957,2.0749637172037447,0.20652513150474427
Station 3,63690.0,6530.187171740431,2.0930613697252385,0.20252995362564577
Station 3,63700.0,6551.207182690401,2.1108972617767368,0.19851850409263572
Station 3,63710.0,6572.404248218385,2.1284724611693977,0.19449149427315598
Station 3,63720.0,6593.775766969139,2.14578809231138,0.19044962007199728
Station 3,63730.0,6615.319149100907,2.162845333681908,0.18639356200494417
Station 3,63740.0,6637.031816813866,2.179645415347622,0.18232398528722624
Station 3,63750.0,6658.9112048541265,2.196189616522947,0.17824153993582945
Station 2,78430.0,6652.617507585633,-2.8576828381162005,0.17641031941704116
Station 2,78440.0,6624.100890764114,-2.8455961758161994,0.18172546115319585
Station 2,78450.0,6595.706476845179,-2.833241733400444,0.18704918750212782
Station 2,78460.0,6567.43695903427,-2.8206164257225206,0.192381164900212
Station 2,78470.0,6539.295061448958,-2.807717156906689,0.19772104218252287
Station 2,78480.0,6511.2835392206425,-2.7945408220795427,0.20306844997311718
Station 2,78490.0,6483.4051785790325,-2.7810843092039907,0.20842300006173592
Station 2,78500.0,6455.662796918362,-2.7673445010188655,0.21378428476712888
Station 2,78510.0,6428.059242844312,-2.753318277087424,0.2191518762872452
Station 2,78520.0,6400.5973962005955,-2.739002515958037,0.22452532603660794
Station 2,78530.0,6373.280167941884,-2.724394097482055,0.22990416395642682
Station 2,78540.0,6346.110500131997,-2.7094899051910524,0.23528789783064125
Station 2,78550.0,6319.091366080508,-2.694286828758526,0.24067601260685054
Station 2,78560.0,6292.225770150517,-2.678781766683405,0.24606796967223168
Station 2,78570.0,6265.51674765887,-2.662971629056973,0.25146320613325335
Station 2,78580.0,6238.967364747975,-2.6468533404602335,0.2568611340857633
Station 2,78590.0,6212.5807182275885,-2.630423842994505,0.26226113987625027
Station 2,78600.0,6186.359935385297,-2.613680099447645,0.2676625833552331
Station 2,78610.0,6160.308173764316,-2.596619096598299,0.27306479712380655
Station 2,78620.0,6134.428620907279,-2.5792378486602434,0.27846708577450935
Station 2,78630.0,6108.724494064536,-2.5615334008687674,0.2838687251277695
Station 2,78640.0,6083.199039865696,-2.5435028332107246,0.28926896146533343
Station 2,78650.0,6057.855533952854,-2.5251432642997163,0.2946670107621848
Station 2,78660.0,6032.697280574187,-2.506451855397474,0.3000620579186196
Station 2,78670.0,6007.727612136402,-2.4874258145822967,0.3054532559942685
Station 2,78680.0,5982.949888714641,-2.468062401064949,0.31083972544601524
Station 2,78690.0,5958.367497518377,-2.4483589296521653,0.3162205533719136
Station 2,78700.0,5933.983852311875,-2.428312775357414,0.321594792763366
Station 2,78710.0,5909.802392787765,-2.40792137815819,0.32696146176798974
Station 2,78720.0,5885.826583892323,-2.3871822478986218,0.3323195429657821
Station 2,78730.0,5862.05991510104,-2.3660929693357096,0.33766798266136466
Station 2,78740.0,5838.505899643075,-2.3446512073269608,0.3430056901952694
Station 2,78750.0,5815.168073673293,-2.322854712156616,0.34833153727743615
Station 2,78760.0,5792.049995390461,-2.300701324997161,0.3536443573462584
Station 2,78770.0,5769.155244100396,-2.278188983502041,0.3589429449567324
Station 2,78780.0,5746.487419222791,-2.2553157275250095,0.3642260552014543
Station 2,78790.0,5724.05013924046,-2.2320797049607597,0.3694924031684108
Station 2,78800.0,5701.847040589988,-2.208479177700771,0.3747406634397168
Station 2,78810.0,5679.8817764925825,-2.184512527697634,0.3799694696356433
Station 2,78820.0,5658.1580157241615,-2.1601782631302884,0.38517741400849176
Station 2,78830.0,5636.6794413238285,-2.1354750246618095,0.39036304709105824
Station 2,78840.0,5615.449749239767,-2.1104015917806196,0.3955248774046182
Station 2,78850.0,5594.4726469119105,-2.0849568892151207,0.4006613712315588
Station 2,78860.0,5573.751851790702,-2.059139993410852,0.40577095245794503
Station 2,78870.0,5553.291089791424,-2.032950139058522,0.4108520024914826
Station 2,78880.0,5533.094093683734,-2.006386725660241,0.4159028602604813
Station 2,78890.0,5513.164601416024,-1.9794493241204993,0.4209218222995573
Station 2,78900.0,5493.50635437219,-1.9521376833479829,0.4259071429276427
Station 2,78910.0,5474.123095357528,-1.9244517368892784,0.43085703450023666
Station 2,78920.0,5455.018566890331,-1.896391609454123,0.4357696678114503
Station 2,78930.0,5436.196509348297,-1.8679576234428317,0.44064317259508495
Station 2,78940.0,5417.660658861608,-1.8391503054464189,0.4454756381205053
Station 2,78950.0,5399.4147452414745,-1.8099703926472892,0.450265113923404
Station 2,78960.0,5381.462489844732,-1.7804188391249571,0.45500961066507023
Station 2,78970.0,5363.807603375566,-1.7504968220463444,0.4597071011260325
Station 2,78980.0,5346.453783625625,-1.7202057477194428,0.464355521339776
Station 2,78990.0,5329.404713154038,-1.689547257488465,0.4689527718720313
Station 2,79000.0,5312.664056909063,-1.6585232334479727,0.47349671925088244
Station 2,79010.0,5296.235459793298,-1.6271358039529327,0.47798519755261243
Station 2,79020.0,5280.122544174642,-1.5953873489011952,0.48241601014783814
Station 2,79030.0,5264.328907345466,-1.5632805047644132,0.4867869316120451
Station 2,79040.0,5248.858118932604,-1.5308181693432616,0.4910957098041271
Station 2,79050.0,5233.713718261149,-1.4980035062224641,0.49534006811596093
Station 2,79060.0,5218.899211675117,-1.4648399489011363,0.4995177078954052
Station 2,79070.0,5204.418069818483,-1.4313312045739233,0.5036263110443989
Station 2,79080.0,5190.273724880168,-1.3974812575385702,0.5076635427930448
Station 2,79090.0,5176.469567806915,-1.3632943722058004,0.5116270546497055
Station 2,79100.0,5163.008945488156,-1.3287750956877913,0.5155144875262166
Station 2,79110.0,5149.895157917254,-1.293928259942083,0.519323475036317
Station 2,79120.0,5137.131455333749,-1.2587589834483455,0.5230516469643357
Station 2,79130.0,5124.721035351333,-1.2232726723963967,0.5266966329000499
Station 2,79140.0,5112.667040076731,-1.1874750213646827,0.5302560660344529
Station 2,79150.0,5100.972553224576,-1.1513720134696301,0.5337275871099278
Station 2,79160.0,5089.640597233799,-1.114969919967539,0.5371088485170611
Station 2,79170.0,5078.67413039112,-1.0782752992920828,0.5403975185290207
Station 2,79180.0,5068.07604396734,-1.04129499551204,0.5435912856630863
Station 2,79190.0,5057.8491593724375,-1.0040361361956673,0.5466878631575939
Station 2,79200.0,5047.996225335402,-0.9665061296698046,0.5496849935511964
Station 2,79210.0,5038.519915115035,-0.9287126616640267,0.5525804533500405
Station 2,79220.0,5029.42282374787,-0.890663691332029,0.5553720577671409
Station 2,79230.0,5020.70746533955,-0.8523674466448432,0.5580576655170011
Station 2,79240.0,5012.3762704059745,-0.8138324191526999,0.5606351836473272
Station 2,79250.0,5004.43158327056,-0.7750673581148585,0.563102572388585
Station 2,79260.0,4996.875659523984,-0.7360812639992215,0.565457850001111
Station 2,79270.0,4989.710663552678,-0.6968833813561329,0.5676990975986115
Station 2,79280.0,4982.938666087989,-0.6574831910691178,0.5698244639193124
Station 2,79290.0,4976.561641708216,-0.6178904019721705,0.5718321700130873
Station 2,79300.0,4970.581466936175,-0.5781149419139717,0.5737205139004726
Station 2,79310.0,4964.999917973427,-0.5381669482230045,0.5754878750599702
Station 2,79320.0,4959.818668636022,-0.49805675760261814,0.5771327187902829
Station 2,79330.0,4955.039288415992,-0.45779489548318403,0.5786536004136742
Station 2,79340.0,4950.663240651473,-0.4173920648533008,0.5800491692945162
Station 2,79350.0,4946.691880810637,-0.37685913459561415,0.5813181726504013
Station 2,79360.0,4943.126454894238,-0.33620712735525676,0.582459459133885
Station 2,79370.0,4939.968097961369,-0.2954472069711522,0.5834719821638246
Station 2,79380.0,4937.217832782581,-0.25459066550284903,0.5843548029864309
Station 2,79390.0,4934.876568624401,-0.21364890988749058,0.58510709344744
Station 2,79400.0,4932.945100168671,-0.17263344826345378,0.5857281384583386
Station 2,79410.0,4931.424106569983,-0.1315558759990495,0.5862173381412761
Station 2,79420.0,4930.314150653944,-0.09042786146611859,0.5865742096391502
Station 2,79430.0,4929.615678258673,-0.04926113159976894,0.5867983885793595
Station 2,79440.0,4929.3290177215,-0.008067457286669355,0.5868896301818528
Station 2,79450.0,4929.454379512377,0.033141361374825457,0.5868478100043508
Station 2,79460.0,4929.991856015154,0.07435350989872733,0.586672924319914
Station 2,79470.0,4930.941421457316,0.11555717427514034,0.58636509012443
Station 2,79480.0,4932.30293198845,0.15674055582905783,0.585924544773975
Station 2,79490.0,4934.076125907157,0.19789188602955698,0.5853516452544134
Station 2,79500.0,4936.260624035776,0.23899944120503586,0.5846468670879695
Station 2,79510.0,4938.8559302417725,0.2800515571206429,0.5838108028838281
Station 2,79520.0,4941.861432104218,0.32103664337479726,0.5828441605420663
Station 2,79530.0,4945.276401723429,0.3619431975726529,0.581747761122344
Station 2,79540.0,4949.099996671302,0.40275981923556425,0.5805225363908085
Station 2,79550.0,4953.331261079585,0.44347522340708107,0.5791695260605119
Station 2,79560.0,4957.969126862865,0.48407825391746584,0.5776898747423638
Station 2,79570.0,4963.012415072716,0.5245578962706735,0.5760848286251422
Station 2,79580.0,4968.45983737909,0.5649032901195674,0.5743557319044217
Station 2,79590.0,4974.309997674675,0.6051037412973976,0.572504022981399
Station 2,79600.0,4980.561393797706,0.6451487333756353,0.5705312304535229
Station 2,79610.0,4987.212419368318,0.68502793872086,0.5684389689195309
Station 2,79620.0,4994.261365733345,0.7247312290256738,0.5662289346220066
Station 2,79630.0,5001.706424014246,0.764248685291318,0.563902900950832
Station 2,79640.0,5009.54568725253,0.8035706072421992,0.5614627138310371
Station 2,79650.0,5017.7771526012275,0.8426875221745885,0.5589102870121454
Station 2,79660.0,5026.3987234816,0.8815901932696677,0.5562475972711184
Station 2,79670.0,5035.40821227779,0.9202696270989154,0.5534766796314604
Station 2,79680.0,5044.803342698507,0.9587170806632282,0.5505996225031252
Station 2,79690.0,5054.5817522949665,0.9969240677817305,0.547618562830426
Station 2,79700.0,5064.7409950608,1.0348823648428294,0.544535681259611
Station 2,79710.0,5075.278544085842,1.0725840159248345,0.5413531973424719
Station 2,79720.0,5086.191794257596,1.11002133728767,0.5380733647941549
Station 2,79730.0,5097.47806500404,1.1471869212394368,0.5346984668222106
Station 2,79740.0,5109.134603071682,1.1840736393840157,0.5312308115426178
Station 2,79750.0,5121.158585332691,1.2206746452579922,0.5276727274972616
Station 2,79760.0,5133.54712161512,1.256983376367276,0.5240265592860088
Station 2,79770.0,5146.297257550295,1.2929935556356897,0.520294663325191
Station 2,79780.0,5159.405977431612,1.3286991922796314,0.5164794037429686
Station 2,79790.0,5172.870207079114,1.364094582124516,0.5125831484207147
Station 2,79800.0,5186.68681670438,1.3991743073802578,0.5086082651882664
Station 2,79810.0,5200.852623770484,1.4339332358943706,0.5045571181795983
Station 2,79820.0,5215.364395841876,1.4683665199025018,0.5004320643542703
Station 2,79830.0,5230.218853419361,1.5024695942972424,0.4962354501887952
Station 2,79840.0,5245.412672755465,1.5362381744370348,0.4919696085409599
Station 2,79850.0,5260.94248864576,1.5696682535176545,0.48763685568906956
Station 2,79860.0,5276.804897191907,1.6027560995294976,0.4832394885470836
Station 2,79870.0,5292.996458532442,1.635498251824274,0.4787797820556793
Station 2,79880.0,5309.513699537535,1.6678915173151136,0.4742599867484302
Station 2,79890.0,5326.353116464241,1.6999329663343223,0.4696823264914738
Station 2,79900.0,5343.511177568931,1.7316199281730849,0.4650489963943611
Station 2,79910.0,5360.984325673894,1.7629499863273783,0.46036216088910387
Station 2,79920.0,5378.768980685324,1.7939209734743213,0.4556239519738703
Station 2,79930.0,5396.861542060129,1.8245309662028375,0.45083646761727963
Station 2,79940.0,5415.258391219263,1.8547782795222558,0.4460017703187869
Station 2,79950.0,5433.9558939054705,1.8846614611720183,0.44112188582029
Station 2,79960.0,5452.950402483633,1.9141792857552156,0.43619880196375144
Station 2,79970.0,5472.23825818202,1.9433307487180553,0.43123446768938556
Station 2,79980.0,5491.815793273115,1.9721150601967625,0.4262307921687291
Station 2,79990.0,5511.679333192717,2.0005316387527228,0.4211896440667845
Station 2,80000.0,5531.825198596376,2.028580105015947,0.41611285092728284
Station 2,80010.0,5552.24970735233,2.056260275256144,0.41100219867506305
Station 2,80020.0,5572.949176350949,2.0835721549792168,0.40585943121182705
Station 2,80030.0,5593.919923395528,2.110515932406045,0.40068625013692166
Station 2,80040.0,5615.158269153018,2.1370919718314707,0.39548431458750727
Station 2,80050.0,5636.66053877892,2.1633008071519804,0.39025524113323623
Station 2,80060.0,5658.423063583209,2.189143135342225,0.3850006037730496
Station 2,80070.0,5680.442182630851,2.2146198099578736,0.3797219340133202
Station 2,80080.0,5702.714244277006,2.239731834678163,0.3744207210217432
Station 2,80090.0,5725.235607637545,2.2644803569005294,0.36909841185149395
Station 2,80100.0,5748.002643995419,2.2888666613988473,0.36375641173036966
Station 2,80110.0,5771.01173814364,2.312892164055945,0.35839608440978293
Station 2,80120.0,5794.2592896657325,2.3365584056801225,0.3530187525686716
Station 2,80130.0,5817.741714154527,2.3598670459146778,0.3476256982675707
Station 2,80140.0,5841.455444370337,2.3828198572485526,0.34221816344829226
Station 2,80150.0,5865.396931339646,2.4054187191354375,0.3367973504748477
Station 2,80160.0,5889.56264539536,2.4276656122279157,0.3313644227114673
Station 2,80170.0,5913.949077159963,2.4495626127325045,0.3259205051337504
Station 2,80180.0,5938.552738472749,2.4711118868907143,0.3204666849691977
Station 2,80190.0,5963.3701632625225,2.49231568559059,0.31500401236356473
Station 2,80200.0,5988.397908367085,2.51317633911255,0.30953350106968286
Station 2,80210.0,6013.632554300904,2.533696252012733,0.3040561291555794
Station 2,80220.0,6039.070705972425,2.5538778981464447,0.29857283972892024
Station 2,80230.0,6064.708993352391,2.5737238158338087,0.29308454167499
Station 2,80240.0,6090.544072094753,2.593236603169147,0.2875921104055833
Station 2,80250.0,6116.572624111503,2.612418913475166,0.2820963886163905
Station 2,80260.0,6142.79135810302,2.6312734509025613,0.2765981870505902
Station 2,80270.0,6169.197010045349,2.6498029661752165,0.271098285266552
Station 2,80280.0,6195.786343635919,2.668010252480815,0.26559743240769196
Station 2,80290.0,6222.556150699176,2.6858981415062653,0.26009634797268155
Station 2,80300.0,6249.503251553578,2.703469499617057,0.25459572258434887
Station 2,80310.0,6276.624495341423,2.7207272241793166,0.24909621875574614
Station 2,80320.0,6303.916760322942,2.7376742400230842,0.2435984716519967
Station 2,80330.0,6331.37695413608,2.75431349604506,0.2381030898466358
Station 2,80340.0,6359.002014023367,2.770647961948816,0.2326106560713073
Station 2,80350.0,6386.788907027246,2.786680625120323,0.22712172795776037
Station 2,80360.0,6414.734630155218,2.802414487636383,0.22163683877120788
Station 2,80370.0,6442.836210516139,2.8178525634034575,0.2161564981342084
Station 2,80380.0,6471.090705397449,2.832997875446927,0.21068119273579908
Station 2,80390.0,6499.495202206759,2.847853453411638,0.20521138701306904
Station 2,80400.0,6528.046818764002,2.862422330911483,0.19974752387540579
Station 2,80410.0,6556.742703247819,2.8767075432184344,0.1942900253721569
Station 2,80420.0,6585.58003418239,2.8907121250310768,0.18883929335568406
Station 2,80430.0,6614.55602042328,2.9044391083419043,0.18339571013445705
Station 2,80440.0,6643.667901122061,2.917891520415028,0.1779596391128992
Station 1,83180.0,6657.859549619208,-2.8126635245369664,0.17816205627718393
Station 1,83190.0,6629.792768229852,-2.8006493105419596,0.18341546306429482
Station 1,83200.0,6601.847438038215,-2.7883727858846785,0.18867671407911266
Station 1,83210.0,6574.026196904414,-2.7758309954476212,0.19394546801468668
Station 1,83220.0,6546.331712286074,-2.763020975696853,0.19922136628093237
Station 1,83230.0,6518.766681316412,-2.7499397563864214,0.20450403242384768
Station 1,83240.0,6491.33383086532,-2.736584362359464,0.20979307153256363
Station 1,83250.0,6464.035917582458,-2.722951815449009,0.21508806963445581
Station 1,83260.0,6436.875727921449,-2.7090391364812914,0.22038859307862177
Station 1,83270.0,6409.856078144128,-2.694843347384655,0.225694187908049
Station 1,83280.0,6382.979814303863,-2.6803614734067676,0.23100437922089428
Station 1,83290.0,6356.249812086221,-2.665590545477235,0.23631867050809557
Station 1,83300.0,6329.668976750168,-2.650527602637761,0.24163654299586643
Station 1,83310.0,6303.240243218477,-2.6351696945521645,0.2469574549964017
Station 1,83320.0,6276.966575845857,-2.6195138842210444,0.25228084121731614
Station 1,83330.0,6250.850968273581,-2.6035572507796827,0.25760611207634515
Station 1,83340.0,6224.896443255594,-2.5872968924197766,0.26293265300895985
Station 1,83350.0,6199.106052454431,-2.570729929437218,0.26825982376980834
Station 1,83360.0,6173.48287620568,-2.55385350740787,0.2735869577290079
Station 1,83370.0,6148.030023249755,-2.536664800493083,0.27891336116445076
Station 1,83380.0,6122.7506304296485,-2.5191610148764956,0.28423831255136917
Station 1,83390.0,6097.647862353419,-2.5013393923334233,0.28956106185053415
Station 1,83400.0,6072.7249110200655,-2.4831972139339005,0.2948808297965743
Station 1,83410.0,6047.984995407486,-2.46473180388015,0.3001968071880365
Station 1,83420.0,6023.431361021222,-2.4459405334789666,0.30550815418092725
Station 1,83430.0,5999.067279402636,-2.426820825249158,0.3108139995876292
Station 1,83440.0,5974.896047595216,-2.407370157163868,0.3161134401832114
Station 1,83450.0,5950.920987567708,-2.387586067027179,0.3214055400213139
Station 1,83460.0,5927.145445592738,-2.367466156984042,0.32668932976193554
Station 1,83470.0,5903.572791579655,-2.34700809816211,0.3319638060136111
Station 1,83480.0,5880.206418360325,-2.326209635443598,0.33722793069262647
Station 1,83490.0,5857.049740926595,-2.305068592364827,0.3424806304020939
Station 1,83500.0,5834.1061956182275,-2.2835828761405597,0.347720795833869
Station 1,83510.0,5811.379239260098,-2.261750482809754,0.35294728119647856
Station 1,83520.0,5788.872348247507,-2.239569502498652,0.358158903672387
Station 1,83530.0,5766.589017578483,-2.217038124796737,0.3633544429081295
Station 1,83540.0,5744.532759832041,-2.1941546442402564,0.36853264054099616
Station 1,83550.0,5722.707104091332,-2.170917465897505,0.37369219976614315
Station 1,83560.0,5701.115594810825,-2.14732511104929,0.37883178494818265
Station 1,83570.0,5679.761790626549,-2.1233762229573823,0.38395002128146927
Station 1,83580.0,5658.649263108673,-2.0990695727129878,0.3890454945034817
Station 1,83590.0,5637.781595455658,-2.0744040651565387,0.3941167506658511
Station 1,83600.0,5617.162381129386,-2.049378744859415,0.39916229596775915
Station 1,83610.0,5596.795222430716,-2.0239928021572684,0.4041805966565578
Station 1,83620.0,5576.683729015041,-1.998245579224112,0.4091700790006125
Station 1,83630.0,5556.831516347574,-1.9721365761752634,0.41412912933949814
Station 1,83640.0,5537.242204098098,-1.9456654571866379,0.4190560942167587
Station 1,83650.0,5517.919414475225,-1.9188320566169803,0.42394928060056747
Station 1,83660.0,5498.866770412338,-1.891636385133832,0.42880695618729475
Station 1,83670.0,5480.087893683689,-1.8640786358009858,0.4336273498036265
Station 1,83680.0,5461.586403329979,-1.836159190071367,0.4384086519554804
Station 1,83690.0,5443.365913607842,-1.8078786238014246,0.44314901543672414
Station 1,83700.0,5425.43003201222,-1.7792377131563986,0.44784655606923773
Station 1,83710.0,5407.782357246437,-1.75023744042027,0.4524993535639239
Station 1,83720.0,5390.426477134361,-1.7208789996930287,0.45710545250704987
Station 1,83730.0,5373.365966475841,-1.6911638024558904,0.46166286347696833
Station 1,83740.0,5356.604384846883,-1.661093482984528,0.46616956429603373
Station 1,83750.0,5340.14527434624,-1.6306699035898229,0.47062350142230636
Station 1,83760.0,5323.992157290226,-1.5998951596652047,0.4750225914853073
Station 1,83770.0,5308.148533857831,-1.5687715845192387,0.47936472296974114
Station 1,83780.0,5292.61787968847,-1.5373017539717688,0.48364775805069254
Station 1,83790.0,5277.403643434777,-1.5054884906917418,0.48786953458331245
Station 1,83800.0,5262.50924427327,-1.4733348682546035,0.4920278682495012
Station 1,83810.0,5247.938069375768,-1.4408442148971745,0.496120554863478
Station 1,83820.0,5233.693471344757,-1.4080201169478919,0.5001453728374852
Station 1,83830.0,5219.778765616076,-1.3748664219104971,0.5041000858081492
Station 1,83840.0,5206.197227832566,-1.341387241179478,0.5079824454232408
Station 1,83850.0,5192.952091192498,-1.30758695236596,0.511790194287731
Station 1,83860.0,5180.046543776778,-1.273470201213284,0.515521069067153
Station 1,83870.0,5167.483725859243,-1.2390419030819784,0.519172803745285
Station 1,83880.0,5155.266727204429,-1.2043072439848488,0.5227431330322174
Station 1,83890.0,5143.398584357476,-1.1692716811535164,0.5262297959177515
Station 1,83900.0,5131.882277930982,-1.1339409431189256,0.5296305393640195
Station 1,83910.0,5120.720729893776,-1.098321029289412,0.5329431221300596
Station 1,83920.0,5109.91680086674,-1.062418209011232,0.5361653187199268
Station 1,83930.0,5099.473287431029,-1.0262390200978289,0.5392949234447482
Station 1,83940.0,5089.392919453987,-0.9897902668157064,0.5423297545879318
Station 1,83950.0,5079.678357438406,-0.9530790173162877,0.5452676586615591
Station 1,83960.0,5070.332189900673,-0.9161126005051454,0.5481065147408398
Station 1,83970.0,5061.356930783523,-0.878898602341647,0.5508442388623433
Station 1,83980.0,5052.755016909161,-0.841444861564169,0.5534787884706374
Station 1,83990.0,5044.52880547853,-0.8037594648380841,0.5560081668969223
Station 1,84000.0,5036.680571622566,-0.765850741325893,0.5584304278522673
Station 1,84010.0,5029.2125060111875,-0.7277272566811143,0.5607436799171722
Station 1,84020.0,5022.126712525846,-0.6893978064698489,0.5629460910083931
Station 1,84030.0,5015.425206001308,-0.6508714090262787,0.5650358928032692
Station 1,84040.0,5009.109909928472,-0.612157297738489,0.5670113850871313
Station 1,84050.0,5003.182654277793,-0.5732649127725342,0.5688709400223187
Station 1,84060.0,4997.645173768601,-0.5342038923179351,0.5706130063570565
Station 1,84070.0,4992.499105781726,-0.4949840632777278,0.5722361134531492
Station 1,84080.0,4987.745988519469,-0.4556154314624904,0.573738875186006
Station 1,84090.0,4983.38725927001,-0.41610817130563027,0.5751199936776663
Station 1,84100.0,4979.42425277649,-0.37647261512232777,0.5763782628419396
Station 1,84110.0,4975.858199715325,-0.33671924193701963,0.5775125717219153
Station 1,84120.0,4972.690225287872,-0.29685866590643817,0.5785219076009024
Station 1,84130.0,4969.921347929439,-0.25690162436718555,0.5794053588688157
Station 1,84140.0,4967.552478139245,-0.21685896553874462,0.5801621176271933
Station 1,84150.0,4965.584417434647,-0.17674163591452796,0.580791482017327
Station 1,84160.0,4964.0178574326455,-0.13656066737520434,0.5812928582574803
Station 1,84170.0,4962.853379061246,-0.09632716405989372,0.581665762376775
Station 1,84180.0,4962.091451903039,-0.05605228903215853,0.5819098216350963
Station 1,84190.0,4961.732433672789,-0.015747250778715305,0.5820247756202092
Station 1,84200.0,4961.77656983064,0.024576710420249726,0.5820104770152772
Station 1,84210.0,4962.22399333205,0.06490833620978853,0.5818668920319492
Station 1,84220.0,4963.074724515117,0.10523636392778984,0.581594100506341
Station 1,84230.0,4964.328671125703,0.14554954038138157,0.5811922956572979
Station 1,84240.0,4965.985628480247,0.1858366355918058,0.5806617835084654
Station 1,84250.0,4968.045279765775,0.22608645646770242,0.5800029819778171
Station 1,84260.0,4970.507196476257,0.26628786036707985,0.5792164196403274
Station 1,84270.0,4973.370838984043,0.30642976850880926,0.5783027341715086
Station 1,84280.0,4976.635557244676,0.3465011791954059,0.5772626704814249
Station 1,84290.0,4980.300591633062,0.3864911808095985,0.5760970785506494
Station 1,84300.0,4984.365073908663,0.426388964548687,0.5748069109812749
Station 1,84310.0,4988.828028306792,0.46618383686173476,0.5733932202777023
Station 1,84320.0,4993.688372753043,0.5058652315563585,0.5718571558733037
Station 1,84330.0,4998.944920197361,0.5454227215435175,0.570199960920299
Station 1,84340.0,5004.596380064014,0.5848460301904518,0.5684229688612812
Station 1,84350.0,5010.641359813435,0.6241250422539858,0.5665275998016878
Station 1,84360.0,5017.078366611648,0.6632498143683623,0.5645153567032505
Station 1,84370.0,5023.905809102702,0.7022105850640017,0.5623878214189675
Station 1,84380.0,5031.12199927935,0.7409977842958108,0.5601466505904903
Station 1,84390.0,5038.725154446971,0.7796020424619527,0.5577935714289869
Station 1,84400.0,5046.713399275597,0.8180141988963391,0.5553303774005279
Station 1,84410.0,5055.084767934248,0.8562253098207278,0.5527589238368099
Station 1,84420.0,5063.837206126591,0.894226655824402,0.5500811234675343
Station 1,84430.0,5072.968573480887,0.9320097486761495,0.5472989419564112
Station 1,84440.0,5082.476646023647,0.9695663375318532,0.5444143934265876
Station 1,84450.0,5092.359118476015,1.0068884146787282,0.5414295359573811
Station 1,84460.0,5102.6136067138905,1.0439682206620704,0.5383464671176424
Station 1,84470.0,5113.237650275974,1.0807982488361807,0.535167319538009
Station 1,84480.0,5124.22871491399,1.117371249341548,0.5318942565380111
Station 1,84490.0,5135.58419517943,1.1536802325124196,0.5285294678229385
Station 1,84500.0,5147.301417041179,1.1897184717209472,0.5250751652642474
Station 1,84510.0,5159.377640528463,1.225479505665929,0.5215335787761545
Station 1,84520.0,5171.810062393647,1.260957140116035,0.5179069522998722
Station 1,84530.0,5184.595818789524,1.296145449119021,0.5141975399057694
Station 1,84540.0,5197.731987955876,1.3310387756900286,0.5104076020225566
Station 1,84550.0,5211.21559291014,1.3656317319934828,0.5065394018014363
Station 1,84560.0,5225.043604137365,1.3999191990344346,0.5025952016219698
Station 1,84570.0,5239.212942274524,1.4338963258763344,0.49857725974537176
Station 1,84580.0,5253.720480784669,1.4675585284032917,0.4944878271197835
Station 1,84590.0,5268.5630486164755,1.5009014876457873,0.49032914434109726
Station 1,84600.0,5283.737432844962,1.533921147689573,0.4861034387718881
Station 1,84610.0,5299.240381289321,1.5666137131882123,0.48181292182009183
Station 1,84620.0,5315.068605104089,1.5989756465001415,0.47745978637818676
Station 1,84630.0,5331.218781339958,1.6310036644716381,0.4730462044228405
Station 1,84640.0,5347.687555470965,1.6626947348873662,0.46857432477417055
Station 1,84650.0,5364.471543884713,1.694046072610277,0.4640462710131779
Station 1,84660.0,5381.567336332786,1.7250551354327965,0.4594641395551742
Station 1,84670.0,5398.971498338538,1.7557196196611802,0.45482999787653217
Station 1,84680.0,5416.6805735597645,1.7860374554547864,0.45014588289154533
Station 1,84690.0,5434.691086103905,1.8160068019417959,0.4454137994757464
Station 1,84700.0,5452.999542793704,1.8456260421326367,0.44063571913164423
Station 1,84710.0,5471.602435381412,1.8748937776519927,0.43581357879249777
Station 1,84720.0,5490.496242709848,1.9038088233098112,0.43094927975946923
Station 1,84730.0,5509.677432818825,1.9323702015312778,0.4260446867672555
Station 1,84740.0,5529.142464995643,1.960577136665071,0.4211016271731244
Station 1,84750.0,5548.887791768553,1.988429049188729,0.416121890264122
Station 1,84760.0,5568.909860842246,2.0159255498291806,0.411107226677125
Station 1,84770.0,5589.205116974648,2.043066433615893,0.40605934792634696
Station 1,84780.0,5609.770003790387,2.069851673885874,0.40097992603229005
Station 1,84790.0,5630.600965371028,2.096281416363664,0.3958705932230175
Station 1,84800.0,5651.6944481145165,2.122355973019529,0.39073294177350665
Station 1,84810.0,5673.04690240295,2.1480758159854103,0.3855685239140567
Station 1,84820.0,5694.654784108255,2.1734415715543394,0.38037885180341163
Station 1,84830.0,5716.514556106248,2.1984540141605122,0.375165397586865
Station 1,84840.0,5738.622689730168,2.2231140603935713,0.3699295935245424
Station 1,84850.0,5760.975666164128,2.2474227630584043,0.36467283218492896
Station 1,84860.0,5783.569977777039,2.2713813052909675,0.3593964666988464
Station 1,84870.0,5806.402129397659,2.294990994739901,0.35410181106923155
Station 1,84880.0,5829.468639531507,2.3182532578229056,0.34879014053223334
Station 1,84890.0,5852.766041520418,2.3411696340661083,0.34346269196531737
Station 1,84900.0,5876.290884645805,2.3637417705339407,0.3381206643382012
Station 1,84910.0,5900.039735176388,2.385971416356292,0.332765219202689
Station 1,84920.0,5924.009177361602,2.4078604173590925,0.3273974812175755
Station 1,84930.0,5948.19581437172,2.42941071080374,0.3220185387050168
Station 1,84940.0,5972.596269185839,2.4506243202401943,0.3166294442349255
Station 1,84950.0,5997.2071854289225,2.471503350477953,0.31123121523412745
Station 1,84960.0,6022.025228159171,2.4920499826785254,0.3058248346171893
Station 1,84970.0,6047.047084606942,2.512266469572456,0.30041125143600733
Station 1,84980.0,6072.269464866486,2.532155130803468,0.2949913815454157
Station 1,84990.0,6097.689102541948,2.5517183484017445,0.28956610828220947
Station 1,85000.0,6123.302755348784,2.5709585623879296,0.2841362831552
Station 1,85010.0,6149.107205672055,2.589878266508972,0.2787027265440113
Station 1,85020.0,6175.099261082924,2.6084800041065357,0.27326622840451836
Station 1,85030.0,6201.275754814691,2.6267663641182852,0.2678275489789583
Station 1,85040.0,6227.633546199736,2.6447399772120397,0.26238741950889066
Station 1,85050.0,6254.169521068729,2.6624035120523972,0.25694654294931907
Station 1,85060.0,6280.88059211344,2.6797596716991543,0.25150559468241074
Station 1,85070.0,6307.763699214462,2.6968111901365903,0.2460652232293794
Station 1,85080.0,6334.815809735232,2.713560828932339,0.2406260509592135
Station 1,85090.0,6362.033918783587,2.7300113740244205,0.23518867479304287
Station 1,85100.0,6389.415049442195,2.7461656326347534,0.22975366690304247
Station 1,85110.0,6416.956252969102,2.7620264303072455,0.224321575404879
Station 1,85120.0,6444.6546089696585,2.7775966080684484,0.21889292504279198
Station 1,85130.0,6472.507225541057,2.7928790197085376,0.2134682178665022
Station 1,85140.0,6500.511239390653,2.80787652918031,0.20804793389921516
Station 1,85150.0,6528.663815887569,2.822592008143201,0.20263253179017968
Station 1,85160.0,6556.9621490078125,2.8370283336867863,0.1972224494443799
Station 1,85170.0,6585.403461616537,2.851188385906304,0.19181810469299448
Station 1,85180.0,6613.985005392495,2.865075045813322,0.18641989590663907
Station 1,85190.0,6642.704060814701,2.8786911933014867,0.18102820260765917
Station 1,85200.0,6671.557937143736,2.8920397052047537,0.175643386072594
Station 2,88930.0,6648.615541118219,-3.611213274444978,0.17687815572345345
Station 2,88940.0,6612.5278992543745,-3.6062810938370573,0.18361770697417829
Station 2,88950.0,6576.490604740978,-3.601143218271125,0.1903987308066678
Station 2,88960.0,6540.505732258542,-3.5957960902728643,0.19722182757897122
Station 2,88970.0,6504.575392449145,-3.5902360748132742,0.20408760590999284
Station 2,88980.0,6468.70173269875,-3.584459457823718,0.21099668268379773
Station 2,88990.0,6432.886937934379,-3.5784624447093245,0.21794968304459322
Station 2,89000.0,6397.133231436148,-3.5722411588633003,0.22494724038164762
Station 2,89010.0,6361.442875664201,-3.5657916401848944,0.23198999630335926
Station 2,89020.0,6325.818173100526,-3.5591098436040314,0.2390786005996448
Station 2,89030.0,6290.261467105584,-3.5521916376159073,0.246213711191754
Station 2,89040.0,6254.775142789771,-3.5450328028290867,0.2533959940685692
Station 2,89050.0,6219.361627899397,-3.5376290305309697,0.2606261232083984
Station 2,89060.0,6184.023393717287,-3.5299759212748048,0.26790478048518374
Station 2,89070.0,6148.76295597761,-3.522068983492762,0.27523265555801046
Station 2,89080.0,6113.582875794806,-3.5139036321399164,0.2826104457427158
Station 2,89090.0,6078.485760606278,-3.5054751873744125,0.290038855864329
Station 2,89100.0,6043.474265128499,-3.496778873279446,0.2975185980889978
Station 2,89110.0,6008.551092326201,-3.487809816633097,0.30505039173397835
Station 2,89120.0,5973.718994394086,-3.4785630457325745,0.31263496305417376
Station 2,89130.0,5938.980773750644,-3.469033489279818,0.3202730450036144
Station 2,89140.0,5904.3392840433535,-3.4592159753359013,0.3279653769702089
Station 2,89150.0,5869.797431164699,-3.4491052303522722,0.3357127044819327
Station 2,89160.0,5835.358174278214,-3.4386958782873185,0.3435157788825817
Station 2,89170.0,5801.024526853677,-3.427982439817344,0.3513753569750663
Station 2,89180.0,5766.799557574138,-3.4169593317176523,0.3592922006154818
Station 2,89190.0,5732.686391369966,-3.4056208662883227,0.36726707628535465
Station 2,89200.0,5698.68821070235,-3.3939612508001993,0.37530075464844853
Station 2,89210.0,5664.808256479271,-3.3819745872600606,0.38339401002548923
Station 2,89220.0,5631.049829110405,-3.369654872252371,0.3915476198403202
Station 2,89230.0,5597.416289563443,-3.3569959969430716,0.39976236401884124
Station 2,89240.0,5563.911060419178,-3.3439917472596177,0.408039024337651
Station 2,89250.0,5530.537626923524,-3.3306358042616813,0.4163783837192531
Station 2,89260.0,5497.299538034482,-3.3169217447177344,0.4247812254705001
Station 2,89270.0,5464.200407462007,-3.3028430419035364,0.43324833246076705
Station 2,89280.0,5431.243914698416,-3.2883930666393377,0.4417804862361316
Station 2,89290.0,5398.433806036921,-3.273565088583469,0.45037846606563714
Station 2,89300.0,5365.7738955756495,-3.258352277800791,0.459043047915475
Station 2,89310.0,5333.268066204347,-3.24274770662537,0.46777500334668987
Station 2,89320.0,5300.920270570711,-3.2267443518375316,0.47657509833174905
Station 2,89330.0,5268.734532023186,-3.21033509717637,0.4854440919850435
Station 2,89340.0,5236.714945526748,-3.1935127362095423,0.4943827352020999
Station 2,89350.0,5204.865678548034,-3.1762699755830774,0.5033917692019658
Station 2,89360.0,5173.190971905971,-3.158599438674714,0.5124719239668966
Station 2,89370.0,5141.695140583716,-3.1404936696750076,0.5216239165731174
Station 2,89380.0,5110.3825744976075,-3.1219451381212697,0.5308484494060495
Station 2,89390.0,5079.2577392184985,-3.102946243910059,0.5401462082529546
Station 2,89400.0,5048.325176640544,-3.083489322814517,0.549517860265552
Station 2,89410.0,5017.589505592374,-3.063566652533543,0.5589640517846122
Station 2,89420.0,4987.055422385208,-3.0431704593001667,0.5684854060180522
Station 2,89430.0,4956.727701292233,-3.0222929250769113,0.5780825205634801
Station 2,89440.0,4926.611194953261,-3.000926195366238,0.5877559647654794
Station 2,89450.0,4896.710834698454,-2.9790623876642717,0.5975062768972843
Station 2,89460.0,4867.031630784574,-2.956693600586052,0.6073339611557068
Station 2,89470.0,4837.578672536978,-2.9338119236904006,0.6172394844573691
Station 2,89480.0,4808.357128390196,-2.910409448032096,0.6272232730233992
Station 2,89490.0,4779.372245819853,-2.886478277468612,0.6372857087386881
Station 2,89500.0,4750.629351158215,-2.8620105407478476,0.6474271252707379
Station 2,89510.0,4722.133849285506,-2.8369984044022574,0.6576478039318582
Station 2,89520.0,4693.8912231888635,-2.8114340864735583,0.6679479692670697
Station 2,89530.0,4665.907033380573,-2.7853098710906092,0.6783277843485332
Station 2,89540.0,4638.186917166972,-2.7586181239211323,0.688787345755555
Station 2,89550.0,4610.7365876575195,-2.731351308560274,0.6993266782073386
Station 2,89560.0,4583.561832610532,-2.7035020038109403,0.7099457288361827
Station 2,89570.0,4556.668513487173,-2.675062921727782,0.7206443611062726
Station 2,89580.0,4530.06256387969,-2.646026926792709,0.7314223482675383
Station 2,89590.0,4503.749987884493,-2.6163870559543065,0.742279366370862
Station 2,89600.0,4477.736858275538,-2.586136539601745,0.7532149867924077
Station 2,89610.0,4452.0293144629495,-2.555268823472297,0.7642286682250559
Station 2,89620.0,4426.633560227569,-2.5237775914835674,0.7753197480908527
Station 2,89630.0,4401.5558612223,-2.4916567894757846,0.7864874333229871
Station 2,89640.0,4376.802542231237,-2.4589006498432475,0.7977307904597128
Station 2,89650.0,4352.3799841778655,-2.4255037170271723,0.8090487349856677
Station 2,89660.0,4328.294620873921,-2.391460873834949,0.8204400198480531
Station 2,89670.0,4304.552935500829,-2.3567673685429407,0.8319032230660809
Station 2,89680.0,4281.1614568162295,-2.3214188427317253,0.8434367343416679
Station 2,89690.0,4258.12675507854,-2.2854113597938714,0.8550387405675401
Station 2,89700.0,4235.4554376832275,-2.2487414340451752,0.8667072101153309
Station 2,89710.0,4213.154144505169,-2.211406060360701,0.8784398757708173
Station 2,89720.0,4191.229542942306,-2.173402744247006,0.890234216165838
Station 2,89730.0,4169.688322656813,-2.1347295322518343,0.9020874355363314
Station 2,89740.0,4148.537190010882,-2.0953850426018747,0.9139964416131975
Station 2,89750.0,4127.782862195596,-2.055368495949079,0.9259578214267429
Station 2,89760.0,4107.432061052399,-2.0146797460949797,0.9379678147762839
Station 2,89770.0,4087.491506588172,-1.9733193105523057,0.9500222850834709
Station 2,89780.0,4067.967910186316,-1.9312884007926832,0.9621166873109298
Station 2,89790.0,4048.867967517835,-1.8885889520193344,0.9742460325865563
Station 2,89800.0,4030.198351158051,-1.8452236522941048,0.9864048491281403
Station 2,89810.0,4011.9657029163623,-1.8011959708392415,0.9985871390129529
Station 2,89820.0,3994.1766258882735,-1.756510185326297,1.0107863302827425
Station 2,89830.0,3976.83767624082,-1.711171407957028,1.0229952238170745
Station 2,89840.0,3959.955354744553,-1.6651856101355083,1.0352059343481341
Station 2,89850.0,3943.5360980672144,-1.6185596455253606,1.0474098249304125
Station 2,89860.0,3927.5862698463593,-1.5713012712828531,1.05959743412221
Station 2,89870.0,3912.112151560258,-1.5234191672547701,1.0717583950876657
Station 2,89880.0,3897.1199332185156,-1.4749229529298236,1.0838813457955225
Station 2,89890.0,3882.615703895992,-1.4258232019343677,1.0959538294843438
Station 2,89900.0,3868.605442135616,-1.376131453866972,1.107962184598423
Station 2,89910.0,3855.0950062444062,-1.325860223273109,1.1198914234942057
Station 2,89920.0,3842.090124312125,-1.2750230055908869,1.131725099391862
Station 2,89930.0,3829.596384566561,-1.223634279791149,1.1434451614015517
Station 2,89940.0,3817.619225609928,-1.1717095076685795,1.155031797872205
Station 2,89950.0,3806.1639265203626,-1.1192651295920293,1.1664632690696422
Station 2,89960.0,3795.2355971055613,-1.066318556550674,1.1777157312360358
Station 2,89970.0,3784.8391682544056,-1.0128881584006817,1.1887630555041202
Station 2,89980.0,3774.979382425093,-0.9589932482206986,1.1995766470925386
Station 2,89990.0,3765.6607843090565,-0.9046540627090575,1.2101252727674978
Station 2,90000.0,3756.8877117104976,-0.8498917385818229,1.2203749078145383
Station 2,90010.0,3748.6642866816583,-0.7947282849588754,1.230288617763103
Station 2,90020.0,3740.994406953912,-0.7391865517546792,1.2398264947883297
Station 2,90030.0,3733.8817377044597,-0.6832901941208852,1.2489456738526918
Station 2,90040.0,3727.329703697776,-0.6270636330193,1.2576004587575254
Station 2,90050.0,3721.341481840016,-0.5705320120355151,1.2657425925034609
Station 2,90060.0,3715.919994183338,-0.5137211505753264,1.2733217084223976
Station 2,90070.0,3711.0679014155126,-0.4566574936175032,1.280285996713476
Station 2,90080.0,3706.7875968682833,-0.3993680582272623,1.2865831132750316
Station 2,90090.0,3703.081201075808,-0.3418803770641027,1.2921613421676152
Station 2,90100.0,3699.9505569119583,-0.28422243914593404,1.2969709985683433
Station 2,90110.0,3697.3972253325633,-0.22642262815702285,1.3009660263148348
Station 2,90120.0,3695.422481745665,-0.16850965861104572,1.3041057063540957
Station 2,90130.0,3694.0273130296314,-0.11051251020131947,1.306356355913739
Station 2,90140.0,3693.2124152155525,-0.05246036068807236,1.30769287169094
Station 2,90150.0,3692.978191846818,0.0056174823128615214,1.3080999628517724
Station 2,90160.0,3693.3247530249882,0.06369165026453005,1.307572937445256
Station 2,90170.0,3694.2519151473593,0.12173278298413326,1.3061179494636144
Station 2,90180.0,3695.759201337724,0.17971159787282576,1.303751676494342
Station 2,90190.0,3697.845842567985,0.23759895871461656,1.3005004670479003
Station 2,90200.0,3700.51077946443,0.2953659436630963,1.2963990574549304
Station 2,90210.0,3703.7526647887134,0.35298391204276613,1.2914889986561904
Station 2,90220.0,3707.5698665798923,0.4104245696036616,1.2858169474775925
Station 2,90230.0,3711.9604719403355,0.46766003188311933,1.2794329664945874
Station 2,90240.0,3716.9222914449488,0.5246628853471208,1.272388948197317
Station 2,90250.0,3722.452864149968,0.581406246005129,1.2647372420308052
Station 2,90260.0,3728.5494631746533,0.6378638152164124,1.2565295254653503
Station 2,90270.0,3735.2091018265096,0.6940099324324321,1.2478159284635726
Station 2,90280.0,3742.4285401646553,0.7498196246814312,1.2386443974236832
Station 2,90290.0,3750.2042919820074,0.8052686526126206,1.229060270252519
Station 2,90300.0,3758.532632660267,0.8603335526789792,1.2191060274260248
Station 2,90310.0,3767.4096069886714,0.9149916757113717,1.2088211825928883
Station 2,90320.0,3776.8310374758025,0.9692212215601725,1.1982422788214384
Station 2,90330.0,3786.792532999135,1.023001269768958,1.1874029609570689
Station 2,90340.0,3797.2894977408127,1.0763118062450523,1.1763340997166443
Station 2,90350.0,3808.3171403695815,1.1291337459173114,1.1650639482476355
Station 2,90360.0,3819.870483428873,1.1814489514005988,1.1536183164804463
Station 2,90370.0,3831.9443728913493,1.2332402477141082,1.1420207525044401
Station 2,90380.0,3844.5334878408557,1.284491433126537,1.1302927233607507
Station 2,90390.0,3857.63235024353,1.3351872862251724,1.1184537901172351
Station 2,90400.0,3871.235334770957,1.3853135693277157,1.1065217739650108
Station 2,90410.0,3885.336678639508,1.4348570283753745,1.0945129114567882
Station 2,90420.0,3899.9304914314725,1.4838053894628958,1.0824419979961988
Station 2,90430.0,3915.0107648652734,1.5321473521764117,1.0703225193738972
Station 2,90440.0,3930.5713824837767,1.5798725799220081,1.0581667716054746
Station 2,90450.0,3946.6061292315817,1.6269716874385183,1.0459859696177845
Station 2,90460.0,3963.108700894232,1.6734362256955377,1.0337903455014397
Station 2,90470.0,3980.072713374221,1.7192586643833614,1.0215892371333959
Station 2,90480.0,3997.4917117808304,1.764432372204866,1.0093911680014873
Station 2,90490.0,4015.3591793129,1.8089515951808288,0.9972039190520916
Station 2,90500.0,4033.6685459157793,1.8528114331796495,0.9850345933468905
Station 2,90510.0,4052.4131966957366,1.8960078148801567,0.9728896742650197
Station 2,90520.0,4071.5864800773024,1.9385374713726358,0.9607750779296527
Station 2,90530.0,4091.181715690878,1.9803979085976784,0.9486962004782153
Station 2,90540.0,4111.192201980037,2.02158737881639,0.9366579607357539
Station 2,90550.0,4131.611223519787,2.062104851297828,0.9246648387938464
Station 2,90560.0,4152.4320580388785,2.1019499824012624,0.9127209109437665
Station 2,90570.0,4173.647983140989,2.1411230852217416,0.9008298813631093
Station 2,90580.0,4195.2522827212215,2.1796250989578465,0.8889951109100229
Station 2,90590.0,4217.238253075932,2.2174575581503415,0.8772196433384849
Station 2,90600.0,4239.599208705279,2.2546225619301574,0.8655062292116227
Station 2,90610.0,4262.328487809275,2.291122743403532,0.8538573477576182
Station 2,90620.0,4285.419457479301,2.3269612392916055,0.8422752268839292
Station 2,90630.0,4308.865518588174,2.3621416599311837,0.8307618615401223
Station 2,90640.0,4332.660110365351,2.3966680597475802,0.8193190305947867
Station 2,90650.0,4356.796714515364,2.430544908416756,0.8079483123529653
Station 2,90660.0,4381.268859474971,2.463777062298908,0.7966510989265921
Station 2,90670.0,4406.070124094893,2.4963697367809656,0.7854286094793302
Station 2,90680.0,4431.194141055135,2.52832847937227,0.7742819024833629
Station 2,90690.0,4456.63460005754,2.5596591435610145,0.7632118870856511
Station 2,90700.0,4482.385250760506,2.5903678635063687,0.7522193336584857
Station 2,90710.0,4508.439905464459,2.6204610295995785,0.7413048836058197
Station 2,90720.0,4534.792441556954,2.649945264920103,0.730469058489049
Station 2,90730.0,4561.436803726504,2.678827402606199,0.7197122685290513
Station 2,90740.0,4588.3670059543965,2.7071144641531717,0.7090348205352799
Station 2,90750.0,4615.577133293862,2.7348136386468394,0.6984369253074368
Station 2,90760.0,4643.061343446035,2.7619322629346317,0.687918704550626
Station 2,90770.0,4670.813868142043,2.788477802732008,0.6774801973408219
Station 2,90780.0,4698.829014340741,2.8144578346577753,0.6671213661738714
Station 2,90790.0,4727.101165251195,2.839880029188,0.6568421026281632
Station 2,90800.0,4755.624781189211,2.8647521345150153,0.6466422326682433
Station 2,90810.0,4784.394400276862,2.889081961295026,0.636521521614225
Station 2,90820.0,4813.404638993867,2.912877368265362,0.6264796787996608
Station 2,90830.0,4842.650192589427,2.936146248710191,0.6165163619385964
Station 2,90840.0,4872.125835362964,2.958896517751754,0.6066311812208051
Station 2,90850.0,4901.826420821858,2.9811361004425745,0.5968237031526855
Station 2,90860.0,4931.746881724226,3.0028729206330453,0.5870934541598698
Station 2,90870.0,4961.882230014241,3.0241148905875925,0.5774399239664563
Station 2,90880.0,4992.227556657468,3.0448699013221305,0.5678625687645761
Station 2,90890.0,5022.778031383296,3.065145813634895,0.558360814187068
Station 2,90900.0,5053.5289023412715,3.084950449802467,0.5489340580951075
Station 2,90910.0,5084.475495677874,3.104291585912719,0.5395816731918297
Station 2,90920.0,5115.613215039987,3.123176944806408,0.530303009472238
Station 2,90930.0,5146.937541011013,3.141614189599344,0.521097396519013
Station 2,90940.0,5178.444030485345,3.15961091775735,0.511964145653225
Station 2,90950.0,5210.128315986556,3.1771746556966844,0.5029025519483731
Station 2,90960.0,5241.986104934496,3.1943128538830163,0.49391189611566316
Station 2,90970.0,5274.013178866103,3.211032882402721,0.48499144626795443
Station 2,90980.0,5306.205392614577,3.2273420269808444,0.47614045956935014
Station 2,90990.0,5338.558673451245,3.243247485420827,0.4673581837770115
Station 2,91000.0,5371.069020191849,3.25875636444388,0.4586438586810191
Station 2,91010.0,5403.732502128155,3.2738756770351296,0.44999671742532055
Station 2,91020.0,5436.545258213101,3.288612339901691,0.4414159877801855
Station 2,91030.0,5469.503496134316,3.3029731713207564,0.4329008933191899
Station 2,91040.0,5502.603491255344,3.3169648894051473,0.42445065449705166
Station 2,91050.0,5535.841585608885,3.3305941106004293,0.4160644896619223
Station 2,91060.0,5569.214186875894,3.3438673484526125,0.40774161599635456
Station 2,91070.0,5602.71776735314,3.3567910126281606,0.39948125039106985
Station 2,91080.0,5636.348862911739,3.3693714081687585,0.39128261025543004
Station 2,91090.0,5670.104071948959,3.381614734964197,0.3831449142683031
Station 2,91100.0,5703.980054335466,3.3935270874274632,0.37506738307281
Station 2,91110.0,5737.973530359933,3.405114454356995,0.3670492399182627
Station 2,91120.0,5772.081279672995,3.4163827189717573,0.35908971125239003
Station 2,91130.0,5806.300140232077,3.427337659105589,0.3511880272668378
Station 2,91140.0,5840.627007248797,3.4379849475480047,0.3433434223987088
Station 2,91150.0,5875.058832140326,3.4483301525193024,0.335555135790795
Station 2,91160.0,5909.592621486048,3.4583787382685545,0.327822411712996
Station 2,91170.0,5944.22543599073,3.46813606578368,0.32014449994728883
Station 2,91180.0,5978.954389455297,3.4776073936034653,0.31252065613847524
Station 2,91190.0,6013.776647756236,3.4867978787219567,0.30495014211282445
Station 2,91200.0,6048.689427834498,3.4957125775762696,0.2974322261666084
Station 2,91210.0,6083.6899966948195,3.504356447109431,0.2899661833263946
Station 2,91220.0,6118.775670416069,3.512734345900315,0.28255129558290976
Station 2,91230.0,6153.943813173378,3.520851035353361,0.275186852100134
Station 2,91240.0,6189.191836272618,3.5287111809411313,0.2678721494012224
Station 2,91250.0,6224.517197197748,3.5363193534933126,0.26060649153275395
Station 2,91260.0,6259.91739867146,3.5436800305261453,0.25338919020872885
Station 2,91270.0,6295.389987729591,3.5507975976066883,0.24621956493564448
Station 2,91280.0,6330.932554809564,3.5576763497467465,0.23909694311991792
Station 2,91290.0,6366.542732853196,3.56432049282163,0.23202066015884432
Station 2,91300.0,6402.218196424119,3.570734145009262,0.22499005951621082
Station 2,91310.0,6437.956660839984,3.576921338245497,0.21800449278362813
Station 2,91320.0,6473.755881319629,3.582886019691848,0.21106331972857656
Station 2,91330.0,6509.613652145325,3.588632053212033,0.20416590833010492
Station 2,91340.0,6545.52780584017,3.594163220854121,0.19731163480307196
Station 2,91350.0,6581.496212360701,3.5994832243352772,0.190499883611759
Station 2,91360.0,6617.51677830474,3.6045956865263213,0.18373004747364438
Station 2,91370.0,6653.5874460314935,3.6095041530186474,0.17700152733907318
Station 1,93700.0,6648.327048738289,-3.6143341328158316,0.18026918416450208
Station 1,93710.0,6612.20692654211,-3.60965725851959,0.1870446413108727
Station 1,93720.0,6576.1345697796105,-3.604780478222337,0.1938625335024529
Station 1,93730.0,6540.111994759597,-3.5997003311939335,0.2007234963453786
Station 1,93740.0,6504.141252778683,-3.59441328023276,0.2076281751750797
Station 1,93750.0,6468.224430892922,-3.588915710143133,0.21457722512941274
Station 1,93760.0,6432.3636527047465,-3.583203926206343,0.22157131121599422
Station 1,93770.0,6396.561079165256,-3.577274152647547,0.22861110837319523
Station 1,93780.0,6360.818909391968,-3.571122531100928,0.23569730152421428
Station 1,93790.0,6325.139381502042,-3.564745119075777,0.2428305856236158
Station 1,93800.0,6289.524773461008,-3.5581378884264256,0.2500116656956778
Station 1,93810.0,6253.977403946999,-3.5512967238291733,0.25724125686385546
Station 1,93820.0,6218.499633230407,-3.5442174212696758,0.2645200843706196
Station 1,93830.0,6183.093864068934,-3.5368956865445336,0.2718488835868891
Station 1,93840.0,6147.7625426178865,-3.529327133781144,0.2792284000102232
Station 1,93850.0,6112.508159355546,-3.5215072839802346,0.28665938925089524
Station 1,93860.0,6077.3332500234665,-3.5134315635857947,0.29414261700491373
Station 1,93870.0,6042.240396581395,-3.5050953030875784,0.3016788590130023
Station 1,93880.0,6007.232228176563,-3.4964937356617094,0.30926890100448257
Station 1,93890.0,5972.311422126885,-3.48762199585531,0.31691353862497984
Station 1,93900.0,5937.480704917806,-3.4784751183216076,0.3246135773467444
Station 1,93910.0,5902.742853212191,-3.46904803661235,0.3323698323603811
Station 1,93920.0,5868.100694872715,-3.45933558203494,0.3401831284466668
Station 1,93930.0,5833.557109996178,-3.449332482582147,0.34805429982707903
Station 1,93940.0,5799.1150318102755,-3.4390333620133795,0.35598418997600995
Station 1,93950.0,5764.777447720682,-3.4284327389470137,0.36397365142573773
Station 1,93960.0,5730.547400613973,-3.4175250259495957,0.3720235455686947
Station 1,93970.0,5696.427989776632,-3.406304528922935,0.3801347423906809
Station 1,93980.0,5662.422371966249,-3.3947654465358417,0.3883081201912578
Station 1,93990.0,5628.533762488171,-3.3829018697880935,0.39654456527289333
Station 1,94000.0,5594.765436275502,-3.3707077817192728,0.40484497159679883
Station 1,94010.0,5561.120728970882,-3.3581770572754044,0.4132102404033842
Station 1,94020.0,5527.6030380084685,-3.3453034633470975,0.42164127979516736
Station 1,94030.0,5494.215823694319,-3.3320806589936596,0.43013900427985524
Station 1,94040.0,5460.96261028328,-3.3185021958684553,0.438704334271212
Station 1,94050.0,5427.846987050288,-3.3045615188616266,0.4473381955451998
Station 1,94060.0,5394.8726093538735,-3.290251966977106,0.4560415186487744
Station 1,94070.0,5362.043199689449,-3.275566774461745,0.46481523825857457
Station 1,94080.0,5329.362548729785,-3.260499072205228,0.4736602924866311
Station 1,94090.0,5296.834516349931,-3.245041889430356,0.48257762213007244
Station 1,94100.0,5264.463032633552,-3.229188155694164,0.4915681698616729
Station 1,94110.0,5232.252098857566,-3.21293070322121,0.5006328793579398
Station 1,94120.0,5200.205788451623,-3.19626226959132,0.5097726943612827
Station 1,94130.0,5168.328247928841,-3.1791755008049023,0.5189885576726578
Station 1,94140.0,5136.623697783927,-3.161662954749826,0.5282814100709046
Station 1,94150.0,5105.096433354581,-3.1437171050947317,0.5376521891548306
Station 1,94160.0,5073.750825641848,-3.125330345634381,0.5471018281039111
Station 1,94170.0,5042.591322084774,-3.1064949951135277,0.5566312543532875
Station 1,94180.0,5011.622447284532,-3.0872033025563663,0.5662413881785477
Station 1,94190.0,4980.848803672856,-3.0674474531294083,0.5759331411855537
Station 1,94200.0,4950.275072119314,-3.047219574566092,0.58570741470037
Station 1,94210.0,4919.906012471774,-3.026511744181986,0.5955650980540916
Station 1,94220.0,4889.746464024017,-3.005315996509809,0.6055070667571191
Station 1,94230.0,4859.801345904191,-2.983624331583645,0.6155341805571699
Station 1,94240.0,4830.075657377568,-2.9614287239020607,0.6256472813749621
Station 1,94250.0,4800.574478056672,-2.938721132099514,0.635847191111231
Station 1,94260.0,4771.302968011619,-2.9154935093554286,0.6461347093183435
Station 1,94270.0,4742.266367773196,-2.891737814569776,0.6565106107293696
Station 1,94280.0,4713.469998220938,-2.8674460243333626,0.6669756426370366
Station 1,94290.0,4684.919260348144,-2.8426101457201645,0.6775305221144619
Station 1,94300.0,4656.6196348955655,-2.8172222299278245,0.6881759330689994
Station 1,94310.0,4628.576681843433,-2.7912743867918595,0.6989125231196885
Station 1,94320.0,4600.796039541519,-2.7647588002874213,0.7097409002685829
Station 1,94330.0,4573.28342404686,-2.7376677447692233,0.720661629412619
Station 1,94340.0,4546.044628248749,-2.7099936021914424,0.7316752286374899
Station 1,94350.0,4519.08552059567,-2.6817288803686736,0.7427821652694097
Station 1,94360.0,4492.412043744036,-2.6528662321450738,0.7539828517015152
Station 1,94370.0,4466.030213010049,-2.623398475533375,0.7652776409675484
Station 1,94380.0,4439.946114614938,-2.593318614827547,0.7766668220449658
Station 1,94390.0,4414.165903713868,-2.5626198626880794,0.788150614867433
Station 1,94400.0,4388.695802198841,-2.5312956631936143,0.7997291650240778
Station 1,94410.0,4363.5420962659755,-2.4993397158468675,0.8114025381198536
Station 1,94420.0,4338.7111337377755,-2.466746000516375,0.8231707137677347
Station 1,94430.0,4314.209321131138,-2.433508803288806,0.8350335791791935
Station 1,94440.0,4290.043120462179,-2.3996227431990795,0.8469909223143315
Station 1,94450.0,4266.21904577936,-2.365082799797613,0.8590424245469572
Station 1,94460.0,4242.743659416773,-2.3298843415055006,0.8711876527926994
Station 1,94470.0,4219.623567960034,-2.2940231546994436,0.883426051039604
Station 1,94480.0,4196.8654179178775,-2.25749547345877,0.8957569312103442
Station 1,94490.0,4174.475891093202,-2.2202980098969847,0.9081794632727895
Station 1,94500.0,4152.461699648239,-2.1824279849899373,0.9206926645008531
Station 1,94510.0,4130.8295808593575,-2.1438831598021633,0.933295387769643
Station 1,94520.0,4109.586291558141,-2.104661867001923,0.9459863087474544
Station 1,94530.0,4088.738602256474,-2.0647630425445396,0.9587639118211199
Station 1,94540.0,4068.2932909546244,-2.024186257392372,0.9716264745598396
Station 1,94550.0,4048.2571366327566,-1.9829317491287588,0.9845720504844374
Station 1,94560.0,4028.636912427683,-1.9410004533121539,0.9975984498626842
Station 1,94570.0,4009.4393784983754,-1.8983940344062291,1.0107032181948024
Station 1,94580.0,3990.671274585314,-1.8551149161110985,1.0238836119843229
Station 1,94590.0,3972.3393122707075,-1.8111663109116027,1.037136571304807
Station 1,94600.0,3954.45016694835,-1.7665522486492922,1.0504586885691574
Station 1,94610.0,3937.010469513975,-1.7212776039168909,1.0638461727801636
Station 1,94620.0,3920.026797788924,-1.675348122067187,1.0772948083827643
Station 1,94630.0,3903.5056676921336,-1.6287704436224897,1.0907999076424324
Station 1,94640.0,3887.453524177524,-1.5815521268667982,1.104356255230403
Station 1,94650.0,3871.8767319561484,-1.533701668400168,1.1179580433927563
Station 1,94660.0,3856.7815660245983,-1.485228521434174,1.1315987957008962
Station 1,94670.0,3842.1742020233874,-1.4361431116083905,1.145271276905837
Station 1,94680.0,3828.060706446757,-1.3864568501123775,1.1589673858224097
Station 1,94690.0,3814.4470265247314,-1.336182143929009,1.1726780274128896
Station 1,94700.0,3801.3389804266862,-1.285332402882089,1.1863929593386382
Station 1,94710.0,3788.7422472705307,-1.2339220434404703,1.20010060700572
Station 1,94720.0,3776.662356965258,-1.1819664890515054,1.2137878396972845
Station 1,94730.0,3765.1046801574144,-1.129482166808722,1.2274396985564735
Station 1,94740.0,3754.074418229281,-1.0764865003277442,1.2410390649151215
Station 1,94750.0,3743.576593387388,-1.0229978987050694,1.2545662547400582
Station 1,94760.0,3733.616038881054,-0.9690357414572105,1.2679985217528487
Station 1,94770.0,3724.1973893915997,-0.9146203593628851,1.2813094481554144
Station 1,94780.0,3715.325071633498,-0.8597730111582743,1.294468198135928
Station 1,94790.0,3707.0032952090883,-0.8045158560644267,1.3074386060819219
Station 1,94800.0,3699.2360437585576,-0.7488719221565544,1.320178070018019
Station 1,94810.0,3692.0270664466007,-0.6928650706169577,1.3326362237360208
Station 1,94820.0,3685.3798698266355,-0.6365199559462361,1.3447533729051768
Station 1,94830.0,3679.297710122504,-0.579861982240697,1.3564587087399005
Station 1,94840.0,3673.7835859663664,-0.5229172556776892,1.367668369465072
Station 1,94850.0,3668.840231629901,-0.46571253338363605,1.3782835215677183
Station 1,94860.0,3664.47011078401,-0.4082751688922742,1.388188798746902
Station 1,94870.0,3660.6754108200216,-0.3506330544319064,1.397251678024281
Station 1,94880.0,3657.458037762801,-0.2928145603102832,1.4053236688327504
Station 1,94890.0,3654.819611803403,-0.23484847169352596,1.4122444453103706
Station 1,94900.0,3652.7614634757583,-0.17676392310073363,1.4178500446635212
Station 1,94910.0,3651.2846304986033,-0.11859033095841287,1.4219856561364665
Station 1,94920.0,3650.3898553002687,-0.06035732457829668,1.424522085885936
Station 1,94930.0,3650.077583240278,-0.0020946759375941593,1.425372933896708
Station 1,94940.0,3650.3479615377996,0.05616777134664375,1.424507886656895
Station 1,94950.0,3651.2008389130824,0.11440017344967246,1.421957730107066
Station 1,94960.0,3652.635765943932,0.1725727577738938,1.4178092586783446
Station 1,94970.0,3654.6519961352956,0.23065589398262065,1.4121919324243561
Station 1,94980.0,3657.248487695955,0.28862016423303993,1.405260689163576
Station 1,94990.0,3660.4239060123996,0.34643643221681253,1.3971795003610343
Station 1,95000.0,3664.176626806043,0.4040759106286351,1.3881086179297506
Station 1,95010.0,3668.5047399562936,0.46151022669914266,1.3781964118794332
Station 1,95020.0,3673.4060539683683,0.518711485447334,1.3675752663033507
Station 1,95030.0,3678.8781010614416,0.5756523303305014,1.356360408937138
Station 1,95040.0,3684.918142849607,0.6323060009947137,1.344650545479596
Station 1,95050.0,3691.5231765364497,0.688646387877307,1.3325294252869921
Station 1,95060.0,3698.689941507913,0.7446480834754061,1.32006776120107
Station 1,95070.0,3706.414926913121,0.8002864297860413,1.307325167272441
Station 1,95080.0,3714.6943792660086,0.855537562113736,1.2943519433834276
Station 1,95090.0,3723.524310560591,0.9103784489230731,1.2811906371627362
Station 1,95100.0,3732.9005067876938,0.9647869276407043,1.2678773699302457
Station 1,95110.0,3742.818536788655,1.0187417363405247,1.254442941527611
Station 1,95120.0,3753.2737614046305,1.072222541269788,1.2409137406156645
Station 1,95130.0,3764.2613428798727,1.125209960205944,1.2273124899208143
Station 1,95140.0,3775.776254477409,1.1776855816645693,1.2136588544807774
Station 1,95150.0,3787.8132902658836,1.2296319800080642,1.1999699376846944
Station 1,95160.0,3800.367075036999,1.2810327265318926,1.1862606861441598
Station 1,95170.0,3813.4320743138464,1.3318723966305344,1.1725442208109875
Station 1,95180.0,3827.002604411588,1.382136573168164,1.1588321085455855
Station 1,95190.0,3841.072842513283,1.431811846199777,1.1451345856154118
Station 1,95200.0,3855.636836725225,1.4808858092065127,1.1314607423529122
Station 1,95210.0,3870.6885160778547,1.529347052024551,1.1178186763738174
Station 1,95220.0,3886.2217004401814,1.5771851506600045,1.1042156202856552
Station 1,95230.0,3902.2301103176196,1.6243906541927124,1.0906580486397597
Station 1,95240.0,3918.7073765052296,1.6709550689799224,1.0771517679419926
Station 1,95250.0,3935.647049570483,1.7168708403765334,1.0637019927903697
Station 1,95260.0,3953.0426091418212,1.762131332191883,1.0503134106129326
Station 1,95270.0,3970.8874729815952,1.8067308041046013,1.0369902370048065
Station 1,95280.0,3989.1750058240127,1.850664387255935,1.0237362632847475
Station 1,95290.0,4007.898527961073,1.8939280582398554,1.010554897588196
Station 1,95300.0,4027.051323561532,1.936518611703816,0.9974492005706649
Station 1,95310.0,4046.626648710092,1.9784336317685454,0.9844219165995404
Station 1,95320.0,4066.61773915604,2.0196714624682564,0.9714755011544731
Station 1,95330.0,4087.017817762544,2.060231177404771,0.9586121450287161
Station 1,95340.0,4107.820101649693,2.100112548800007,0.9458337958200663
Station 1,95350.0,4129.017809026152,2.1393160161216582,0.9331421771156643
Station 1,95360.0,4150.60416570608,2.177842654446735,0.9205388057059392
Station 1,95370.0,4172.572411309362,2.2156941427167087,0.9080250071067105
Station 1,95380.0,4194.915805144933,2.25287273202727,0.8956019296220599
Station 1,95390.0,4217.627631778127,2.28938121408447,0.8832705571426018
Station 1,95400.0,4240.701206284382,2.325222889947852,0.8710317208423619
Station 1,95410.0,4264.1298791906065,2.3604015391718587,0.8588861099112489
Station 1,95420.0,4287.907040945213,2.394921389581139,0.8468342814166665
Station 1,95430.0,4312.026126396162,2.4287870873929447,0.8348766694527362
Station 1,95440.0,4336.480618894117,2.462003668038598,0.8230135936163456
Station 1,95450.0,4361.264053963724,2.4945765278410184,0.8112452668659419
Station 1,95460.0,4386.370022776733,2.5265113964180186,0.7995718028541056
Station 1,95470.0,4411.7921753527435,2.5578143099227706,0.7879932227757277
Station 1,95480.0,4437.524223496224,2.5884915851622874,0.7765094617764029
Station 1,95490.0,4463.559943478798,2.618549794626734,0.7651203749596087
Station 1,95500.0,4489.893178476073,2.647995742455016,0.753825743026159
Station 1,95510.0,4516.517840768525,2.676836441355082,0.7426252775751524
Station 1,95520.0,4543.427913716129,2.705079090491105,0.7315186260920292
Station 1,95530.0,4570.617453516421,2.7327310543438452,0.7205053766463246
Station 1,95540.0,4598.08059075585,2.7597998425452195,0.7095850623191247
Station 1,95550.0,4625.811531764137,2.786293090683324,0.69875716537806
Station 1,95560.0,4653.804559781389,2.8122185420698402,0.6880211212158219
Station 1,95570.0,4682.054035947545,2.837584030458016,0.6773763220666038
Station 1,95580.0,4710.554400123665,2.8623974636959697,0.6668221205135303
Station 1,95590.0,4739.300171554322,2.886666808297181,0.6563578327989763
Station 1,95600.0,4768.285949380249,2.910400074907504,0.6459827419486892
Station 1,95610.0,4797.50641301007,2.9336053046458375,0.6356961007197708
Station 1,95620.0,4826.956322359872,2.956290556293868,0.6254971343817974
Station 1,95630.0,4856.6305179688725,2.978463894308692,0.6153850433397698
Station 1,95640.0,4886.523920999413,3.000133377631055,0.6053590056069492
Station 1,95650.0,4916.6315331290725,3.021307049260976,0.5954181791351585
Station 1,95660.0,4946.948436342483,3.0419929265718673,0.5855617040096772
Station 1,95670.0,4977.469792630092,3.062198992333822,0.5757887045154565
Station 1,95680.0,5008.190843600854,3.0819331864165185,0.5660982910810073
Station 1,95690.0,5039.106910015485,3.1012033981420744,0.5564895621060116
Station 1,95700.0,5070.2133912467425,3.120017459258426,0.546961605678352
Station 1,95710.0,5101.50576467268,3.1383831375038467,0.537513501186058
Station 1,95720.0,5132.979585008759,3.156308130733782,0.5281443208293378
Station 1,95730.0,5164.630483584262,3.1738000615815483,0.5188531310376637
Station 1,95740.0,5196.45416756824,3.190866472625031,0.5096389937966461
Station 1,95750.0,5228.4464191499155,3.207514822032181,0.500500967889226
Station 1,95760.0,5260.603094678216,3.223752479658821,0.4914381100555049
Station 1,95770.0,5292.920123764816,3.239586723572998,0.4824494760753592
Station 1,95780.0,5325.393508281418,3.25502473704542,0.47353412176655524
Station 1,95790.0,5358.019321338807,3.2700736059193356,0.46469110391294954
Station 1,95800.0,5390.793706514408,3.2847403160851587,0.45591948117043585
Station 1,95810.0,5423.712876732602,3.299031751566824,0.44721831486177355
Station 1,95820.0,5456.773113235822,3.312954692831857,0.43858666972740834
Station 1,95830.0,5489.9707645440585,3.326515815388641,0.43002361462088146
Station 1,95840.0,5523.302245401237,3.3397216886549344,0.42152822315120325
Station 1,95850.0,5556.764035711106,3.352578775078946,0.41309957427507327
Station 1,95860.0,5590.3526794651325,3.365093429495073,0.4047367528417128
Station 1,95870.0,5624.06478366473,3.3772718986973005,0.39643885009293955
Station 1,95880.0,5657.897017239905,3.389120321214103,0.38820496412100186
Station 1,95890.0,5691.846109966368,3.400644727269487,0.38003420028657187
Station 1,95900.0,5725.9088513829,3.4118510389156653,0.37192567159918066
Station 1,95910.0,5760.082089710669,3.4227450703235593,0.36387849906228537
Station 1,95920.0,5794.362730776053,3.433332528218164,0.3558918119850361
Station 1,95930.0,5828.747736938402,3.4436190124464785,0.3479647482627213
Station 1,95940.0,5863.234126024046,3.4536100166664294,0.340096454627779
Station 1,95950.0,5897.8189702676755,3.4633109291458837,0.33228608687316635
Station 1,95960.0,5932.499395262337,3.4727270336615477,0.3245328100497626
Station 1,95970.0,5967.272578918823,3.481863510488069,0.31683579863946465
Station 1,95980.0,6002.135750435512,3.490725437468355,0.3091942367054739
Station 1,95990.0,6037.086189279353,3.499317791156658,0.3016073180212507
Station 1,96000.0,6072.121224178785,3.5076454480264783,0.2940742461795076
Station 1,96010.0,6107.238232129173,3.515713185735931,0.28659423468256007
Station 1,96020.0,6142.434637411366,3.5235256844436527,0.27916650701527057
Station 1,96030.0,6177.707910623844,3.5310875281688228,0.2717902967017618
Station 1,96040.0,6213.055567728896,3.5384032061892894,0.2644648473470239
Station 1,96050.0,6248.475169113259,3.54547711447228,0.2571894126644367
Station 1,96060.0,6283.964318663427,3.5523135571324596,0.24996325649024959
Station 1,96070.0,6319.520662855991,3.5589167479125874,0.24278565278591957
Station 1,96080.0,6355.141889863193,3.5652908116823263,0.23565588562921638
Station 1,96090.0,6390.825728673882,3.5714397859510627,0.22857324919493155
Station 1,96100.0,6426.569948229989,3.5773676223910056,0.2215370477259782
Station 1,96110.0,6462.372356578641,3.583078188367013,0.21454659549563554
Station 1,96120.0,6498.230800039963,3.5885752684699854,0.20760121676163468
Station 1,96130.0,6534.143162390587,3.5938625660508206,0.20070024571275688
Station 1,96140.0,6570.107364033771,3.5989437047752504,0.19384302640447426
Station 1,96150.0,6606.121361079293,3.603822230263933,0.18702891267231472
Station 1,96160.0,6642.183144798384,3.6085016114402975,0.18025726809031178
Station 3,98370.0,6657.348398081083,-0.8564440534925057,0.17549548160365183
Station 3,98380.0,6648.900262935518,-0.8331597684727061,0.17706109804496328
Station 3,98390.0,6640.68566254981,-0.809737537804579,0.17858591152393888
Station 3,98400.0,6632.705963165745,-0.786180014518707,0.1800694609310124
Station 3,98410.0,6624.962504161137,-0.7624899184571048,0.18151129264645005
Station 3,98420.0,6617.456597385989,-0.7386700355427409,0.18291096094768516
Station 3,98430.0,6610.18952650601,-0.7147232169739821,0.18426802841530146
Station 3,98440.0,6603.162546354365,-0.6906523783436922,0.18558206633698074
Station 3,98450.0,6596.376882292361,-0.6664604986829148,0.18685265510871008
Station 3,98460.0,6589.833729579885,-0.642150619429211,0.18807938463253762
Station 3,98470.0,6583.534252756436,-0.617725843319797,0.1892618547101399
Station 3,98480.0,6577.479585033421,-0.5931893332099569,0.1903996754314947
Station 3,98490.0,6571.670827698609,-0.5685443108171744,0.19149246755790963
Station 3,98500.0,6566.109049533412,-0.5437940553917195,0.19253986289867137
Station 3,98510.0,6560.79528624388,-0.5189419023145185,0.19354150468058906
Station 3,98520.0,6555.7305399060515,-0.4939912416233536,0.19449704790968605
Station 3,98530.0,6550.915778426473,-0.46894551646853944,0.1954061597243207
Station 3,98540.0,6546.3519350186125,-0.4438082214994521,0.19626851973900744
Station 3,98550.0,6542.039907695868,-0.41858290118340125,0.1970838203782279
Station 3,98560.0,6537.980558781907,-0.3932731480585143,0.19785176719953063
Station 3,98570.0,6534.174714438979,-0.36788260092247005,0.19857207920523195
Station 3,98580.0,6530.623164214907,-0.34241494295906416,0.1992444891420452
Station 3,98590.0,6527.326660609389,-0.316873899804742,0.19986874378799366
Station 3,98600.0,6524.28591866023,-0.29126323755739425,0.200444604225968
Station 3,98610.0,6521.501615550094,-0.26558676072984655,0.20097184610332852
Station 3,98620.0,6518.974390234377,-0.23984831015062547,0.20145025987696957
Station 3,98630.0,6516.7048430907125,-0.2140517608147121,0.20187965104329453
Station 3,98640.0,6514.693535590656,-0.18820101968711822,0.20225984035257819
Station 3,98650.0,6512.940989993996,-0.16230002346226868,0.2025906640072275
Station 3,98660.0,6511.447689066192,-0.13635273628225608,0.20287197384348724
Station 3,98670.0,6510.214075819322,-0.1103631474171678,0.2031036374961673
Station 3,98680.0,6509.24055327694,-0.0843352689107828,0.20328553854601542
Station 3,98690.0,6508.5274842632225,-0.05827313319501659,0.20341757664938745
Station 3,98700.0,6508.075191146941,-0.032180790662701186,0.20349966764123775
Station 3,98710.0,6507.883955550485,-0.006062307192505667,0.20353174361218834
Station 3,98720.0,6507.954018503513,0.020078238256622694,0.20351375301940056
Station 3,98730.0,6508.28558019354,0.046236756142553626,0.2034456607256306
Station 3,98740.0,6508.878799863628,0.07240914883655303,0.20332744803449915
Station 3,98750.0,6509.733795746412,0.09859131312798719,0.20315911270818124
Station 3,98760.0,6510.850645022798,0.12477914273545831,0.2029406689660274
Station 3,98770.0,6512.229383805362,0.15096853082067807,0.20267214746411513
Station 3,98780.0,6513.870007146533,0.1771553725013777,0.2023535952557885
Station 3,98790.0,6515.772469071543,0.20333556735955116,0.2019850757332768
Station 3,98800.0,6517.9366826360765,0.22950502194133127,0.20156666855054572
Station 3,98810.0,6520.362520008674,0.2556596522448613,0.2010984695275445
Station 3,98820.0,6523.049812577609,0.28179538619247146,0.20058059053610655
Station 3,98830.0,6525.998351082245,0.3079081660835876,0.20001315936775893
Station 3,98840.0,6529.207885768612,0.33399395102483453,0.19939631958375886
Station 3,98850.0,6532.678126569043,0.3600487193338112,0.19873023034771325
Station 3,98860.0,6536.408743305615,0.38606847091313135,0.19801506624117887
Station 3,98870.0,6540.399365917056,0.41204922959138457,0.19725101706266382
Station 3,98880.0,6544.649584708925,0.4379870454277487,0.19643828761051285
Station 3,98890.0,6549.158950626618,0.46387799697708487,0.19557709745016688
Station 3,98900.0,6553.92697555085,0.48971819351246104,0.19466768066633203
Station 3,98910.0,6558.953132615261,0.5155037772021154,0.19371028560063036
Station 3,98920.0,6564.236856545635,0.5412309252380596,0.19270517457531244
Station 3,98930.0,6569.777544020315,0.5668958519135496,0.1916526236036594
Station 3,98940.0,6575.574554051332,0.5924948106468703,0.19055292208771152
Station 3,98950.0,6581.627208385669,0.6180240959489545,0.18940637250398648
Station 3,98960.0,6587.934791926211,0.6434800453325028,0.18821329007786947
Station 3,98970.0,6594.4965531717335,0.6688590411604466,0.18697400244737644
Station 3,98980.0,6601.311704675403,0.6941575124316867,0.18568884931699692
Station 3,98990.0,6608.379423521127,0.7193719365022592,0.18435818210234672
Station 3,99000.0,6615.69885181718,0.7444988407401528,0.18298236356635822
Station 3,99010.0,6623.269097206428,0.7695348041122229,0.1815617674477553
Station 3,99020.0,6631.089233392493,0.7944764587017769,0.18009677808254965
Station 3,99030.0,6639.1583006811925,0.8193204911555438,0.17858779001931377
Station 3,99040.0,6647.475306536564,0.8440636440589335,0.17703520762896935
Station 3,99050.0,6656.039226150752,0.868702717238634,0.1754394447098389
Station 2,99790.0,6638.262362533484,-3.6220921117518072,0.17873178832841033
Station 2,99800.0,6602.064093156522,-3.6175291639528764,0.18551203095639845
Station 2,99810.0,6565.912435923986,-3.6127691400688033,0.1923351839286261
Station 2,99820.0,6529.809378665788,-3.607808598878788,0.199201901889897
Station 2,99830.0,6493.756944028122,-3.6026440222417304,0.20611284995732682
Station 2,99840.0,6457.757190291686,-3.597271813510573,0.21306870382908386
Station 2,99850.0,6421.8122120964445,-3.591688295981671,0.22007014987888182
Station 2,99860.0,6385.924141252208,-3.5858897113027424,0.22711788525318677
Station 2,99870.0,6350.095147564796,-3.5798722178760216,0.23421261796315307
Station 2,99880.0,6314.327439677887,-3.573631889259108,0.24135506697075398
Station 2,99890.0,6278.623265930543,-3.567164712566244,0.24854596226855702
Station 2,99900.0,6242.984915230453,-3.5604665868729963,0.25578604495254686
Station 2,99910.0,6207.414717942836,-3.553533321627623,0.26307606728736904
Station 2,99920.0,6171.915046794929,-3.546360635072636,0.27041679276333364
Station 2,99930.0,6136.4883177960055,-3.538944152680467,0.2778089961444637
Station 2,99940.0,6101.136991172732,-3.5312794056073944,0.2852534635068484
Station 2,99950.0,6065.863572319736,-3.523361829170299,0.29275099226650453
Station 2,99960.0,6030.670612765106,-3.5151867613511394,0.300302391195913
Station 2,99970.0,5995.5607111506115,-3.506749441334464,0.3079084804283411
Station 2,99980.0,5960.5365142262535,-3.49804500808372,0.31557009144901743
Station 2,99990.0,5925.600717858802,-3.4890684989624634,0.32328806707217794
Station 2,100000.0,5890.756068053851,-3.479814848407179,0.33106326140293446
Station 2,100010.0,5856.00536199088,-3.4702788866587917,0.3388965397828801
Station 2,100020.0,5821.3514490707485,-3.460455338560536,0.3467887787182693
Station 2,100030.0,5786.797231974916,-3.450338822430389,0.3547408657895679
Station 2,100040.0,5752.3456677357,-3.439923849016831,0.3627536995410929
Station 2,100050.0,5717.999768816673,-3.4292048205473047,0.37082818934940537
Station 2,100060.0,5683.7626042023,-3.4181760298793886,0.3789652552690556
Station 2,100070.0,5649.637300495782,-3.406831659765363,0.387165827854205
Station 2,100080.0,5615.627043023918,-3.3951657822415076,0.3954308479545886
Station 2,100090.0,5581.735076947787,-3.383172358154223,0.4037612664842078
Station 2,100100.0,5547.9647083778445,-3.3708452368358275,0.4121580441610599
Station 2,100110.0,5514.319305491848,-3.3581781559435786,0.42062215121617713
Station 2,100120.0,5480.8022996540785,-3.3451647414764123,0.4291545670701064
Station 2,100130.0,5447.417186533971,-3.331798507984578,0.43775627997495525
Station 2,100140.0,5414.16752722222,-3.3180728589883195,0.4464282866200091
Station 2,100150.0,5381.056949342239,-3.3039810876225655,0.4551715916988649
Station 2,100160.0,5348.08914815468,-3.2895163775255294,0.46398720743595245
Station 2,100170.0,5315.267887652523,-3.2746718039900444,0.47287615307022923
Station 2,100180.0,5282.597001571919,-3.259440335432655,0.48183945428618474
Station 2,100190.0,5250.080394341847,-3.2438148351790157,0.49087814259431917
Station 2,100200.0,5217.722042397882,-3.2277880633935983,0.49999325470076494
Station 2,100210.0,5185.5259950808695,-3.211352679556987,0.509185831781677
Station 2,100220.0,5153.496375623561,-3.194501245250307,0.5184569187161936
Station 2,100230.0,5121.637382116017,-3.1772262273308436,0.5278075632627657
Station 2,100240.0,5089.953288436836,-3.1595200015287355,0.5372388151752201
Station 2,100250.0,5058.448445145889,-3.141374856491009,0.5467517252558534
Station 2,100260.0,5027.1272803339625,-3.122782998300034,0.5563473443428104
Station 2,100270.0,4995.994300424454,-3.103736555494354,0.5660267222289563
Station 2,100280.0,4965.054090921954,-3.0842275846205256,0.5757909065094412
Station 2,100290.0,4934.3113171023115,-3.0642480763453825,0.585640941355115
Station 2,100300.0,4903.770724638418,-3.0437899621586335,0.5955778662089727
Station 2,100310.0,4873.4371401557155,-3.022845121696334,0.6056027144027802
Station 2,100320.0,4843.3154717110565,-3.001405390716019,0.6157165116910833
Station 2,100330.0,4813.41070918832,-2.9794625697546717,0.6259202746997967
Station 2,100340.0,4783.727924603785,-2.9570084335006994,0.6362150092866515
Station 2,100350.0,4754.272272314028,-2.9340347409111236,0.6466017088108107
Station 2,100360.0,4725.048989118767,-2.9105332461047744,0.6570813523090585
Station 2,100370.0,4696.063394250769,-2.8864957100619972,0.6676549025760589
Station 2,100380.0,4667.320889244661,-2.8619139131604374,0.6783233041462955
Station 2,100390.0,4638.826957676158,-2.8367796685756703,0.6890874811754387
Station 2,100400.0,4610.587164762996,-2.811084836574008,0.6999483352190358
Station 2,100410.0,4582.607156818517,-2.7848213397232864,0.7109067429066078
Station 2,100420.0,4554.892660548705,-2.7579811790454727,0.7219635535094043
Station 2,100430.0,4527.449482183128,-2.7305564511325437,0.7331195864003112
Station 2,100440.0,4500.2835064301935,-2.702539366244448,0.7443756284045907
Station 2,100450.0,4473.400695246732,-2.673922267404619,0.7557324310404542
Station 2,100460.0,4446.807086412066,-2.644697650505124,0.7671907076486114
Station 2,100470.0,4420.508791896379,-2.614858185429146,0.7787511304103119
Station 2,100480.0,4394.511996013265,-2.58439673819406,0.7904143272535926
Station 2,100490.0,4368.82295334633,-2.553306394113105,0.8021808786477368
Station 2,100500.0,4343.447986439702,-2.521580481967971,0.8140513142861738
Station 2,100510.0,4318.393483242504,-2.4892125991783303,0.826026109658292
Station 2,100520.0,4293.665894297424,-2.4561966379474782,0.838105682510795
Station 2,100530.0,4269.271729663856,-2.4225268123558696,0.8502903891993533
Station 2,100540.0,4245.217555545842,-2.3881976863743364,0.8625805209296744
Station 2,100550.0,4221.509990451221,-2.353204202809144,0.8749762998766016
Station 2,100560.0,4198.155701526018,-2.3175417128670475,0.8874778752352899
Station 2,100570.0,4175.16140027112,-2.28120600661838,0.9000853191345438
Station 2,100580.0,4152.533837956284,-2.2441933441197395,0.9127986224447288
Station 2,100590.0,4130.279800764579,-2.206500487106562,0.9256176904800973
Station 2,100600.0,4108.406104616955,-2.1681247311793728,0.9385423385886601
Station 2,100610.0,4086.919589672579,-2.1290639383763983,0.9515722876248531
Station 2,100620.0,4065.8271145016456,-2.089316570013468,0.964707159297809
Station 2,100630.0,4045.1355499286683,-2.0488817196604128,0.9779464713846835
Station 2,100640.0,4024.8517725456136,-2.0077591461111597,0.9912896327941947
Station 2,100650.0,4004.9826578957263,-1.965949306193005,1.0047359384599
Station 2,100660.0,3985.535073330503,-1.9234533872489081,1.0182845640354508
Station 2,100670.0,3966.515870543991,-1.8802733391153672,1.0319345603547165
Station 2,100680.0,3947.931877790424,-1.8364119054077521,1.0456848476075415
Station 2,100690.0,3929.789891793137,-1.791872653914858,1.059534209166339
Station 2,100700.0,3912.0966693547357,-1.7466600058952866,1.073481284978575
Station 2,100710.0,3894.858918680607,-1.7007792640601258,1.087524564414118
Station 2,100720.0,3878.083290430053,-1.6542366390195022,1.1016623784224828
Station 2,100730.0,3861.7763685116097,-1.6070392739651294,1.1158928908106591
Station 2,100740.0,3845.9446606413535,-1.5591952673572183,1.130214088393866
Station 2,100750.0,3830.5945886853974,-1.5107136933821013,1.1446237696943549
Station 2,100760.0,3815.7324788100595,-1.4616046199470372,1.1591195317603233
Station 2,100770.0,3801.3645514655527,-1.4118791239808652,1.1736987545383366
Station 2,100780.0,3787.4969112313156,-1.3615493038137736,1.1883585820442657
Station 2,100790.0,3774.1355365533586,-1.3106282884166722,1.2030958993191752
Station 2,100800.0,3761.286269406093,-1.2591302432899958,1.2179073037978942
Station 2,100810.0,3748.9548049132604,-1.2070703728046208,1.2327890692138008
Station 2,100820.0,3737.146680964348,-1.1544649188121987,1.2477370994463557
Station 2,100830.0,3725.867267864729,-1.1013311553602774,1.2627468686826244
Station 2,100840.0,3715.121758059227,-1.04768737936802,1.2778133427473224
Station 2,100850.0,3704.9151559701836,-0.9935528971414624,1.292930874196293
Station 2,100860.0,3695.2522679921585,-0.9389480066328704,1.3080930603416827
Station 2,100870.0,3686.1376926862417,-0.883893975376723,1.3232925480786644
Station 2,100880.0,3677.5758112174285,-0.8284130140649643,1.3385207610161811
Station 2,100890.0,3669.570778078757,-0.7725282457558158,1.3537675108921046
Station 2,100900.0,3662.126512142735,-0.7162636707443233,1.3690204328433748
Station 2,100910.0,3655.2466878940622,-0.6596441271476796,1.384264145925025
Station 2,100920.0,3648.934727435365,-0.6026952472957489,1.3994789732623816
Station 2,100930.0,3643.1937928478847,-0.5454434101119426,1.4146389346375572
Station 2,100940.0,3638.026778895551,-0.48791568960342924,1.4297084959677648
Station 2,100950.0,3633.4363063498745,-0.43013979967441396,1.4446371150834956
Station 2,100960.0,3629.4247158836347,-0.37214403550540975,1.4593497240134
Station 2,100970.0,3625.9940625663767,-0.313957211769083,1.4737294162618961
Station 2,100980.0,3623.146110991901,-0.2556085979837548,1.4875846794774452
Station 2,100990.0,3620.882331064789,-0.19712785133370547,1.5005857561931049
Station 2,101000.0,3619.203894469562,-0.13854494731061795,1.512143953524126
Station 2,101010.0,3618.111671842433,-0.07989010855241674,1.5212235831441943
Station 2,101020.0,3617.6062306617723,-0.021193732274095156,1.5262698605018812
Station 2,101030.0,3617.6878338693473,0.03751368330047927,1.5258961681495777
Station 2,101040.0,3618.356439230301,0.09620161308647257,1.52022314792335
Station 2,101050.0,3619.611699435573,0.15483957944040805,1.5107391188614663
Station 2,101060.0,3621.4529629462145,0.213397226190002,1.4989454569513694
Station 2,101070.0,3623.8792755747986,0.27184439196741617,1.4858080418799586
Station 2,101080.0,3626.8893827949105,0.3301511824290064,1.4718718690266936
Station 2,101090.0,3630.481732765593,0.3882880409561036,1.4574431433434687
Station 2,101100.0,3634.654480053625,0.4462258174468552,1.4427008009023867
Station 2,101110.0,3639.4054900327305,0.5039358348284999,1.4277548071443855
Station 2,101120.0,3644.732343935205,0.5613899529423036,1.4126762263820711
Station 2,101130.0,3650.632344528087,0.6185606294793979,1.3975131858892038
Station 2,101140.0,3657.1025223829442,0.6754209776744565,1.3822997005792501
Station 2,101150.0,3664.139642705557,0.731944820495518,1.367060757144954
Station 2,101160.0,3671.7402126893085,0.7881067411007532,1.3518153589284896
Station 2,101170.0,3679.9004893540077,0.8438821293678156,1.3365784146533553
Station 2,101180.0,3688.616487830058,0.8992472243363967,1.3213619473717453
Station 2,101190.0,3697.883990046487,0.9541791524403792,1.30617589023446
Station 2,101200.0,3707.6985537803134,1.0086559614416768,1.2910286235101522
Station 2,101210.0,3718.055522023963,1.062656650013032,1.2759273451582183
Station 2,101220.0,3728.9500326271436,1.1161611929512514,1.260878331727408
Station 2,101230.0,3740.3770281695643,1.1691505620356724,1.2458871254156227
Station 2,101240.0,3752.3312660211272,1.221606742577618,1.2309586704496687
Station 2,101250.0,3764.807328546901,1.2735127457365092,1.2160974140745824
Station 2,101260.0,3777.799633415029,1.3248526167054064,1.2013073824450329
Station 2,101270.0,3791.3024438293664,1.3756114389783054,1.1865922384582488
Station 2,101280.0,3805.309878956182,1.425775334685604,1.1719553264623424
Station 2,101290.0,3819.8159244708236,1.4753314611362285,1.1573997073144442
Station 2,101300.0,3834.8144427615416,1.5242680040415844,1.142928186229208
Station 2,101310.0,3850.299183168565,1.5725741673838405,1.1285433352521126
Station 2,101320.0,3866.263792105805,1.6202401602035459,1.1142475116663861
Station 2,101330.0,3882.7018230354392,1.6672571805286234,1.1000428733079115
Station 2,101340.0,3899.6067462679534,1.7136173966730373,1.0859313915146909
Station 2,101350.0,3916.97195856255,1.7593139261373767,1.0719148622566466
Station 2,101360.0,3934.7907925051495,1.8043408123452138,1.0579949158582733
Station 2,101370.0,3953.0565256435684,1.8486929994485,1.0441730256275183
Station 2,101380.0,3971.762389361756,1.892366305432822,1.0304505156299018
Station 2,101390.0,3990.9015774772765,1.9353573937489899,1.0168285677906765
Station 2,101400.0,4010.46725454846,1.9776637436916102,1.0033082284650257
Station 2,101410.0,4030.452563879802,2.01928361973797,0.9898904145835729
Station 2,101420.0,4050.8506352162995,2.060216040052163,0.9765759194552758
Station 2,101430.0,4071.6545921194097,2.100460744349866,0.963365418290331
Station 2,101440.0,4092.857559019202,2.1400181613089617,0.9502594734906554
Station 2,101450.0,4114.452667939099,2.1788893757002494,0.9372585397438363
Station 2,101460.0,4136.433064891267,2.217076095401132,0.9243629689473729
Station 2,101470.0,4158.79191594229,2.2545806184435158,0.9115730149830098
Station 2,101480.0,4181.522412950195,2.2914058002351747,0.898888838355557
Station 2,101490.0,4204.617778975312,2.3275550210822518,0.8863105107063509
Station 2,101500.0,4228.0712733684995,2.3630321541283386,0.8738380192084355
Station 2,101510.0,4251.876196541551,2.3978415338143835,0.8614712708480198
Station 2,101520.0,4276.02589442544,2.431987924952074,0.849210096595052
Station 2,101530.0,4300.513762623021,2.4654764924924715,0.8370542554644101
Station 2,101540.0,4325.333250263481,2.498312772061139,0.8250034384683033
Station 2,101550.0,4350.477863566602,2.53050264132081,0.8130572724598469
Station 2,101560.0,4375.941169125337,2.5620522922132514,0.8012153238673966
Station 2,101570.0,4401.716796915747,2.5929682041227227,0.7894771023190355
Station 2,101580.0,4427.798443043766,2.623257117995266,0.7778420641564917
Station 2,101590.0,4454.179872238391,2.6529260114398583,0.7663096158379167
Station 2,101600.0,4480.854920101315,2.681982074830448,0.7548791172289566
Station 2,101610.0,4507.817495123056,2.7104326884210024,0.743549884781817
Station 2,101620.0,4535.061580475749,2.738285400479675,0.7323211946021949
Station 2,101630.0,4562.581235572508,2.7655479064601627,0.7211922854012874
Station 2,101640.0,4590.370597264588,2.7922280293350945,0.7101623613116304
Station 2,101650.0,4618.423881275296,2.818333700564408,0.6992305946535415
Station 2,101660.0,4646.735383139461,2.843872942307532,0.6883961285501057
Station 2,101670.0,4675.299478989573,2.8688538506075347,0.6776580794338319
Station 2,101680.0,4704.110626216985,2.893284579500457,0.6670155394510425
Station 2,101690.0,4733.163363978426,2.9171733260603405,0.6564675787601734
Station 2,101700.0,4762.452313557038,2.940528316355535,0.6460132477258042
Station 2,101710.0,4791.972178586992,2.96335779229005,0.6356515790104025
Station 2,101720.0,4821.717745150461,2.985669999302117,0.6253815895659487
Station 2,101730.0,4851.683881755394,3.007473174891017,0.6152022825277493
Station 2,101740.0,4881.865539202295,3.028775537942173,0.6051126490128754
Station 2,101750.0,4912.257750347872,3.0495852788199893,0.5951116698257779
Station 2,101760.0,4942.855629773133,3.0699105501973394,0.5851983170737172
Station 2,101770.0,4973.654373363158,3.089759458590549,0.5753715556947172
Station 2,101780.0,5004.6492578055295,3.1091400565685525,0.5656303449008201
Station 2,101790.0,5035.835640014004,3.1280603356051446,0.5559736395394429
Station 2,101800.0,5067.208956483764,3.1465282195434936,0.5464003913756842
Station 2,101810.0,5098.764722584271,3.164551558642509,0.5369095502984215
Station 2,101820.0,5130.498531795382,3.182138124175209,0.5275000654530537
Station 2,101830.0,5162.406054892163,3.1992956035497997,0.5181708863037424
Station 2,101840.0,5194.483039083558,3.2160315959250205,0.5089209636279346
Station 2,101850.0,5226.72530710965,3.232353608291883,0.49974925044600593
Station 2,101860.0,5259.128756302161,3.2482690519949315,0.49065470288874136
Station 2,101870.0,5291.689357612432,3.2637852396669795,0.4816362810053724
Station 2,101880.0,5324.403154610951,3.2789093825521047,0.4726929495148269
Station 2,101890.0,5357.266262462173,3.293648588192712,0.46382367850279327
Station 2,101900.0,5390.274866878234,3.3080098584573823,0.45502744406712753
Station 2,101910.0,5423.425223054784,3.3220000878871336,0.4463032289140986
Station 2,101920.0,5456.713654592179,3.3356260623387604,0.4376500229078408
Station 2,101930.0,5490.136552404747,3.3488944579047843,0.42906682357539283
Station 2,101940.0,5523.690373620936,3.361811840090539,0.42055263656955305
Station 2,101950.0,5557.371640476785,3.3743846632298222,0.41210647609175444
Station 2,101960.0,5591.176939205025,3.3866192701214928,0.40372736527707065
Station 2,101970.0,5625.102918921969,3.3985218918702165,0.39541433654339403
Station 2,101980.0,5659.146290514123,3.410098647915517,0.3871664319067478
Station 2,101990.0,5693.303825518586,3.421355546240738,0.3789827032634489
Station 2,102000.0,5727.572354860728,3.432298483871182,0.370862212619185
Station 2,102010.0,5761.9487679281365,3.4429332472371628,0.36280403233901154
Station 2,102020.0,5796.430011461453,3.4532655128164644,0.35480724534495495
Station 2,102030.0,5831.013088412667,3.4633008479409986,0.34687094528079676
Station 2,102040.0,5865.695056860512,3.473044711673474,0.3389942366602314
Station 2,102050.0,5900.473028934649,3.482502455784265,0.3311762349927029
Station 2,102060.0,5935.344169749594,3.491679325818665,0.3234160668883126
Station 2,102070.0,5970.305696349339,3.50058046224527,0.31571287014311966
Station 2,102080.0,6005.3548766634585,3.509210901676861,0.3080657938061006
Station 2,102090.0,6040.489028475413,3.517575578155714,0.30047399822896603
Station 2,102100.0,6075.705518403745,3.5256793244957723,0.2929366550999825
Station 2,102110.0,6111.001760896702,3.5335268736747074,0.28545294746288385
Station 2,102120.0,6146.375217240807,3.54112286026925,0.27802206972190446
Station 2,102130.0,6181.823394583844,3.5484718219277553,0.2706432276339184
Station 2,102140.0,6217.343844972577,3.555578200874334,0.2633156382886082
Station 2,102150.0,6252.934164405626,3.562446345439287,0.2560385300775474
Station 2,102160.0,6288.591991901676,3.5690805116110162,0.24881114265302828
Station 2,102170.0,6324.315008583284,3.5754848646048893,0.24163272687743206
Station 2,102180.0,6360.100936776545,3.5816634804449303,0.23450254476386534
Station 2,102190.0,6395.947539126596,3.587620347554517,0.2274198694087968
Station 2,102200.0,6431.852617729216,3.5933593683525347,0.22038398491733574
Station 2,102210.0,6467.814013278485,3.5988843608517893,0.21339418632179397
Station 2,102220.0,6503.829604230609,3.604199060256696,0.20644977949411175
Station 2,102230.0,6539.897305983867,3.6093071205575478,0.1995500810527141
Station 2,102240.0,6576.015070074692,3.6142121161188423,0.19269441826431732
Station 2,102250.0,6612.180883389815,3.618917543259495,0.185882128941177
Station 2,102260.0,6648.392767394397,3.623426821822786,0.17911256133425277
Station 1,104630.0,6648.208720853853,-3.558892116584087,0.18025178317605217
Station 1,104640.0,6612.643260255398,-3.5541680304152536,0.18691520379920917
Station 1,104650.0,6577.1260051707895,-3.549250466903613,0.1936193019014328
Station 1,104660.0,6541.658906881703,-3.5441361116671137,0.20036466830269475
Station 1,104670.0,6506.243950171971,-3.5388215786076413,0.20715190223854613
Station 1,104680.0,6470.883154052202,-3.533303408533624,0.21398161139347555
Station 1,104690.0,6435.57857249788,-3.527578067779291,0.22085441192718824
Station 1,104700.0,6400.332295201142,-3.5216419468227356,0.22777092849317815
Station 1,104710.0,6365.146448336165,-3.5154913589050745,0.23473179424900562
Station 1,104720.0,6330.023195338177,-3.5091225386532203,0.2417376508576009
Station 1,104730.0,6294.964737696091,-3.5025316407089866,0.24878914847890085
Station 1,104740.0,6259.973315758693,-3.4957147383675222,0.25588694575106613
Station 1,104750.0,6225.05120955431,-3.4886678222282983,0.2630317097604982
Station 1,104760.0,6190.200739623855,-3.4813867988621245,0.2702241159998061
Station 1,104770.0,6155.424267867089,-3.4738674894979855,0.27746484831284546
Station 1,104780.0,6120.724198401915,-3.4661056287337795,0.2847545988258796
Station 1,104790.0,6086.102978436505,-3.4580968632753337,0.2920940678638708
Station 1,104800.0,6051.56309915394,-3.449836750708462,0.29948396385084025
Station 1,104810.0,6017.107096609117,-3.4413207583091117,0.30692500319317917
Station 1,104820.0,5982.7375526374635,-3.432544261897111,0.3144179101447306
Station 1,104830.0,5948.457095775139,-3.423502544739309,0.3219634166523817
Station 1,104840.0,5914.268402190137,-3.414190796508467,0.3295622621808472
Station 1,104850.0,5880.174196623828,-3.4046041123045163,0.33721519351524126
Station 1,104860.0,5846.17725334227,-3.3947374917454374,0.3449229645399532
Station 1,104870.0,5812.280397096625,-3.3845858381353464,0.35268633599226595
Station 1,104880.0,5778.486504091909,-3.3741439577179815,0.3605060751890619
Station 1,104890.0,5744.798502963228,-3.363406559024254,0.3683829557248666
Station 1,104900.0,5711.219375758555,-3.3523682523230853,0.3763177571393891
Station 1,104910.0,5677.752158927027,-3.3410235491853486,0.38431126455261266
Station 1,104920.0,5644.399944311626,-3.3293668621712986,0.3923642682653743
Station 1,104930.0,5611.1658801449885,-3.317392504652503,0.4004775633232735
Station 1,104940.0,5578.053172047055,-3.3050946907799443,0.4086519490416052
Station 1,104950.0,5545.065083968531,-3.292467535636815,0.4168882284831142
Station 1,104960.0,5512.204939040255,-3.2795050555994725,0.42518720788338044
Station 1,104970.0,5479.476120838188,-3.2662011686857935,0.4335496960736456
Station 1,104980.0,5446.882074254215,-3.252549695299729,0.4419765038108916
Station 1,104990.0,5414.426306455289,-3.2385443591360974,0.45046844306727096
Station 1,105000.0,5382.112387846987,-3.2241787883086026,0.4590263262655626
Station 1,105010.0,5349.943953024239,-3.2094465167252637,0.46765096545568646
Station 1,105020.0,5317.924701706715,-3.1943409857284895,0.47634317142879123
Station 1,105030.0,5286.058399656058,-3.1788555460178713,0.48510375276526446
Station 1,105040.0,5254.3488795722,-3.1629834598745554,0.4939335148127571
Station 1,105050.0,5222.800041965551,-3.1467179037067594,0.5028332585901575
Station 1,105060.0,5191.4158560018295,-3.1300519709367336,0.5118037796131903
Station 1,105070.0,5160.200360315998,-3.1129786752502513,0.5208458666370883
Station 1,105080.0,5129.157663791649,-3.0954909542303666,0.5299603003115078
Station 1,105090.0,5098.29194630185,-3.077581673397864,0.539147851742609
Station 1,105100.0,5067.607459407353,-3.0592436306815065,0.5484092809568956
Station 1,105110.0,5037.108527007739,-3.040469561341671,0.5577453352611166
Station 1,105120.0,5006.799545940899,-3.021252143371642,0.5671567474921602
Station 1,105130.0,4976.684986525981,-3.0015840034011365,0.5766442341505252
Station 1,105140.0,4946.769393044686,-2.981457723127157,0.5862084934105211
Station 1,105150.0,4917.057384155547,-2.9608658462974815,0.5958502029999283
Station 1,105160.0,4887.553653235605,-2.9398008862722804,0.605570017941354
Station 1,105170.0,4858.262968643565,-2.918255334189505,0.6153685681469873
Station 1,105180.0,4829.190173898339,-2.896221667759479,0.6252464558578866
Station 1,105190.0,4800.340187766607,-2.873692360714054,0.6352042529182584
Station 1,105200.0,4771.718004252753,-2.8506598929351767,0.6452424978744951
Station 1,105210.0,4743.328692484296,-2.827116761287202,0.6553616928879241
Station 1,105220.0,4715.177396485732,-2.803055491176469,0.6655623004493283
Station 1,105230.0,4687.2693348334415,-2.7784686488606383,0.6758447398822919
Station 1,105240.0,4659.609800184086,-2.7533488545290488,0.6862093836213079
Station 1,105250.0,4632.204158668757,-2.727688796173778,0.6966565532492871
Station 1,105260.0,4605.0578491449205,-2.701481244269296,0.7071865152776826
Station 1,105270.0,4578.176382298018,-2.67471906727645,0.7177994766508013
Station 1,105280.0,4551.565339584533,-2.6473952479840723,0.7284955799539813
Station 1,105290.0,4525.230372008011,-2.6195029006985933,0.7392748983032433
Station 1,105300.0,4499.17719871972,-2.591035289288994,0.7501374298914973
Station 1,105310.0,4473.411605431034,-2.5619858460926075,0.7610830921632622
Station 1,105320.0,4447.9394424484235,-2.53234819175516,0.7721117155707146
Station 1,105330.0,4422.766622862962,-2.5021161557587184,0.7832230369288613
Station 1,105340.0,4397.899120403662,-2.471283797871786,0.7944166922793707
Station 1,105350.0,4373.3429669508305,-2.4398454304717747,0.8056922092254117
Station 1,105360.0,4349.104249897443,-2.407795641639642,0.8170489987056344
Station 1,105370.0,4325.18910927529,-2.3751293190357954,0.8284863461435445
Station 1,105380.0,4301.6037346382145,-2.341841674523332,0.8400034019086565
Station 1,105390.0,4278.354361695255,-2.307928269497924,0.8515991710168564
Station 1,105400.0,4255.447268686828,-2.2733850408757443,0.8632725019871977
Station 1,105410.0,4232.888772497677,-2.2382083276831186,0.8750220747603034
Station 1,105420.0,4210.685224500925,-2.2023948981831687,0.886846387569624
Station 1,105430.0,4188.843006128217,-2.1659419774660424,0.8987437426405473
Station 1,105440.0,4167.368524161786,-2.128847275420428,0.9107122305733856
Station 1,105450.0,4146.268205745071,-2.09110901499481,0.9227497132441828
Station 1,105460.0,4125.548493109546,-2.052725960647574,0.9348538050314654
Station 1,105470.0,4105.215838016436,-2.01369744687563,0.9470218521469378
Station 1,105480.0,4085.2766959131623,-1.9740234067017548,0.9592509098129534
Station 1,105490.0,4065.7375198056116,-1.9337043999914494,0.9715377169885031
Station 1,105500.0,4046.6047538486528,-1.8927416414609632,0.9838786682975481
Station 1,105510.0,4027.884826658756,-1.8511370282291755,0.9962697827575817
Station 1,105520.0,4009.5841443541,-1.8088931667576702,1.0087066688411606
Station 1,105530.0,3991.7090833291318,-1.7660133990153244,1.0211844853273666
Station 1,105540.0,3974.2659827722296,-1.722501827696607,1.0336978973122002
Station 1,105550.0,3957.2611369368637,-1.6783633403163782,1.0462410266451805
Station 1,105560.0,3940.7007871784253,-1.6336036319986278,1.0588073959422728
Station 1,105570.0,3924.591113770795,-1.5882292267722906,1.071389865191162
Station 1,105580.0,3908.9382275185353,-1.542247497184401,1.0839805598126417
Station 1,105590.0,3893.74816118257,-1.4956666820392224,1.0965707888709646
Station 1,105600.0,3879.0268607390594,-1.4484959020721022,1.109150951937089
Station 1,105610.0,3864.7801764931555,-1.4007451733684784,1.1217104329045662
Station 1,105620.0,3851.0138540711173,-1.3524254183420488,1.1342374788443317
Station 1,105630.0,3837.73352531621,-1.3035484740916106,1.1467190617729395
Station 1,105640.0,3824.944699115421,-1.254127097963382,1.1591407210176845
Station 1,105650.0,3812.652752185896,-1.2041749701555151,1.1714863837217435
Station 1,105660.0,3800.862919851421,-1.153706693212767,1.1837381609904487
Station 1,105670.0,3789.580286840791,-1.1027377882733589,1.1958761173071129
Station 1,105680.0,3778.809778037578,-1.0512846879557824,1.2078780112445224
Station 1,105690.0,3768.556149355167,-0.9993647257450987,1.219719006339756
Station 1,105700.0,3758.8239790548996,-0.9469961218060745,1.2313713524650964
Station 1,105710.0,3749.6176588303542,-0.8941979652238335,1.2428040403837133
Station 1,105720.0,3740.941385221467,-0.8409901925556592,1.2539824359289773
Station 1,105730.0,3732.79915126471,-0.7873935627064165,1.2648679056695946
Station 1,105740.0,3725.1947384124383,-0.7334296281395666,1.2754174536674339
Station 1,105750.0,3718.1317087578946,-0.6791207024627813,1.2855833994438615
Station 1,105760.0,3711.613397601823,-0.6244898244550281,1.295313140838639
Station 1,105770.0,3705.6429063958976,-0.5695607186303889,1.3045490618431113
Station 1,105780.0,3700.223096096987,-0.5143577524624011,1.3132286634784187
Station 1,105790.0,3695.3565809649704,-0.4589058904209266,1.321285012473084
Station 1,105800.0,3691.045722835136,-0.40323064500119077,1.3286476126520248
Station 1,105810.0,3687.2926258942643,-0.3473580249512885,1.335243799734983
Station 1,105820.0,3684.0991319873146,-0.29131448092977075,1.341000731924904
Station 1,105830.0,3681.4668164792,-0.23512684884856974,1.3458479872515694
Station 1,105840.0,3679.3969846934633,-0.17882229117811593,1.3497206808484572
Station 1,105850.0,3677.890668946823,-0.12242823651077564,1.352562890080153
Station 1,105860.0,3676.948626195491,-0.06597231769542178,1.354331048501388
Station 1,105870.0,3676.5713363059585,-0.009482308869687234,1.3549968816518725
Station 1,105880.0,3676.7590009596724,0.047013938272792266,1.354549451487957
Station 1,105890.0,3677.5115431975437,0.10348855863538242,1.35299597597032
Station 1,105900.0,3678.8286076068016,0.15991373794282934,1.3503612832426426
Station 1,105910.0,3680.709561149213,0.21626177668742216,1.3466859945920322
Station 1,105920.0,3683.1534946261722,0.2725051534500858,1.3420237369259758
Station 1,105930.0,3686.1592247727444,0.32861658725564186,1.336437806471934
Station 1,105940.0,3689.7252969693795,0.38456909863090877,1.329997719692946
Station 1,105950.0,3693.8499885567603,0.4403360690468268,1.3227760128238155
Station 1,105960.0,3698.5313127361005,0.4958912984413397,1.3148455288030811
Station 1,105970.0,3703.7670230343338,0.5512090605379,1.306277302150432
Station 1,105980.0,3709.5546183108013,0.6062641556954274,1.2971390477897409
Station 1,105990.0,3715.891348279563,0.6610319610479323,1.2874941910186708
Station 1,106000.0,3722.774219519151,0.7154884777171407,1.2774013414389922
Station 1,106010.0,3730.2000019395346,0.7696103749073515,1.2669141053779966
Station 1,106020.0,3738.1652356742857,0.8233750307190951,1.2560811392854043
Station 1,106030.0,3746.6662383644543,0.8767605695461851,1.2449463624487456
Station 1,106040.0,3755.699112755933,0.9297458959687228,1.2335492653825255
Station 1,106050.0,3765.259754488987,0.9823107251185692,1.2219252670967384
Station 1,106060.0,3775.3438606393443,1.0344356091806808,1.2101060886826258
Station 1,106070.0,3785.946938100538,1.0861019603779163,1.1981201216595567
Station 1,106080.0,3797.06431226324,1.137292070264077,1.1859927778771548
Station 1,106090.0,3808.6911358925086,1.1879891253665227,1.173746813608417
Station 1,106100.0,3820.8223981429524,1.2381772192413467,1.161402624481252
Station 1,106110.0,3833.45293367634,1.2878413610171076,1.1489785105204762
Station 1,106120.0,3846.577431847047,1.3369674805237646,1.13649091220066
Station 1,106130.0,3860.1904459218026,1.3855424301221309,1.1239546193486862
Station 1,106140.0,3874.2864023014045,1.4335539833658784,1.1113829552096737
Station 1,106150.0,3888.8596097135314,1.4809908306427326,1.0987879381634569
Station 1,106160.0,3903.9042683472535,1.5278425719539348,1.086180423564696
Station 1,106170.0,3919.414478901495,1.574099707001521,1.0735702280551178
Station 1,106180.0,3935.3842515214874,1.6197536227611218,1.060966238512979
Station 1,106190.0,3951.8075145990065,1.6647965787243528,1.0483765075956637
Station 1,106200.0,3968.6781234140717,1.7092216899990895,1.0358083376173333
Station 1,106210.0,3985.9898685976987,1.7530229084583882,1.023268354297004
Station 1,106220.0,4003.73648439717,1.7961950021294821,1.0107625717202822
Station 1,106230.0,4021.9116567272445,1.8387335330133805,0.9982964496833979
Station 1,106240.0,4040.5090309925695,1.880634833523143,0.9858749444322822
Station 1,106250.0,4059.522219668469,1.921895981725192,0.9735025536717796
Station 1,106260.0,4078.944809629063,1.9625147755630388,0.9611833565997137
Station 1,106270.0,4098.770369213449,2.002489706236824,0.9489210496158139
Station 1,106280.0,4118.992455022396,2.041819930905179,0.9367189782649732
Station 1,106290.0,4139.604618439566,2.0805052448682995,0.9245801658961951
Station 1,106300.0,4160.600411872919,2.118546053382811,0.9125073394514335
Station 1,106310.0,4181.973394713312,2.1559433432503425,0.9005029527408742
Station 1,106320.0,4203.717139008737,2.192698654312556,0.8885692075117695
Station 1,106330.0,4225.82523485397,2.2288140509762715,0.8767080725755096
Station 1,106340.0,4248.29129549642,2.2642920938825277,0.8649213012214595
Station 1,106350.0,4271.108962160258,2.2991358118243426,0.8532104471148716
Station 1,106360.0,4294.271908591771,2.333348674008264,0.8415768788496717
Station 1,106370.0,4317.773845329841,2.3669345627456906,0.8300217933040656
Station 1,106380.0,4341.608523706235,2.3998977466507943,0.8185462279273995
Station 1,106390.0,4365.769739581151,2.4322428544131833,0.807151072069934
Station 1,106400.0,4390.251336816188,2.4639748492078977,0.7958370774523089
Station 1,106410.0,4415.047210326972,2.4950990039273737,0.7846048678370962
Station 1,106420.0,4440.151309226305,2.5256208768928867,0.7734549480420861
Station 1,106430.0,4465.557639600422,2.555546288407977,0.7623877123054579
Station 1,106440.0,4491.260266946468,2.58488129820341,0.7514034520567259
Station 1,106450.0,4517.253318459922,2.613632183649389,0.7405023631689976
Station 1,106460.0,4543.530985107782,2.64180541880524,0.7296845527282897
Station 1,106470.0,4570.087523495988,2.6694076543184764,0.7189500453595303
Station 1,106480.0,4596.917257539688,2.696445698180089,0.7082987891444961
Station 1,106490.0,4624.014579944932,2.7229264973382636,0.69773066116315
Station 1,106500.0,4651.373953510452,2.748857120168549,0.6872454726865415
Station 1,106510.0,4678.989912258097,2.7742447397947583,0.6768429740465725
Station 1,106520.0,4706.857062400442,2.799096618251468,0.6665228592054335
Station 1,106530.0,4734.970083153959,2.823420091476023,0.6562847700453401
Station 1,106540.0,4763.323727406039,2.8472225551153256,0.6461283003972768
Station 1,106550.0,4791.912822243946,2.870511451130393,0.6360529998258042
Station 1,106560.0,4820.732269353657,2.8932942551797227,0.6260583771854814
Station 1,106570.0,4849.777045296295,2.9155784647608307,0.6161439039631913
Station 1,106580.0,4879.042201669664,2.9373715880879634,0.6063090174194723
Station 1,106590.0,4908.522865162193,2.9586811336828207,0.5965531235409627
Station 1,106600.0,4938.214237506308,2.9795146006543156,0.5868755998151435
Station 1,106610.0,4968.111595338054,2.9998794696426176,0.5772757978377575
Station 1,106620.0,4998.210289969505,3.0197831944023914,0.5677530457625446
Station 1,106630.0,5028.505747080259,3.03923319399968,0.558306650602298
Station 1,106640.0,5058.993466334065,3.058236845596931,0.5489359003896231
Station 1,106650.0,5089.669020926353,3.076801477800517,0.5396400662052686
Station 1,106660.0,5120.528057068169,3.094934364545302,0.5304184040814105
Station 1,106670.0,5151.5662934118645,3.1126427194911273,0.5212701567867781
Station 1,106680.0,5182.779520423441,3.1299336909062605,0.5121945555001829
Station 1,106690.0,5214.163599706393,3.146814357013449,0.5031908213785561
Station 1,106700.0,5245.714463281573,3.1632917217746637,0.494258167025287
Station 1,106710.0,5277.42811282731,3.1793727110911396,0.485395797864339
Station 1,106720.0,5309.30061888391,3.195064169396014,0.4766029134252987
Station 1,106730.0,5341.328120026296,3.2103728566175,0.46787870854424857
Station 1,106740.0,5373.506822008464,3.225305445491159,0.45922237448508824
Station 1,106750.0,5405.832996883041,3.2398685192006633,0.4506330999856952
Station 1,106760.0,5438.302982099046,3.2540685693273366,0.44211007223300614
Station 1,106770.0,5470.913179451924,3.267911994196706,0.43365247775177684
Station 1,106780.0,5503.660054224853,3.2814050973361493,0.4252595032585377
Station 1,106790.0,5536.540134329638,3.2945540861579,0.41693033646077704
Station 1,106800.0,5569.550009260032,3.30736507102844,0.40866416677282164
Station 1,106810.0,5602.686329119924,3.3198440644939335,0.4004601859899233
Station 1,106820.0,5635.94580364431,3.3319969807113674,0.39231758891194535
Station 1,106830.0,5669.325201215061,3.343829635070779,0.3842355739195171
Station 1,106840.0,5702.8213478733915,3.355347743994595,0.37621334350536884
Station 1,106850.0,5736.431126330772,3.366556924900877,0.36825010476343256
Station 1,106860.0,5770.151474979895,3.3774626963179064,0.36034506983814957
Station 1,106870.0,5803.979386907228,3.388070478138201,0.3524974563363124
Station 1,106880.0,5837.911908908482,3.3983855920007295,0.34470648770364004
Station 1,106890.0,5871.946140508316,3.4084132617906326,0.3369713935681793
Station 1,106900.0,5906.079232985414,3.418158614246491,0.3292914100525077
Station 1,106910.0,5940.308388404013,3.4276266796655697,0.321665780056626
Station 1,106920.0,5974.630858652852,3.436822392698216,0.3140937535133095
Station 1,106930.0,6009.04394449243,3.445750593222966,0.30657458761761475
Station 1,106940.0,6043.54499461137,3.454416027294516,0.29910754703213477
Station 1,106950.0,6078.131404692641,3.4628233481571553,0.2916919040695182
Station 1,106960.0,6112.800616490245,3.4709771173167354,0.2843269388536853
Station 1,106970.0,6147.550116916998,3.478881805664703,0.27701193946109975
Station 1,106980.0,6182.377437143911,3.4865417946481116,0.26974620204337574
Station 1,106990.0,6217.280151711605,3.4939613774799967,0.26252903093243996
Station 1,107000.0,6252.255877654235,3.5011447603847823,0.2553597387293905
Station 1,107010.0,6287.302273636137,3.508096063873829,0.24823764637815404
Station 1,107020.0,6322.417039101727,3.5148193240465746,0.24116208322493493
Station 1,107030.0,6357.597913438647,3.5213184939129567,0.23413238706446649
Station 1,107040.0,6392.842675154574,3.5275974447332117,0.22714790417395087
Station 1,107050.0,6428.1491410677645,3.533659967371411,0.2202079893355611
Station 1,107060.0,6463.515165511517,3.5395097736593026,0.21331200584832383
Station 1,107070.0,6498.938639552633,3.5451504977673913,0.2064593255301455
Station 1,107080.0,6534.417490223965,3.5505856975803325,0.19964932871071417
Station 1,107090.0,6569.949679771098,3.555818856074012,0.19288140421595548
Station 1,107100.0,6605.533204913135,3.5608533826918594,0.1861549493446985
Station 1,107110.0,6641.166096117699,3.565692614718194,0.17946936983813241
Station 3,108210.0,6637.601117125054,-3.400532292077735,0.17923684427496106
Station 3,108220.0,6603.630538742195,-3.393544953083363,0.18559293763259613
Station 3,108230.0,6569.73099264509,-3.3863252219985682,0.19198101331016765
Station 3,108240.0,6535.904821344696,-3.3788693655577235,0.19840135142589946
Station 3,108250.0,6502.154405045034,-3.3711735843572255,0.20485422896887087
Station 3,108260.0,6468.482162270803,-3.363234012296555,0.21133991936771576
Station 3,108270.0,6434.89055053921,-3.35504671604655,0.21785869203784966
Station 3,108280.0,6401.382067036458,-3.3466076945676795,0.2244108119015132
Station 3,108290.0,6367.959249298513,-3.3379128786827796,0.23099653887925548
Station 3,108300.0,6334.624675895526,-3.32895813070915,0.23761612735140897
Station 3,108310.0,6301.3809671193085,-3.319739244155075,0.24426982558804708
Station 3,108320.0,6268.230785673261,-3.310251943486156,0.2509578751458497
Station 3,108330.0,6235.176837364001,-3.300491883967142,0.25768051023022653
Station 3,108340.0,6202.221871793936,-3.290454651585226,0.26443795702098
Station 3,108350.0,6169.368683053989,-3.280135763061102,0.27123043295971544
Station 3,108360.0,6136.6201104155725,-3.2695306659543926,0.27805814599712525
Station 3,108370.0,6103.979039020839,-3.2586347388704144,0.2849212937981973
Station 3,108380.0,6071.448400570242,-3.2474432917755083,0.2918200629033216
Station 3,108390.0,6039.031174006278,-3.2359515664286507,0.29875462784316936
Station 3,108400.0,6006.730386192225,-3.2241547369372254,0.30572515020516206
Station 3,108410.0,5974.549112584659,-3.2120479104453974,0.31273177764922205
Station 3,108420.0,5942.490477898441,-3.1996261279637275,0.3197746428704477
Station 3,108430.0,5910.557656762654,-3.1868843653491425,0.32685386250623116
Station 3,108440.0,5878.753874366102,-3.173817534444682,0.3339695359852693
Station 3,108450.0,5847.082407090663,-3.160420484388866,0.3411217443158111
Station 3,108460.0,5815.546583130856,-3.146688003104852,0.3483105488103945
Station 3,108470.0,5784.1497830977705,-3.1326148189799508,0.3555359897442365
Station 3,108480.0,5752.895440605495,-3.1181956027464377,0.36279808494433174
Station 3,108490.0,5721.787042837933,-3.1034249695748937,0.3700968283062455
Station 3,108500.0,5690.828131093971,-3.088297481391752,0.37743218823546243
Station 3,108510.0,5660.022301308675,-3.0728076494329892,0.38480410601008685
Station 3,108520.0,5629.37320454816,-3.0569499370462108,0.39221249406159153
Station 3,108530.0,5598.88454747563,-3.0407187627537544,0.399657234170219
Station 3,108540.0,5568.560092785986,-3.0241085035895945,0.4071381755715749
Station 3,108550.0,5538.403659606197,-3.007113498723201,0.414655132970855
Station 3,108560.0,5508.419123858591,-2.989728053383609,0.4222078844610956
Station 3,108570.0,5478.610418584057,-2.9719464430971865,0.42979616934176335
Station 3,108580.0,5448.981534221932,-2.9537629182527425,0.4374196858339487
Station 3,108590.0,5419.536518843269,-2.9351717090076743,0.44507808868837784
Station 3,108600.0,5390.279478161836,-2.916167030620715,0.45277098666310245
Station 3,108610.0,5361.214575740384,-2.8967430890331127,0.46049793991666566
Station 3,108620.0,5332.346033211258,-2.8768940868213564,0.46825845728774673
Station 3,108630.0,5303.67813016296,-2.8566142296575983,0.4760519934220324
Station 3,108640.0,5275.215204077979,-2.8358977331229176,0.48387794578703924
Station 3,108650.0,5246.961650199974,-2.8147388299419,0.4917356515570063
Station 3,108660.0,5218.921921326137,-2.7931317776507627,0.4996243843643034
Station 3,108670.0,5191.100527520283,-2.7710708667106876,0.5075433509139383
Station 3,108680.0,5163.502035742236,-2.7485504290773624,0.5154916874579344
Station 3,108690.0,5136.131069388881,-2.725564847236909,0.5234684561265627
Station 3,108700.0,5108.992307742189,-2.7021085637174798,0.5314726411137095
Station 3,108710.0,5082.090485319487,-2.678176091084672,0.5395031447139771
Station 3,108720.0,5055.430391121061,-2.6537620224277614,0.5475587832095389
Station 3,108730.0,5029.016867770233,-2.62886104234231,0.5556382826052243
Station 3,108740.0,5002.85481054095,-2.6034679384132264,0.5637402742108863
Station 3,108750.0,4976.94916626784,-2.577577613200515,0.571863290070758
Station 3,108760.0,4951.304932133844,-2.5511850967282417,0.5800057582402438
Station 3,108770.0,4925.927154330333,-2.52428555947499,0.5881659979114903
Station 3,108780.0,4900.820926584802,-2.496874325861859,0.5963422143900768
Station 3,108790.0,4875.991388551234,-2.4689468882316286,0.6045324939263187
Station 3,108800.0,4851.443724058278,-2.4404989213099713,0.6127347984059863
Station 3,108810.0,4827.183159210546,-2.4115262971367604,0.6209469599067545
Station 3,108820.0,4803.214960338427,-2.3820251004524793,0.6291666751283534
Station 3,108830.0,4779.544431792003,-2.3519916445213016,0.6373914997063483
Station 3,108840.0,4756.176913574854,-2.321422487369234,0.6456188424215784
Station 3,108850.0,4733.117778813776,-2.290314448411744,0.6538459593197358
Station 3,108860.0,4710.372431060687,-2.2586646254416687,0.6620699477582367
Station 3,108870.0,4687.946301423352,-2.2264704119440966,0.6702877404005776
Station 3,108880.0,4665.844845521869,-2.193729514700774,0.6784960991816831
Station 3,108890.0,4644.073540268288,-2.160439971642308,0.6866916092714951
Station 3,108900.0,4622.637880467133,-2.1266001699019963,0.6948706730681334
Station 3,108910.0,4601.543375235166,-2.0922088640205994,0.7030295042564636
Station 3,108920.0,4580.7955442391085,-2.057265194246866,0.7111641219728643
Station 3,108930.0,4560.399913750806,-2.021768704873907,0.7192703451223573
Station 3,108940.0,4540.362012519758,-1.9857193625470417,0.7273437869001285
Station 3,108950.0,4520.687367463728,-1.9491175744740796,0.7353798495757797
Station 3,108960.0,4501.381499178816,-1.911964206464578,0.7433737196054395
Station 3,108970.0,4482.449917248872,-1.8742606007258702,0.7513203631417872
Station 3,108980.0,4463.898115156616,-1.8360085933729469,0.7592145220022845
Station 3,108990.0,4445.73156558058,-1.797210531375247,0.7670507102639454
Station 3,109000.0,4427.9557151525705,-1.7578692891174672,0.774823211481423
Station 3,109010.0,4410.575979048919,-1.7179882843464092,0.7825260766758348
Station 3,109020.0,4393.597735482679,-1.6775714934056074,0.7901531232127966
Station 3,109030.0,4377.026320046925,-1.6366234656759222,0.7976979346856456
Station 3,109040.0,4360.867019917662,-1.595149337121812,0.8051538619343248
Station 3,109050.0,4345.125067925763,-1.5531548428416082,0.8125140253381992
Station 3,109060.0,4329.805636508455,-1.5106463285195026,0.8197713185281204
Station 3,109070.0,4314.9138315518885,-1.4676307606768728,0.8269184136689277
Station 3,109080.0,4300.454686137295,-1.4241157356215035,0.8339477684679928
Station 3,109090.0,4286.433154204317,-1.3801094869945196,0.8408516350678408
Station 3,109100.0,4272.854104146048,-1.3356208918176828,0.8476220709809107
Station 3,109110.0,4259.72231235128,-1.290659474946616,0.8542509522215468
Station 3,109120.0,4247.042456710386,-1.2452354118399167,0.8607299887838622
Station 3,109130.0,4234.819110102177,-1.1993595295592243,0.8670507426035404
Station 3,109140.0,4223.056733879828,-1.153043305921375,0.8732046481263956
Station 3,109150.0,4211.759671374755,-1.106298866730738,0.8791830355860832
Station 3,109160.0,4200.932141438071,-1.0591389810279113,0.8849771570671698
Station 3,109170.0,4190.578232039669,-1.011577054299693,0.890578215397593
Station 3,109180.0,4180.701893945748,-0.9636271196049186,0.8959773958759354
Station 3,109190.0,4171.306934495706,-0.9153038265815558,0.9011659007940725
Station 3,109200.0,4162.397011499854,-0.8666224283114681,0.9061349866646037
Station 3,109210.0,4153.97562727944,-0.8175987660314037,0.9108760040056383
Station 3,109220.0,4146.046122870607,-0.7682492516913613,0.915380439473733
Station 3,109230.0,4138.611672413737,-0.7185908483744914,0.9196399600701746
Station 3,109240.0,4131.6752777495485,-0.6686410486062759,0.9236464590778972
Station 3,109250.0,4125.239763242855,-0.6184178505943649,0.9273921033180161
Station 3,109260.0,4119.307770854465,-0.5679397324543956,0.9308693812483813
Station 3,109270.0,4113.88175548108,-0.5172256244909753,0.9340711513642701
Station 3,109280.0,4108.9639805822435,-0.46629487961673854,0.9369906903059833
Station 3,109290.0,4104.556514112561,-0.41516724200580746,0.9396217400324364
Station 3,109300.0,4100.661224776306,-0.36386281409104715,0.9419585533866143
Station 3,109310.0,4097.279778620434,-0.3124020220268736,0.943995937360372
Station 3,109320.0,4094.4136359806903,-0.26080557975105945,0.9457292933647236
Station 3,109330.0,4092.064048794156,-0.2090944517898914,0.9471546538289223
Station 3,109340.0,4090.232058290033,-0.1572898149607631,0.9482687144882528
Station 3,109350.0,4088.9184929093176,-0.10541301910030287,0.9490688617607324
Station 3,109360.0,4088.1239668051994,-0.05348554703462716,0.9495531947365443
Station 3,109370.0,4087.848878937803,-0.0015289740257037887,0.9497205413634522
Station 3,109380.0,4088.0934122145345,0.05043507326866775,0.9495704684615923
Station 3,109390.0,4088.8575331849465,0.10238495804460268,0.9491032854212718
Station 3,109400.0,4090.140992148227,0.1542990746433433,0.9483200414975365
Station 3,109410.0,4091.9433236725704,0.2061558896972983,0.9472225167552808
Station 3,109420.0,4094.2638475240715,0.2579339829454841,0.945813206842794
Station 3,109430.0,4097.101670000935,0.30961208753554953,0.9440953018894495
Station 3,109440.0,4100.455685667064,0.3611691296339048,0.9420726599306749
Station 3,109450.0,4104.324579477194,0.41258426717075736,0.9397497753570736
Station 3,109460.0,4108.706829284187,0.4638369275541513,0.9371317429616484
Station 3,109470.0,4113.6007087173875,0.5149068441950125,0.9342242182178941
Station 3,109480.0,4119.004290419451,0.5657740916947278,0.9310333744608782
Station 3,109490.0,4124.915449627623,0.6164191195571098,0.9275658576633788
Station 3,109500.0,4131.331868084071,0.6668227842979356,0.9238287395004006
Station 3,109510.0,4138.251038258777,0.7169663798373608,0.9198294693793511
Station 3,109520.0,4145.670267867234,0.7668316660731871,0.9155758260820097
Station 3,109530.0,4153.586684664483,0.8164008955464199,0.9110758696203555
Station 3,109540.0,4161.997241495933,0.8656568381237975,0.9063378938543729
Station 3,109550.0,4170.898721584938,0.9145828036361127,0.9013703803584749
Station 3,109560.0,4180.287744036457,0.9631626624248546,0.8961819539572223
Station 3,109570.0,4190.160769535746,1.011380863763476,0.8907813402828777
Station 3,109580.0,4200.514106220745,1.0592224521332363,0.8851773256393476
Station 3,109590.0,4211.343915706701,1.1066730813467647,0.8793787193911302
Station 3,109600.0,4222.646219241566,1.153719026525292,0.8733943190335532
Station 3,109610.0,4234.416903970807,1.2003471939477732,0.8672328780430524
Station 3,109620.0,4246.651729290532,1.2465451288016114,0.8609030765543383
Station 3,109630.0,4259.346333268151,1.2923010208757233,0.8544134948655158
Station 3,109640.0,4272.496239110286,1.3376037082465633,0.8477725897327981
Station 3,109650.0,4286.096861658163,1.3824426790171025,0.8409886733833684
Station 3,109660.0,4300.143513891376,1.4268080711769766,0.8340698951479534
Station 3,109670.0,4314.631413421621,1.470690670659493,0.8270242255934365
Station 3,109680.0,4329.555688958799,1.5140819076776322,0.8198594430198834
Station 3,109690.0,4344.911386732703,1.5569738514266944,0.8125831221751382
Station 3,109700.0,4360.693476854453,1.5993592032458737,0.8052026250331
Station 3,109710.0,4376.896859595549,1.6412312883392892,0.7977250934774087
Station 3,109720.0,4393.516371390568,1.6825840462788562,0.7901574437082663
Station 3,109730.0,4410.546791138331,1.7234120200147367,0.7825063622934441
Station 3,109740.0,4427.98284619199,1.7637103438396373,0.774778303638068
Station 3,109750.0,4445.819218142614,1.8034747303773542,0.7669794887376816
Station 3,109760.0,4464.050548536107,1.842701456591006,0.7591159050962742
Station 3,109770.0,4482.671444445374,1.8813873489527466,0.7511933076692112
Station 3,109780.0,4501.676483889973,1.9195297678741738,0.743217220707896
Station 3,109790.0,4521.060221096282,1.9571265914941542,0.7351929403915722
Station 3,109800.0,4540.817191592351,1.994176198918375,0.7271255381401943
Station 3,109810.0,4560.9419171324325,2.0306774530016005,0.7190198645109016
Station 3,109820.0,4581.428910447089,2.0666296827601407,0.7108805535889405
Station 3,109830.0,4602.272679815689,2.102032665498289,0.7027120277919429
Station 3,109840.0,4623.467733458813,2.13688660872831,0.6945185030141551
Station 3,109850.0,4645.008583749003,2.171192131959365,0.6863039940444846
Station 3,109860.0,4666.889751238853,2.2049502484262695,0.6780723201990745
Station 3,109870.0,4689.105768506347,2.2381623468245446,0.6698271111154418
Station 3,109880.0,4711.651183817718,2.2708301731134783,0.6615718126612039
Station 3,109890.0,4734.520564608947,2.302955812444459,0.6533096929157692
Station 3,109900.0,4757.708500787391,2.334541671267178,0.6450438481884199
Station 3,109910.0,4781.209607855664,2.3655904596617643,0.6367772090407581
Station 3,109920.0,4805.018529860217,2.396105173940465,0.6285125462856357
Station 3,109930.0,4829.129942167611,2.4260890795581216,0.6202524769384529
Station 3,109940.0,4853.53855407173,2.455545694366519,0.6119994701001017
Station 3,109950.0,4878.239111235612,2.4844787722435058,0.6037558527538913
Station 3,109960.0,4903.226397971758,2.5128922871240116,0.5955238154615333
Station 3,109970.0,4928.495239365142,2.5407904174562166,0.587305417945717
Station 3,109980.0,4954.040503243247,2.568177531102678,0.5791025945489938
Station 3,109990.0,4979.857101997728,2.5950581707028073,0.5709171595606344
Station 3,110000.0,5005.939994262374,2.621437039509973,0.5627508124048427
Station 3,110010.0,5032.284186452208,2.647318987713483,0.5546051426852457
Station 3,110020.0,5058.88473416862,2.67270899925304,0.5464816350818973
Station 3,110030.0,5085.736743475508,2.6976121791306102,0.5383816740982421
Station 3,110040.0,5112.835372051417,2.722033741222356,0.5303065486564905
Station 3,110050.0,5140.1758302227,2.7459789965910755,0.5222574565407607
Station 3,110060.0,5167.753381882711,2.7694533422976617,0.5142355086881337
Station 3,110070.0,5195.563345302009,2.792462250708228,0.5062417333284224
Station 3,110080.0,5223.601093766726,2.8150112593489283,0.4982770799635619
Station 3,110090.0,5251.862056096807,2.837105961274739,0.49034242319388543
Station 3,110100.0,5280.341717394098,2.858751995633632,0.48243856645020555
Station 3,110110.0,5309.03561934433,2.8799550389890665,0.4745662455290479
Station 3,110120.0,5337.939360545203,2.9007207970175837,0.4667261320033239
Station 3,110130.0,5367.0485967602435,2.92105499664904,0.4589188364969149
Station 3,110140.0,5396.35904109576,2.940963378643951,0.4511449118254548
Station 3,110150.0,5425.866464105289,2.9604516905959555,0.4434048560068141
Station 3,110160.0,5455.56669382564,2.979525680346965,0.43569911514493276
Station 3,110170.0,5485.455615748921,2.9981910898021864,0.4280280861906346
Station 3,110180.0,5515.5291727341955,3.0164536491317713,0.4203921195832715
Station 3,110190.0,5545.783364862824,3.0343190713457786,0.41279152177691936
Station 3,110200.0,5576.214249241148,3.0517930472288874,0.40522655765494436
Station 3,110210.0,5606.817939754076,3.0688812406212427,0.3976974528367337
Station 3,110220.0,5637.590606773011,3.0855892840318506,0.3902043958803447
Station 3,110230.0,5668.5284768214115,3.101922774570924,0.3827475403848083
Station 3,110240.0,5699.627832201169,3.117887270187724,0.3753270069957578
Station 3,110250.0,5730.885010582796,3.13348828620059,0.36794288531801056
Station 3,110260.0,5762.2964045623385,3.1487312921060036,0.3605952357386441
Station 3,110270.0,5793.858461187775,3.163621708653781,0.3532840911640552
Station 3,110280.0,5825.567681457504,3.1781649051757634,0.34600945867439653
Station 3,110290.0,5857.420619793465,3.1923661971555717,0.33877132109870944
Station 3,110300.0,5889.413883491247,3.206230844027411,0.33156963851397797
Station 3,110310.0,5921.544132149441,3.2197640471921227,0.3244043496712492
Station 3,110320.0,5953.808077080404,3.2329709482390703,0.3172753733518664
Station 3,110330.0,5986.20248070443,3.2458566273628047,0.3101826096567669
Station 3,110340.0,6018.7241559292825,3.258426101963764,0.3031259412317128
Station 3,110350.0,6051.369965516848,3.2706843254226508,0.29610523443122094
Station 3,110360.0,6084.13682143869,3.2826361860385136,0.2891203404238637
Station 3,110370.0,6117.021684222015,3.294286506120886,0.2821710962415338
Station 3,110380.0,6150.021562287674,3.3056400412267415,0.2752573257751528
Station 3,110390.0,6183.1335112815095,3.3167014795333603,0.2683788407192346
Station 3,110400.0,6216.35463340046,3.3274754413386063,0.2615354414676108
Station 3,110410.0,6249.682076714615,3.337966478680416,0.2547269179625437
Station 3,110420.0,6283.113034486418,3.348179075067717,0.24795305049936758
Station 3,110430.0,6316.644744488083,3.358117645315287,0.24121361048871495
Station 3,110440.0,6350.27448830208,3.367786535488668,0.23450836117591428
Station 3,110450.0,6383.99959048416,3.377190023057615,0.22783705830053444
Station 3,110460.0,6417.817418092162,3.3863323168356176,0.22119945077296405
Station 3,110470.0,6451.725379955422,3.3952175571969696,0.21459528127964536
Station 3,110480.0,6485.7209259594765,3.403849816363894,0.20802428685538235
Station 3,110490.0,6519.801546368556,3.41223309873267,0.20148619942883259
Station 3,110500.0,6553.964771151189,3.4203713412613785,0.19498074633766674
Station 3,110510.0,6588.208169309437,3.428268413914284,0.18850765081487686
Station 3,110520.0,6622.529348212625,3.4359281201581906,0.1820666324475842
Station 3,110530.0,6656.925952935742,3.4433541975062822,0.17565740760975707
Station 2,110670.0,6653.462373490013,-3.4684679120131054,0.1764171589633633
Station 2,110680.0,6618.81307621194,-3.4613534588782704,0.18289567086101227
Station 2,110690.0,6584.236073122327,-3.454008458457883,0.1894075697709977
Station 2,110700.0,6549.733688305609,-3.4464291745479874,0.1959531863144184
Station 2,110710.0,6515.308283547598,-3.4386118026504557,0.20253284940717786
Station 2,110720.0,6480.962259022989,-3.4305524692859235,0.20914688587582903
Station 2,110730.0,6446.698053989928,-3.422247231347789,0.2157956200486585
Station 2,110740.0,6412.518147491237,-3.4136920755015705,0.22247937332067808
Station 2,110750.0,6378.425059061919,-3.4048829176341586,0.22919846369112615
Station 2,110760.0,6344.4213494423975,-3.3958156023577653,0.23595320527201127
Station 2,110770.0,6310.509621297027,-3.3864859025736873,0.24274390776616422
Station 2,110780.0,6276.692519937245,-3.37688951910125,0.2495708759131859
Station 2,110790.0,6242.972734048793,-3.3670220803776814,0.25643440890160296
Station 2,110800.0,6209.352996419939,-3.356879142235949,0.26333479974521634
Station 2,110810.0,6175.836084510935,-3.3464561878345385,0.2702723346053603
Station 2,110820.0,6142.424821315646,-3.335748627542306,0.2772472921057313
Station 2,110830.0,6109.122076153385,-3.324751798966014,0.28425994259589654
Station 2,110840.0,6075.930765324383,-3.3134609671364763,0.29131054735788836
Station 2,110850.0,6042.853852836399,-3.301871324772415,0.29839935777518545
Station 2,110860.0,6009.894351127594,-3.2899779926649577,0.3055266144536156
Station 2,110870.0,5977.055321784786,-3.277776020191298,0.31269254629171483
Station 2,110880.0,5944.339876255517,-3.265260385966378,0.3198973694980783
Station 2,110890.0,5911.751176552601,-3.2524259986418875,0.32714128655306746
Station 2,110900.0,5879.292435949662,-3.23926769786229,0.3344244851121441
Station 2,110910.0,5846.966919666055,-3.2257802553879533,0.3417471368479884
Station 2,110920.0,5814.7779455394475,-3.211958376395919,0.3491093962284421
Station 2,110930.0,5782.728884684288,-3.197796700969215,0.35651139922719455
Station 2,110940.0,5750.823162134227,-3.1832898057860612,0.36395326196400907
Station 2,110950.0,5719.064257466463,-3.168432206020694,0.3714350792711671
Station 2,110960.0,5687.455705405863,-3.153218357467943,0.37895692318267254
Station 2,110970.0,5656.0010964066005,-3.137642658904099,0.38651884134263786
Station 2,110980.0,5624.704077208903,-3.121699454696938,0.3941208553291439
Station 2,110990.0,5593.568351368385,-3.105383037678195,0.4017629588897335
Station 2,111000.0,5562.59767975533,-3.088687652292046,0.4094451160845666
Station 2,111010.0,5531.7958810211,-3.071607498033523,0.4171672593331465
Station 2,111020.0,5501.1668320287545,-3.0541367331910423,0.4249292873603867
Station 2,111030.0,5470.714468244811,-3.0362694789074736,0.43273106303766823
Station 2,111040.0,5440.442784088917,-3.0179998235744274,0.44057241111441864
Station 2,111050.0,5410.355833238076,-2.999321827574508,0.448453115835623
Station 2,111060.0,5380.457728881916,-2.9802295283865288,0.4563729184405638
Station 2,111070.0,5350.752643925337,-2.9607169460685765,0.4643315145379953
Station 2,111080.0,5321.244811134722,-2.9407780891339605,0.47232855135284774
Station 2,111090.0,5291.93852322378,-2.9204069608348537,0.4803636248394924
Station 2,111100.0,5262.838132874881,-2.8995975658683575,0.4884362766565206
Station 2,111110.0,5233.948052691662,-2.8783439175194383,0.49654599099794305
Station 2,111120.0,5205.272755078489,-2.856640045254794,0.504692191275689
Station 2,111130.0,5176.816772042271,-2.8344800027813113,0.5128742366482762
Station 2,111140.0,5148.584694911931,-2.811857876582116,0.5210914183905494
Station 2,111150.0,5120.581173970776,-2.788767794942597,0.5293429560994338
Station 2,111160.0,5092.810917996822,-2.7652039374778545,0.537627993730759
Station 2,111170.0,5065.278693579959,-2.741160545223542,0.5459455954488392
Station 2,111180.0,5037.989324480014,-2.7166319311752476,0.554294741315113
Station 2,111190.0,5010.94769102072,-2.69161249131444,0.5626743228069403
Station 2,111200.0,4984.158729095484,-2.666096716283496,0.5710831381200142
Station 2,111210.0,4957.627429162465,-2.640079203549945,0.579519887292993
Station 2,111220.0,4931.3588351152475,-2.6135546701143806,0.587983167138395
Station 2,111230.0,4905.358043023293,-2.5865179657627917,0.5964714659772441
Station 2,111240.0,4879.630199736841,-2.5589640868618875,0.6049831581755699
Station 2,111250.0,4854.180501350841,-2.530888190693437,0.6135164984817564
Station 2,111260.0,4829.014191522609,-2.502285610320913,0.6220696161646895
Station 2,111270.0,4804.136559637897,-2.473151869978812,0.630640508953848
Station 2,111280.0,4779.552938820299,-2.443482700971817,0.6392270367838108
Station 2,111290.0,4755.268703778937,-2.4132740580675964,0.6478269153472381
Station 2,111300.0,4731.28926848967,-2.382522136363396,0.6564377094622028
Station 2,111310.0,4707.620083705187,-2.3512233886027207,0.6650568262618372
Station 2,111320.0,4684.266634289686,-2.319374542914373,0.673681508216669
Station 2,111330.0,4661.234436374079,-2.2869726209418184,0.6823088260027633
Station 2,111340.0,4638.529034328048,-2.2540149563264293,0.6909356712319229
Station 2,111350.0,4616.155997545649,-2.220499213503464,0.6995587490637545
Station 2,111360.0,4594.120917041607,-2.186423406764949,0.7081745707234356
Station 2,111370.0,4572.42940185589,-2.151785919538609,0.7167794459535611
Station 2,111380.0,4551.087075264773,-2.116585523827056,0.7253694754335465
Station 2,111390.0,4530.099570797083,-2.0808213997463016,0.7339405432057984
Station 2,111400.0,4509.472528055017,-2.0444931550975616,0.7424883091542324
Station 2,111410.0,4489.21158833961,-2.0076008449011824,0.7510082015877986
Station 2,111420.0,4469.322390081627,-1.9701449908164723,0.7594954099895304
Station 2,111430.0,4449.810564079494,-1.932126600366213,0.7679448780002256
Station 2,111440.0,4430.6817285466595,-1.8935471858798492,0.7763512967153241
Station 2,111450.0,4411.9414839717365,-1.8544087830647284,0.7847090983837689
Station 2,111460.0,4393.595407795617,-1.814713969110409,0.7930124506087287
Station 2,111470.0,4375.649048910798,-1.774465880227087,0.8012552511618866
Station 2,111480.0,4358.107921989112,-1.7336682285155414,0.8094311235355919
Station 2,111490.0,4340.9775016451185,-1.6923253180629083,0.8175334133703435
Station 2,111500.0,4324.263216443498,-1.650442060155924,0.8255551859087682
Station 2,111510.0,4307.97044275982,-1.6080239875013658,0.8334892246411899
Station 2,111520.0,4292.10449850527,-1.5650772673419828,0.8413280313218392
Station 2,111530.0,4276.670636708715,-1.5216087133593876,0.849063827546691
Station 2,111540.0,4261.674038797331,-1.4776257962757922,0.8566885580833173
Station 2,111550.0,4247.119808246066,-1.4331366529162801,0.864193896230839
Station 2,111560.0,4233.012963838076,-1.3881500938080633,0.8715712513616122
Station 2,111570.0,4219.358432850629,-1.342675609112103,0.878811778910192
Station 2,111580.0,4206.161044238786,-1.2967233727852299,0.8859063930510563
Station 2,111590.0,4193.425521786258,-1.2503042448874,0.8928457822969762
Station 2,111600.0,4181.1564772424745,-1.2034297719428046,0.8996204282485468
Station 2,111610.0,4169.3584034657615,-1.1561121852706895,0.9062206277127984
Station 2,111620.0,4158.03566759337,-1.1083643972098653,0.9126365183886478
Station 2,111630.0,4147.192504259737,-1.060199995170168,0.918858108288228
Station 2,111640.0,4136.833008885087,-1.0116332334542313,0.924875309024808
Station 2,111650.0,4126.961131056893,-0.9626790228042406,0.9306779730493624
Station 2,111660.0,4117.58066802718,-0.913352917640317,0.9362559348582201
Station 2,111670.0,4108.695258348902,-0.8636711009701455,0.9415990561234879
Station 2,111680.0,4100.308375674749,-0.8136503669631129,0.9466972746162972
Station 2,111690.0,4092.423322741764,-0.7633081011964519,0.9515406567012059
Station 2,111700.0,4085.0432255649853,-0.7126622585957232,0.9561194530796837
Station 2,111710.0,4078.1710278630353,-0.6617313391071007,0.9604241573537391
Station 2,111720.0,4071.8094857381257,-0.6105343611543191,0.964445566870231
Station 2,111730.0,4065.961162632356,-0.5590908329486504,0.9681748451959129
Station 2,111740.0,4060.6284245813927,-0.5074207217356318,0.9716035854670287
Station 2,111750.0,4055.8134357857402,-0.45554442107746873,0.9747238737601346
Station 2,111760.0,4051.518154518722,-0.403482716284726,0.9775283515478348
Station 2,111770.0,4047.744329389089,-0.3512567481251354,0.9800102762394938
Station 2,111780.0,4044.49349597485,-0.2988879749507295,0.9821635787675473
Station 2,111790.0,4041.766973843386,-0.24639813339701377,0.9839829171690861
Station 2,111800.0,4039.5658639714,-0.19380919781935435,0.9854637251331112
Station 2,111810.0,4037.891046576438,-0.1411433386420068,0.98660225453827
Station 2,111820.0,4036.7431793700334,-0.08842287980407193,0.9873956110942136
Station 2,111830.0,4036.1226962405412,-0.035670255494208436,0.9878417823206155
Station 2,111840.0,4036.0298063718446,0.01709203362822076,0.9879396572480224
Station 2,111850.0,4036.4644938020824,0.06984146452354212,0.9876890373991449
Station 2,111860.0,4037.4265174245243,0.12255553596908197,0.9870906388014163
Station 2,111870.0,4038.915411430638,0.17521181265782976,0.9861460849840767
Station 2,111880.0,4040.9304861933833,0.22778796899373543,0.9848578911174216
Station 2,111890.0,4043.4708295797623,0.2802618323830184,0.9832294396491106
Station 2,111900.0,4046.535308511877,0.33261142587629355,0.9812649479597421
Station 2,111910.0,4050.1225713333483,0.3848150098309921,0.9789694287924098
Station 2,111920.0,4054.231050402649,0.43685112250932717,0.9763486442394171
Station 2,111930.0,4058.858965007424,0.4886986194541167,0.9734090542349746
Station 2,111940.0,4064.004324730914,0.5403367114300172,0.9701577605775955
Station 2,111950.0,4069.6649331895806,0.591745000788807,0.9666024475218852
Station 2,111960.0,4075.8383921254303,0.6429035161168697,0.962751319988905
Station 2,111970.0,4082.522105835294,0.6937927450363618,0.9586130404173999
Station 2,111980.0,4089.713285918016,0.7443936650456828,0.9541966652250112
Station 2,111990.0,4097.408956319469,0.7946877722995453,0.9495115817737589
Station 2,112000.0,4105.605958654424,0.8446571082440874,0.9445674466426278
Station 2,112010.0,4114.30095778347,0.8942842840378482,0.9393741259072588
Station 2,112020.0,4123.490447622625,0.9435525027048857,0.933941638017443
Station 2,112030.0,4133.170757162786,0.9924455789817294,0.9282800997519443
Station 2,112040.0,4143.338056675878,1.0409479568350366,0.9223996756210068
Station 2,112050.0,4153.988364084385,1.0890447246416155,0.9163105309830625
Station 2,112060.0,4165.117551470958,1.1367216280368087,0.9100227890460386
Station 2,112070.0,4176.721351704907,1.1839650804508823,0.9035464918371174
Station 2,112080.0,4188.795365162652,1.2307621713660686,0.8968915651488555
Station 2,112090.0,4201.335066519596,1.2771006723390121,0.8900677874047599
Station 2,112100.0,4214.335811591375,1.3229690408446035,0.8830847623336859
Station 2,112110.0,4227.792844203074,1.3683564220075044,0.8759518952993959
Station 2,112120.0,4241.701303065689,1.413252648296881,0.8686783730985802
Station 2,112130.0,4256.056228639895,1.4576482372681314,0.8612731470166808
Station 2,112140.0,4270.852569968116,1.50153438744254,0.853744918914927
Station 2,112150.0,4286.085191456732,1.5449029724218963,0.8461021301130718
Station 2,112160.0,4301.748879591366,1.5877465333401781,0.8383529528292033
Station 2,112170.0,4317.838349569131,1.6300582697583808,0.8305052839398201
Station 2,112180.0,4334.348251832863,1.6718320291116195,0.8225667408289665
Station 2,112190.0,4351.273178493426,1.7130622948195988,0.8145446591038968
Station 2,112200.0,4368.607669627324,1.75374417317277,0.8064460919655775
Station 2,112210.0,4386.346219437931,1.7938733791066168,0.7982778110347842
Station 2,112220.0,4404.4832822698145,1.833446220976056,0.7900463084479344
Station 2,112230.0,4423.013278466713,1.872459584440595,0.7817578000507366
Station 2,112240.0,4441.930600064841,1.9109109155688302,0.7734182295317868
Station 2,112250.0,4461.2296163142055,1.9487982032686333,0.7650332733521332
Station 2,112260.0,4480.904678883983,1.9861199612383418,0.7566083463218035
Station 2,112270.0,4500.950127086748,2.0228752093296354,0.7481486077490598
Station 2,112280.0,4521.360292973278,2.0590634544708273,0.7396589680428926
Station 2,112290.0,4542.129506010785,2.0946846714573875,0.7311440956338641
Station 2,112300.0,4563.252097667234,2.1297392834846067,0.7226084241729446
Station 2,112310.0,4584.722405799808,2.1642281425633225,0.7140561599225129
Station 2,112320.0,4606.534778846795,2.1981525098953187,0.7054912892752049
Station 2,112330.0,4628.68357982287,2.231514036280064,0.6969175863445363
Station 2,112340.0,4651.163190118493,2.2643147426192076,0.6883386205786601
Station 2,112350.0,4673.968013104733,2.296557000580111,0.6797577643553435
Station 2,112360.0,4697.092477545464,2.328243513474609,0.6711782005222795
Station 2,112370.0,4720.531040819351,2.3593772974041274,0.6626029298522453
Station 2,112380.0,4744.278191954608,2.3899616627173295,0.6540347783874209
Station 2,112390.0,4768.328454479879,2.420000195821653,0.6454764046514527
Station 2,112400.0,4792.676389095021,2.449496741385463,0.6369303067116084
Station 2,112410.0,4817.316596165905,2.478455384963028,0.6283988290767069
Station 2,112420.0,4842.243718047637,2.506880436070268,0.6198841694194154
Station 2,112430.0,4867.452441240871,2.5347764117351046,0.6113883851140695
Station 2,112440.0,4892.9374983861135,2.5621480205424008,0.6029133995833966
Station 2,112450.0,4918.69367010107,2.5890001471898203,0.5944610084494651
Station 2,112460.0,4944.715786666244,2.615337837567499,0.5860328854858555
Station 2,112470.0,4970.99872956414,2.6411662843712382,0.5776305883694977
Station 2,112480.0,4997.537432877432,2.666490813256,0.5692555642318594
Station 2,112490.0,5024.326884551582,2.691316869533636,0.5609091550102339
Station 2,112500.0,5051.362127527388,2.7156500054164154,0.5525926026007606
Station 2,112510.0,5078.6382607489295,2.7394958678054815,0.5443070538155955
Station 2,112520.0,5106.150440052378,2.762860186621354,0.536053565147255
Station 2,112530.0,5133.893878941105,2.7857487636716747,0.5278331073437001
Station 2,112540.0,5161.863849252436,2.808167462049724,0.5196465697981505
Station 2,112550.0,5190.055681721339,2.830122196055691,0.5114947647579686
Station 2,112560.0,5218.464766446268,2.8516189216314074,0.5033784313572197
Station 2,112570.0,5247.086553262229,2.8726636272980386,0.49529823947773366
Station 2,112580.0,5275.916552026057,2.893262325585198,0.4872547934436534
Station 2,112590.0,5304.950332818841,2.9134210449392923,0.4792486355545305
Station 2,112600.0,5334.183526070113,2.93314582209781,0.47128024946215946
Station 2,112610.0,5363.611822608488,2.9524426949160594,0.46335006339630375
Station 2,112620.0,5393.230973594399,2.9713176956706455,0.45545845323721695
Station 2,112630.0,5423.0367903169945,2.989776844852451,0.4476057454352853
Station 2,112640.0,5453.025144294175,3.0078261450762005,0.4397922198503277
Station 2,112650.0,5483.191966961721,3.0254715756527233,0.4320181124089606
Station 2,112660.0,5513.533249404201,3.0427190874756764,0.42428361764895767
Station 2,112670.0,5544.0450420491825,3.059574598263051,0.41658889114465186
Station 2,112680.0,5574.723454315108,3.0760439881484682,0.40893405181624354
Station 2,112690.0,5605.564654216325,3.0921330956074216,0.4013191841276891
Station 2,112700.0,5636.564867928582,3.1078477137037286,0.3937443401777159
Station 2,112710.0,5667.7203793181825,3.1231935866416842,0.3862095416883965
Station 2,112720.0,5699.0275294378,3.138176406609643,0.37871478189558255
Station 2,112730.0,5730.482715991854,3.1528018109010434,0.37126002734538016
Station 2,112740.0,5762.0823927742185,3.1670753792991686,0.36384521960070304
Station 2,112750.0,5793.823069080824,3.181002631712321,0.35647027686182586
Station 2,112760.0,5825.701309099682,3.1945890260463674,0.3491350955047168
Station 2,112770.0,5857.713731280657,3.207839956302092,0.3418395515408001
Station 2,112780.0,5889.8570076872165,3.2207607508850478,0.33458350200167797
Station 2,112790.0,5922.127863332243,3.233356671116135,0.3273667862521967
Station 2,112800.0,5954.523075499952,3.245632909931399,0.32018922723513443
Station 2,112810.0,5987.039473055694,3.257594590760089,0.3130506326506489
Station 2,112820.0,6019.673935745509,3.2692467665702925,0.30595079607351017
Station 2,112830.0,6052.42339348698,3.2805944190719964,0.29888949801102077
Station 2,112840.0,6085.284825653064,3.291642458067738,0.29186650690441335
Station 2,112850.0,6118.2552603502145,3.302395720941487,0.28488158007639586
Station 2,112860.0,6151.33177369231,3.3128589722767394,0.27793446462741395
Station 2,112870.0,6184.511489071535,3.32303690359527,0.2710248982830848
Station 2,112880.0,6217.791576427491,3.3329341332082905,0.2641526101951572
Station 2,112890.0,6251.169251515594,3.3425552061722508,0.25731732169825355
Station 2,112900.0,6284.641775175819,3.3519045943417614,0.25051874702454996
Station 2,112910.0,6318.20645260273,3.360986696512618,0.2437565939784545
Station 2,112920.0,6351.8606326177,3.3698058386481344,0.23703056457326205
Station 2,112930.0,6385.601706944061,3.378366274182394,0.23034035563167213
Station 2,112940.0,6419.427109486125,3.386672184394414,0.2236856593519527
Station 2,112950.0,6453.334315612526,3.394727678847372,0.2170661638415019
Station 2,112960.0,6487.320841444692,3.402536795887543,0.21048155361942444
Station 2,112970.0,6521.384243150977,3.4101035031977567,0.20393151008969806
Station 2,112980.0,6555.522116246651,3.4174316984007724,0.19741571198638774
Station 2,112990.0,6589.732094768007,3.4245252098106342,0.19093383577334094
Station 2,113000.0,6624.01185067025,3.4313877970685938,0.1844855560479307
Station 2,113010.0,6658.3590932388715,3.4380231517947983,0.17807054592450539
Station 1,115560.0,6666.689724411251,-3.597822636717524,0.17615070334186683
Station 1,115570.0,6630.736048984691,-3.592878777439396,0.18285237958809958
Station 1,115580.0,6594.832827694988,-3.5877312415871763,0.18959473697963874
Station 1,115590.0,6558.982114773203,-3.582376509874369,0.19637835639658088
Station 1,115600.0,6523.186000100123,-3.5768109869336135,0.2032038263925286
Station 1,115610.0,6487.4466098903695,-3.5710309999243903,0.2100717431715199
Station 1,115620.0,6451.766107476255,-3.565032797097656,0.21698271056438095
Station 1,115630.0,6416.146694105679,-3.558812546362777,0.22393733999432033
Station 1,115640.0,6380.590609754015,-3.5523663338595,0.23093625043095894
Station 1,115650.0,6345.100133949994,-3.545690162537896,0.2379800683319369
Station 1,115660.0,6309.67758661544,-3.538779950749525,0.24506942757118452
Station 1,115670.0,6274.3253289188,-3.5316315308532835,0.2522049693528957
Station 1,115680.0,6239.04576414227,-3.52424064783972,0.2593873421101768
Station 1,115690.0,6203.841338562455,-3.516602957977918,0.2666172013872662
Station 1,115700.0,6168.714542344088,-3.508714027489292,0.2738952097042172
Station 1,115710.0,6133.66791044684,-3.5005693312531223,0.28122203640275667
Station 1,115720.0,6098.7040235447175,-3.4921642515488642,0.28859835747206897
Station 1,115730.0,6063.825508957703,-3.483494076840777,0.29602485535311185
Station 1,115740.0,6029.0350415952735,-3.4745540006107087,0.3035022187200083
Station 1,115750.0,5994.335344911248,-3.4653391202454076,0.31103114223697115
Station 1,115760.0,5959.729191869475,-3.4558444359850697,0.318612326289124
Station 1,115770.0,5925.219405919695,-3.446064849940406,0.3262464766854835
Station 1,115780.0,5890.80886198293,-3.4359951651858918,0.3339343043322733
Station 1,115790.0,5856.500487445612,-3.4256300849374917,0.3416765248746199
Station 1,115800.0,5822.29726316159,-3.414964211823595,0.34947385830457917
Station 1,115810.0,5788.202224461118,-3.40399204725853,0.3573270285333121
Station 1,115820.0,5754.218462165731,-3.3927079909285633,0.3652367629251106
Station 1,115830.0,5720.349123607933,-3.381106340400933,0.37320379179082597
Station 1,115840.0,5686.597413654402,-3.369181290867098,0.3812288478381311
Station 1,115850.0,5652.9665957313955,-3.3569269350320043,0.3893126655758753
Station 1,115860.0,5619.459992850851,-3.344337263161932,0.397455980669647
Station 1,115870.0,5586.080988635602,-3.331406163304086,0.4056595292454868
Station 1,115880.0,5552.83302834194,-3.3181274216919188,0.4139240471385153
Station 1,115890.0,5519.719619877672,-3.304494723350835,0.4222502690830526
Station 1,115900.0,5486.744334813621,-3.290501652919744,0.4306389278406049
Station 1,115910.0,5453.910809386394,-3.2761416957046796,0.4390907532618868
Station 1,115920.0,5421.222745490036,-3.2614082389815073,0.4476064712788156
Station 1,115930.0,5388.683911654093,-3.2462945735654984,0.4561868028221867
Station 1,115940.0,5356.298143927286,-3.2307938957060234,0.4648324626518792
Station 1,115950.0,5324.0693467322035,-3.214899309281364,0.47354415810408007
Station 1,115960.0,5292.001494018129,-3.198603828163993,0.4823225877835685
Station 1,115970.0,5260.09863003199,-3.1819003791185687,0.4911684401214873
Station 1,115980.0,5228.364870170523,-3.1647818050038445,0.5000823918467684
Station 1,115990.0,5196.804401803551,-3.1472408683624677,0.5090651063520536
Station 1,116000.0,5165.421485058994,-3.129270255424743,0.5181172319470314
Station 1,116010.0,5134.220453565386,-3.1108625805502537,0.5272393999923288
Station 1,116020.0,5103.205715147398,-3.0920103911318675,0.5364322229066621
Station 1,116030.0,5072.381752469609,-3.0727061729872807,0.5456962920394849
Station 1,116040.0,5041.753123623661,-3.0529423562637525,0.5550321754008285
Station 1,116050.0,5011.324462653311,-3.032711321882051,0.5644404152395802
Station 1,116060.0,4981.100480012183,-3.0120054085461785,0.5739215254606801
Station 1,116070.0,4951.0859629482275,-2.9908169203454658,0.5834759888712313
Station 1,116080.0,4921.285775808953,-2.9691381349758945,0.5931042542447065
Station 1,116090.0,4891.704860261117,-2.9469613126074385,0.6028067331916886
Station 1,116100.0,4862.348235418301,-2.924278705424061,0.6125837968247198
Station 1,116110.0,4833.220997869561,-2.901082567862667,0.6224357722038986
Station 1,116120.0,4804.328321602059,-2.877365167576782,0.6323629385488218
Station 1,116130.0,4775.675457810337,-2.8531187971499516,0.6423655232013268
Station 1,116140.0,4747.267734584658,-2.82833578658295,0.6524436973222139
Station 1,116150.0,4719.110556470593,-2.803008516577579,0.6625975713037209
Station 1,116160.0,4691.209403891838,-2.7771294326383895,0.6728271898779543
Station 1,116170.0,4663.56983242799,-2.750691060011821,0.6831325268997268
Station 1,116180.0,4636.19747193891,-2.723686019480141,0.6935134797802958
Station 1,116190.0,4609.098025527044,-2.696107044025096,0.7039698635463124
Station 1,116200.0,4582.2772683290295,-2.667946996373329,0.7145014044958359
Station 1,116210.0,4555.741046127736,-2.639198887432439,0.7251077334205002
Station 1,116220.0,4529.495273775884,-2.6098558956228537,0.7357883783598482
Station 1,116230.0,4503.545933422286,-2.579911387106712,0.7465427568503334
Station 1,116240.0,4477.89907253184,-2.5493589369103704,0.7573701676275787
Station 1,116250.0,4452.560801690391,-2.518192350932231,0.7682697817360513
Station 1,116260.0,4427.537292185746,-2.486405688822165,0.7792406329952999
Station 1,116270.0,4402.834773356257,-2.453993287712839,0.7902816077662922
Station 1,116280.0,4378.459529698618,-2.4209497867769567,0.8013914339549812
Station 1,116290.0,4354.417897726847,-2.3872701525774582,0.8125686691830919
Station 1,116300.0,4330.716262545212,-2.3529497051832724,0.8238116880451867
Station 1,116310.0,4307.361053998233,-2.3179841450484164,0.8351186683542228
Station 1,116320.0,4284.358743008362,-2.28236958033946,0.8464875763346709
Station 1,116330.0,4261.715837284433,-2.246102555018017,0.857916150574414
Station 1,116340.0,4239.438876791655,-2.2091800774005517,0.8694018846558111
Station 1,116350.0,4217.534428965706,-2.1715996491289027,0.8809420083261419
Station 1,116360.0,4196.009083635033,-2.1333592944735735,0.8925334670512208
Station 1,116370.0,4174.869447648507,-2.0944575898668276,0.9041728997810949
Station 1,116380.0,4154.122139206795,-2.0548936935528808,0.9158566147366122
Station 1,116390.0,4133.7737818967325,-2.014667375232048,0.9275805630036905
Station 1,116400.0,4113.830998429652,-1.9737790455664186,0.939340309697743
Station 1,116410.0,4094.3004040856194,-1.9322297854042518,0.951131002434736
Station 1,116420.0,4075.1885998672315,-1.890021374571178,0.9629473368172758
Station 1,116430.0,4056.5021653681256,-1.8471563200670913,0.9747835186146585
Station 1,116440.0,4038.2476513630286,-1.803637883499154,0.9866332222855214
Station 1,116450.0,4020.4315721278676,-1.7594701075734767,0.9984895454615015
Station 1,116460.0,4003.0603975003396,-1.7146578414611158,1.0103449589816489
Station 1,116470.0,3986.140544693165,-1.6692067648480449,1.0221912520423069
Station 1,116480.0,3969.678369874198,-1.6231234104739483,1.0340194720087896
Station 1,116490.0,3953.6801595295415,-1.576415184961251,1.0458198584275649
Station 1,116500.0,3938.1521216278043,-1.529090387733718,1.0575817707864954
Station 1,116510.0,3923.1003766056497,-1.4811582278236786,1.0692936096036734
Station 1,116520.0,3908.5309481968097,-1.4326288383682264,1.080942730492756
Station 1,116530.0,3894.4497541286837,-1.38351328859811,1.092515350967843
Station 1,116540.0,3880.8625967126154,-1.3338235931282822,1.1039964499312407
Station 1,116550.0,3867.775153355794,-1.2835727183665162,1.1153696600549938
Station 1,116560.0,3855.1929670245313,-1.2327745858660584,1.1266171536492162
Station 1,116570.0,3843.121436690331,-1.1814440724601392,1.1377195231404211
Station 1,116580.0,3831.565807791746,-1.1295970070301826,1.1486556580001583
Station 1,116590.0,3820.5311627463725,-1.0772501637759166,1.1594026209120305
Station 1,116600.0,3810.022411548631,-1.0244212518739921,1.1699355271888061
Station 1,116610.0,3800.044282489928,-0.9711289014323927,1.180227432992441
Station 1,116620.0,3790.6013130386814,-0.9173926456704147,1.190249239796277
Station 1,116630.0,3781.697840918218,-0.863232899278453,1.1999696247602276
Station 1,116640.0,3773.337995420913,-0.8086709329378229,1.209355009215901
Station 1,116650.0,3765.525688996974,-0.7537288440082948,1.2183695801503283
Station 1,116660.0,3758.264609148743,-0.6984295234199674,1.2269753821910072
Station 1,116670.0,3751.558210481282,-0.6427966188351255,1.2351324997321897
Station 1,116680.0,3745.409707545962,-0.5868544941399835,1.2427993499888064
Station 1,116690.0,3739.8220679149667,-0.5306281854696819,1.2499331070307331
Station 1,116700.0,3734.7980056261576,-0.474143353868018,1.2564902735748251
Station 1,116710.0,3730.33997518665,-0.4174262347694009,1.2624274104842235
Station 1,116720.0,3726.4501660960946,-0.3605035845231951,1.26770202295502
Station 1,116730.0,3723.1304979181054,-0.3034026242001907,1.272273587204885
Station 1,116740.0,3720.382615925682,-0.24615098094563093,1.2761046829253024
Station 1,116750.0,3718.2078873438336,-0.18877662716713406,1.2791621768150623
Station 1,116760.0,3716.6073982095263,-0.1313078178656676,1.2814183843485072
Station 1,116770.0,3715.581950865934,-0.07377302643608608,1.282852124492827
Station 1,116780.0,3715.132062104649,-0.01620087927852898,1.2834495792305067
Station 1,116790.0,3715.2579619660364,0.041379910426380784,1.2832048790600052
Station 1,116800.0,3715.9595932042953,0.09894060941734661,1.2821203573740374
Station 1,116810.0,3717.2366114202396,0.15645253116134072,1.280206448086632
Station 1,116820.0,3719.088385861061,0.21388710240465614,1.27748123691187
Station 1,116830.0,3721.5140008827284,0.27121592910171133,1.2739697108625243
Station 1,116840.0,3724.512258067044,0.3284108613632525,1.269702776922039
Station 1,116850.0,3728.0816789818336,0.38544405707533214,1.264716135603083
Station 1,116860.0,3732.2205085693486,0.44228804385337706,1.2590490972535973
Station 1,116870.0,3736.9267191446443,0.49891577901183026,1.252743420205067
Station 1,116880.0,3742.1980149826313,0.5553007072488492,1.245842233643615
Station 1,116890.0,3748.0318374695476,0.6114168157672194,1.2383890884589703
Station 1,116900.0,3754.4253707920107,0.6672386865766319,1.230427159867256
Station 1,116910.0,3761.375548134275,0.722741545748335,1.221998608826519
Station 1,116920.0,3768.8790583522728,0.7779013094207257,1.2131440964717044
Station 1,116930.0,3776.9323530910683,0.8326946263831081,1.2039024372571354
Station 1,116940.0,3785.5316543108015,0.8870989170944358,1.194310371775169
Station 1,116950.0,3794.6729621849277,0.9410924090237507,1.184402438525885
Station 1,116960.0,3804.3520633335324,0.994654168229116,1.1742109243587349
Station 1,116970.0,3814.5645393538516,1.0477641271215439,1.1637658750875712
Station 1,116980.0,3825.3057756097237,1.1004031083894827,1.1530951502503217
Station 1,116990.0,3836.5709702415934,1.1525528450875888,1.1422245086792366
Station 1,117000.0,3848.35514335885,1.2041959969203437,1.1311777141647814
Station 1,117010.0,3860.653146376727,1.2553161627764797,1.1199766528626263
Station 1,117020.0,3873.459671458094,1.3058978895951232,1.1086414561284634
Station 1,117030.0,3886.76926085195,1.3559266777576906,1.0971906241353857
Station 1,117040.0,3900.5763165950084,1.4053889828850061,1.0856411470421525
Station 1,117050.0,3914.875110122638,1.454272214340762,1.0740086214664928
Station 1,117060.0,3929.6597917064532,1.5025647306651364,1.062307360848407
Station 1,117070.0,3944.924399913463,1.5502558319854294,1.0505504989242942
Station 1,117080.0,3960.6628709746283,1.597335749618992,1.038750085946034
Station 1,117090.0,3976.869048035648,1.6437956330549601,1.02691717759881
Station 1,117100.0,3993.536690264828,1.6896275345085654,1.0150619167859778
Station 1,117110.0,4010.6594817947566,1.7348243912457986,1.0031936085899682
Station 1,117120.0,4028.231040476547,1.779380005878848,0.9913207888041836
Station 1,117130.0,4046.2449264273914,1.8232890248333176,0.9794512864771363
Station 1,117140.0,4064.694650354208,1.866546915187173,0.9675922809282209
Station 1,117150.0,4083.5736816381273,1.9091499400787204,0.9557503536931622
Station 1,117160.0,4102.875456166506,1.9510951328768786,0.9439315358428517
Station 1,117170.0,4122.593383901112,1.9923802703017142,0.9321413510967038
Station 1,117180.0,4142.720856172918,2.033003844676729,0.920384855124279
Station 1,117190.0,4163.251252695749,2.0729650354872216,0.9086666713991901
Station 1,117200.0,4184.17794829273,2.112263680410711,0.8969910239389027
Station 1,117210.0,4205.494319331079,2.150900245976831,0.8853617672341685
Station 1,117220.0,4227.193749862337,2.1888757980047444,0.8737824136431308
Station 1,117230.0,4249.269637466553,2.226191971956574,0.8622561584982293
Station 1,117240.0,4271.715398800257,2.2628509433354607,0.8507859031489726
Station 1,117250.0,4294.524474849317,2.2988553982469564,0.8393742761407041
Station 1,117260.0,4317.690335888899,2.3342085042323557,0.8280236527085717
Station 1,117270.0,4341.206486153772,2.368913881472837,0.8167361727469652
Station 1,117280.0,4365.066468223157,2.4029755744533743,0.8055137573976923
Station 1,117290.0,4389.263867125149,2.4363980241659697,0.7943581243848494
Station 1,117300.0,4413.792314166484,2.4691860409224895,0.7832708022107335
Station 1,117310.0,4438.6454904940965,2.5013447778385296,0.7722531433149583
Station 1,117320.0,4463.817130395445,2.5328797050412604,0.7613063362881295
Station 1,117330.0,4489.301024345126,2.5637965846460653,0.7504314172218234
Station 1,117340.0,4515.091021805657,2.594101446539288,0.7396292802680831
Station 1,117350.0,4541.181033790631,2.623800564997128,0.7289006874741129
Station 1,117360.0,4567.565035198816,2.652900436164112,0.7182462779511238
Station 1,117370.0,4594.237066927792,2.6814077564083645,0.7076665764303864
Station 1,117380.0,4621.1912377760555,2.7093294015651255,0.6971620012542787
Station 1,117390.0,4648.421726038367,2.7366724071574975,0.6867328718309456
Station 1,117400.0,4675.922780996514,2.7634439494575065,0.6763794156159407
Station 1,117410.0,4703.688724430023,2.789651327261933,0.6661017746775412
Station 1,117420.0,4731.713951639675,2.815301944797846,0.6559000118039199
Station 1,117430.0,4759.992932421447,2.8404032954204994,0.645774116238873
Station 1,117440.0,4788.520211882314,2.8649629461739323,0.6357240090580331
Station 1,117450.0,4817.290411105439,2.888988523199449,0.6257495482096951
Station 1,117460.0,4846.298227673149,2.91248769797367,0.6158505332425674
Station 1,117470.0,4875.5384360559265,2.935468174355876,0.6060267097409262
Station 1,117480.0,4905.005887875453,2.9579376764227003,0.5962777734859991
Station 1,117490.0,4934.695512049527,2.9799039370668345,0.5866033743609493
Station 1,117500.0,4964.602314826404,3.001374687335228,0.5770031200154995
Station 1,117510.0,4994.7213797158865,3.022357646481424,0.5674765793050488
Station 1,117520.0,5025.047867324195,3.04286051270602,0.5580232855180589
Station 1,117530.0,5055.577015099455,3.0628909545587257,0.548642739404503
Station 1,117540.0,5086.304136994271,3.0824566029752942,0.5393344120172967
Station 1,117550.0,5117.2246230517,3.1015650439224536,0.5300977473778127
Station 1,117560.0,5148.333938920571,3.1202238116240055,0.5209321649758507
Station 1,117570.0,5179.627625305859,3.1384403823414653,0.5118370621137593
Station 1,117580.0,5211.10129735961,3.156222168682856,0.5028118161037881
Station 1,117590.0,5242.750644017559,3.173576514413723,0.4938557863271802
Station 1,117600.0,5274.571427286397,3.190510689744823,0.4849683161629946
Station 1,117610.0,5306.5594814863125,3.207031887071608,0.47614873479415715
Station 1,117620.0,5338.710712453322,3.2231472171411073,0.467396358897799
Station 1,117630.0,5371.021096705482,3.2388637056225726,0.4587104942265202
Station 1,117640.0,5403.486680576967,3.25418829005893,0.45009043708683455
Station 1,117650.0,5436.103579323763,3.269127817176778,0.44153547572068225
Station 1,117660.0,5468.867976204423,3.283689040533511,0.43304489159557524
Station 1,117670.0,5501.776121539214,3.2978786184808704,0.42461796060861084
Station 1,117680.0,5534.824331750716,3.3117031124250333,0.41625395420930666
Station 1,117690.0,5568.008988388791,3.3251689853641726,0.4079521404459272
Station 1,117700.0,5601.326537142557,3.3382826006852024,0.3997117849397156
Station 1,117710.0,5634.773486841971,3.3510502212022066,0.39153215179119955
Station 1,117720.0,5668.346408451298,3.3634780084198805,0.3834125044225143
Station 1,117730.0,5702.041934056669,3.375572022006051,0.37535210635946364
Station 1,117740.0,5735.85675584976,3.387338219458144,0.3673502219568405
Station 1,117750.0,5769.787625086445,3.3987824559676114,0.35940611706700604
Station 1,117760.0,5803.831350907582,3.4099104845672272,0.35151905963706126
Station 1,117770.0,5837.984799561162,3.420727956110637,0.34368832031674196
Station 1,117780.0,5872.244893315614,3.4312404196284962,0.3359131729790969
Station 1,117790.0,5906.608609415313,3.441453322792656,0.32819289520317624
Station 1,117800.0,5941.072979072351,3.4513720124748586,0.3205267687216893
Station 1,117810.0,5975.6350864639035,3.4610017354141105,0.3129140798315768
Station 1,117820.0,6010.292067736326,3.4703476389830183,0.3053541197697484
Station 1,117830.0,6045.041110016911,3.479414772044005,0.2978461850560969
Station 1,117840.0,6079.879450434272,3.4882080858867743,0.29038957780580227
Station 1,117850.0,6114.804375148102,3.496732435239026,0.28298360601281236
Station 1,117860.0,6149.813218389131,3.5049925793428214,0.27562758380629737
Station 1,117870.0,6184.903361509866,3.5129931830895718,0.2683208316817644
Station 1,117880.0,6220.072232046763,3.5207388182069983,0.2610626767084335
Station 1,117890.0,6255.317302794343,3.5282339644919105,0.25385245271438434
Station 1,117900.0,6290.636090891697,3.5354830110830298,0.24668950045089708
Station 1,117910.0,6326.026156921863,3.5424902577684647,0.23957316773733583
Station 1,117920.0,6361.485104024341,3.5492599163228746,0.2325028095878432
Station 1,117930.0,6397.010577021135,3.5557961118696273,0.22547778832104667
Station 1,117940.0,6432.600261556548,3.5621028842636644,0.2184974736539068
Station 1,117950.0,6468.251883250937,3.568184189491059,0.21156124278077315
Station 1,117960.0,6503.963206868661,3.5740439010815686,0.20466848043865896
Station 1,117970.0,6539.732035500301,3.5796858115307337,0.19781857895967714
Station 1,117980.0,6575.556209759328,3.585113633728407,0.19101093831153773
Station 1,117990.0,6611.433606993217,3.590331002390751,0.18424496612694588
Station 1,118000.0,6647.362140509146,3.595341475493065,0.1775200777226943
Station 3,118960.0,6652.231288086027,-3.6104808865435434,0.1761346892610331
Station 3,118970.0,6616.1493373200565,-3.6058769823649364,0.18286872968694973
Station 3,118980.0,6580.114399439105,-3.6010777509150764,0.18964475475091053
Station 3,118990.0,6544.1284445093,-3.5960798216023306,0.19646339614434427
Station 3,119000.0,6508.193476676499,-3.590879749222869,0.20332529535559654
Station 3,119010.0,6472.311534919651,-3.585474012457242,0.21023110375387602
Station 3,119020.0,6436.484693819074,-3.5798590123590452,0.21718148266814705
Station 3,119030.0,6400.7150643397945,-3.5740310708376923,0.22417710346047326
Station 3,119040.0,6365.00479462994,-3.5679864291375254,0.23121864759328833
Station 3,119050.0,6329.356070834378,-3.5617212463156767,0.23830680669003163
Station 3,119060.0,6293.771117923499,-3.5552315977213738,0.2454422825885511
Station 3,119070.0,6258.252200537233,-3.5485134734796002,0.2526257873866409
Station 3,119080.0,6222.801623844242,-3.5415627769822557,0.25985804347904207
Station 3,119090.0,6187.421734416273,-3.5343753233903312,0.26713978358519114
Station 3,119100.0,6152.114921117517,-3.526946838150787,0.2744717507669593
Station 3,119110.0,6116.88361600892,-3.51927295553226,0.28185469843557737
Station 3,119120.0,6081.730295267232,-3.5113492171839673,0.2892893903469001
Station 3,119130.0,6046.657480118597,-3.50317107072258,0.296776600584106
Station 3,119140.0,6011.667737786415,-3.4947338683522085,0.30431711352688223
Station 3,119150.0,5976.76368245326,-3.4860328655230517,0.311911723806068
Station 3,119160.0,5941.947976236213,-3.477063219634596,0.31956123624274196
Station 3,119170.0,5907.223330175558,-3.4678199887898846,0.327266465770558
Station 3,119180.0,5872.592505236065,-3.4582981306076173,0.3350282373401926
Station 3,119190.0,5838.058313320411,-3.4484925010995244,0.3428473858046329
Station 3,119200.0,5803.623618294068,-3.4383978536208524,0.3507247557839788
Station 3,119210.0,5769.291337020964,-3.428008837902425,0.3586612015083747
Station 3,119220.0,5735.064440409078,-3.417319999173276,0.36665758663759784
Station 3,119230.0,5700.945954465102,-3.406325777383442,0.3747147840557582
Station 3,119240.0,5666.9389613564135,-3.3950205065375467,0.38283367563940873
Station 3,119250.0,5633.04660029015,-3.3833984142418947,0.3910151519774599
Station 3,119260.0,5599.272068699695,-3.371453621224292,0.39926011209541123
Station 3,119270.0,5565.618623446217,-3.3591801410111897,0.40756946314552905
Station 3,119280.0,5532.089581784897,-3.3465718798759725,0.4159441200385941
Station 3,119290.0,5498.688322439524,-3.3336226369017212,0.4243850050519908
Station 3,119300.0,5465.418286675169,-3.320326104230671,0.43289304739961965
Station 3,119310.0,5432.282979367059,-3.3066758675155956,0.44146918276138075
Station 3,119320.0,5399.285970063543,-3.2926654065891974,0.4501143527698688
Station 3,119330.0,5366.430894040911,-3.2782880963684433,0.45882950445181153
Station 3,119340.0,5333.721453347636,-3.263537208011609,0.46761558962168265
Station 3,119350.0,5301.161417835463,-3.2484059103466674,0.47647356422479314
Station 3,119360.0,5268.754626174535,-3.2328872715905743,0.48540438762705973
Station 3,119370.0,5236.5049868495635,-3.2169742613798356,0.49440902184852575
Station 3,119380.0,5204.4164791339,-3.2006597531336674,0.5034884307375845
Station 3,119390.0,5172.493154038037,-3.1839365267719155,0.5126435790827302
Station 3,119400.0,5140.739135228945,-3.166797271810802,0.5218754316585333
Station 3,119410.0,5109.158619916371,-3.149234590860393,0.5311849522023983
Station 3,119420.0,5077.755879702,-3.1312410035485247,0.540573102318528
Station 3,119430.0,5046.5352613871,-3.112808950896729,0.5500408403053733
Station 3,119440.0,5015.501187734064,-3.093930800174423,0.5595891199027011
Station 3,119450.0,4984.658158176961,-3.074598850258376,0.569218888954257
Station 3,119460.0,4954.010749475922,-3.054805337525043,0.5789310879818441
Station 3,119470.0,4923.563616309998,-3.034542442303937,0.5887266486664707
Station 3,119480.0,4893.32149180268,-3.0138022959207076,0.5986064922320382
Station 3,119490.0,4863.289187974246,-2.992576988358887,0.6085715277268462
Station 3,119500.0,4833.471596114381,-2.9708585765694577,0.618622650198065
Station 3,119510.0,4803.873687068822,-2.9486390934576945,0.6287607387539584
Station 3,119520.0,4774.500511432907,-2.9259105575763695,0.6389866545085855
Station 3,119530.0,4745.357199644969,-2.9026649835543785,0.6493012384033353
Station 3,119540.0,4716.4489619721335,-2.87889439328928,0.6597053088994198
Station 3,119550.0,4687.781088380747,-2.854590827931593,0.6701996595351323
Station 3,119560.0,4659.358948283485,-2.829746360687795,0.6807850563413221
Station 3,119570.0,4631.187990154839,-2.8043531104677113,0.691462235108149
Station 3,119580.0,4603.273741006489,-2.7784032564005283,0.7022318984957272
Station 3,119590.0,4575.621805713805,-2.7518890532418503,0.7130947129807448
Station 3,119600.0,4548.237866184516,-2.724802847692028,0.7240513056305435
Station 3,119610.0,4521.127680347914,-2.697137095649206,0.7351022606942483
Station 3,119620.0,4494.297080763172,-2.6688843804919906,0.7462481159838971
Station 3,119630.0,4467.751973500353,-2.640037432101551,0.757489359097761
Station 3,119640.0,4441.49833656653,-2.6105891469862494,0.7688264234000384
Station 3,119650.0,4415.542218076074,-2.580532609383492,0.7802596837693659
Station 3,119660.0,4389.889734266311,-2.54986111329578,0.791789452109968
Station 3,119670.0,4364.547067287648,-2.518568185484156,0.8034159726021727
Station 3,119680.0,4339.520462758684,-2.486647609406274,0.8151394166729699
Station 3,119690.0,4314.816227076933,-2.4540934500800486,0.826959877664536
Station 3,119700.0,4290.440724476089,-2.42090007984678,0.8388773651753713
Station 3,119710.0,4266.400373820972,-2.387062205000479,0.8508917990447239
Station 3,119720.0,4242.701645131772,-2.3525748932418447,0.8630030029462631
Station 3,119730.0,4219.351055829559,-2.3174336019071378,0.8752106975512358
Station 3,119740.0,4196.355166695658,-2.2816342069130577,0.8875144932144928
Station 3,119750.0,4173.720577538087,-2.2451730323492947,0.8999138821284769
Station 3,119760.0,4151.453922558991,-2.208046880640617,0.9124082298802699
Station 3,119770.0,4129.5618654178425,-2.170253063190018,0.9249967663347006
Station 3,119780.0,4108.0510939861415,-2.1317894314039143,0.937678575751854
Station 3,119790.0,4086.9283147903393,-2.092654407989546,0.9504525860295232
Station 3,119800.0,4066.20024714093,-2.052847018403747,0.963317556939507
Station 3,119810.0,4045.873616946881,-2.0123669223211835,0.9762720672002567
Station 3,119820.0,4025.9551502159406,-1.9712144449792042,0.9893145001960922
Station 3,119830.0,4006.451566242874,-1.9293906082454813,1.0024430281137102
Station 3,119840.0,3987.3695704893066,-1.8868971612443008,1.0156555942180197
Station 3,119850.0,3968.7158471603548,-1.8437366103668362,1.0289498929295755
Station 3,119860.0,3950.4970514853485,-1.7999122484818146,1.042323347291529
Station 3,119870.0,3932.719801711526,-1.7554281831536978,1.0557730833222254
Station 3,119880.0,3915.3906708217055,-1.7102893636679706,1.0692959006348093
Station 3,119890.0,3898.516177988929,-1.6645016066563643,1.0828882385618914
Station 3,119900.0,3882.1027797832166,-1.618071620109371,1.096546136843257
Station 3,119910.0,3866.156861147647,-1.5710070255595425,1.1102651897076332
Station 3,119920.0,3850.684726163218,-1.5233163782166566,1.1240404918920257
Station 3,119930.0,3835.6925886241133,-1.4750091848354256,1.1378665747766077
Station 3,119940.0,3821.186562447161,-1.4260959190978957,1.1517373303462026
Station 3,119950.0,3807.17265194148,-1.3765880342962566,1.165645920090566
Station 3,119960.0,3793.656741966369,-1.3264979731077222,1.1795846651844526
Station 3,119970.0,3780.644588007585,-1.2758391742613298,1.193544913291547
Station 3,119980.0,3768.1418061068352,-1.2246260759189536,1.2075168760399528
Station 3,119990.0,3756.1538627726623,-1.172874115560358,1.2214894295465053
Station 3,120000.0,3744.68606529687,-1.1205997262012972,1.2354498681805515
Station 3,120010.0,3733.743551690015,-1.0678203289015205,1.2493835988695932
Station 3,120020.0,3723.331280851385,-1.0145543213411745,1.2632737596056387
Station 3,120030.0,3713.454022878982,-0.9608210623979461,1.2771007410025035
Station 3,120040.0,3704.11634955362,-0.9066408526523151,1.290841583668761
Station 3,120050.0,3695.3226250381044,-0.8520349107745196,1.3044692165473757
Station 3,120060.0,3687.0769968328395,-0.797025345775842,1.3179514921989415
Station 3,120070.0,3679.383387029188,-0.7416351251374433,1.331249964677099
Station 3,120080.0,3672.245483901654,-0.6858880388617655,1.3443183455814824
Station 3,120090.0,3665.666733879331,-0.6298086595242122,1.3571005676130619
Station 3,120100.0,3659.650333936114,-0.5734222984359875,1.369528390183034
Station 3,120110.0,3654.1992244379294,-0.5167549580622537,1.3815185136199097
Station 3,120120.0,3649.3160824835822,-0.4598332808727341,1.3929692553000126
Station 3,120130.0,3645.0033157739463,-0.40268449483402,1.4037570289923875
Station 3,120140.0,3641.263057041929,-0.3453363557838951,1.413733222772921
Station 3,120150.0,3638.097159073118,-0.2878170869572625,1.4227226516947502
Station 3,120160.0,3635.5071903441676,-0.2301553159605898,1.4305255445993923
Station 3,120170.0,3633.494431302917,-0.17238000951648713,1.4369257246534637
Station 3,120180.0,3632.0598713108543,-0.11452040632231109,1.4417074987501617
Station 3,120190.0,3631.2042062650585,-0.05660594838474442,1.4446816333630341
Station 3,120200.0,3630.9278369130066,0.0013337887913053015,1.445716142508367
Station 3,120210.0,3631.2308678698387,0.05926916677056149,1.4447623715463742
Station 3,120220.0,3632.1131073436654,0.11717055511479779,1.4418655970977594
Station 3,120230.0,3633.5740675706015,0.17500840226909153,1.4371551704848078
Station 3,120240.0,3635.6129659571097,0.23275330600657063,1.430818836549874
Station 3,120250.0,3638.2287269233198,0.29037608303581197,1.423071918639474
Station 3,120260.0,3641.4199844370273,0.34784783738343206,1.4141310408980026
Station 3,120270.0,3645.1850852242605,0.40514002717683806,1.4041968754080418
Station 3,120280.0,3649.5220926386637,0.46222452946803216,1.3934456701965168
Station 3,120290.0,3654.4287911683787,0.5190737027588205,1.3820270798773575
Station 3,120300.0,3659.9026915559034,0.5756604469103267,1.3700656219282452
Station 3,120310.0,3665.941036503256,0.6319582601450023,1.3576637672798648
Station 3,120320.0,3672.5408069320933,0.6879412928770571,1.3449054618546044
Station 3,120330.0,3679.698728765837,0.7435843981369215,1.3318594658668554
Station 3,120340.0,3687.411280173974,0.7988631783979685,1.3185822595916479
Station 3,120350.0,3695.674699084753,0.8537540287210549,1.3051204573646646
Station 3,120360.0,3704.4849916020034,0.9082341757611219,1.2915127613038262
Station 3,120370.0,3713.8379404337825,0.962281712885854,1.277791519611769
Station 3,120380.0,3723.7291136787353,1.0158756312078148,1.263983960280557
Station 3,120390.0,3734.1538739442362,1.068995846468329,1.2501131649959374
Station 3,120400.0,3745.107387712139,1.1216232217835609,1.236198838021737
Station 3,120410.0,3756.5846349108883,1.173739586276144,1.2222579144865364
Station 3,120420.0,3768.580418653141,1.2253277496444939,1.2083050432593008
Station 3,120430.0,3781.08937509867,1.2763715127487498,1.1943529719218937
Station 3,120440.0,3794.1059834032712,1.3268556743171578,1.1804128551959319
Station 3,120450.0,3807.624575715536,1.3767660338992114,1.1664945033579224
Station 3,120460.0,3821.639347184711,1.4260893912120995,1.1526065834384367
Station 3,120470.0,3836.144365944438,1.4748135420446848,1.1387567831220418
Station 3,120480.0,3851.133583038885,1.5229272708984767,1.1249519450531729
Station 3,120490.0,3866.6008422596165,1.5704203405577393,1.1111981775546602
Station 3,120500.0,3882.5398898635804,1.6172834787910153,1.0975009464594236
Station 3,120510.0,3898.9443841445623,1.6635083623941704,1.0838651517487612
Station 3,120520.0,3915.8079048327045,1.7090875987904146,1.0702951919116652
Station 3,120530.0,3933.123962298707,1.7540147054058093,1.056795018334899
Station 3,120540.0,3950.8860065417307,1.7982840870402732,1.043368181561969
Station 3,120550.0,3969.087435941955,1.8418910114524734,1.0300178708903305
Station 3,120560.0,3987.7216057611413,1.8848315833750466,1.0167469484857974
Station 3,120570.0,4006.7818363765773,1.9271027171719015,1.0035579789641962
Station 3,120580.0,4026.261421235892,1.9687021083437488,0.9904532552086102
Station 3,120590.0,4046.153634522255,2.0096282040810585,0.9774348210459591
Station 3,120600.0,4066.4517385214363,2.049880173055555,0.9645044912910399
Station 3,120610.0,4087.1489906840525,2.089457874632488,0.951663869573386
Station 3,120620.0,4108.2386503780945,2.128361827676189,0.9389143642875469
Station 3,120630.0,4129.713985328531,2.166593179111237,0.926257202947028
Station 3,120640.0,4151.568277742308,2.2041536723909196,0.9136934451730868
Station 3,120650.0,4173.794830118566,2.241045616013716,0.9012239945097874
Station 3,120660.0,4196.386970745214,2.2772718522175768,0.8888496092241513
Station 3,120670.0,4219.338058884268,2.3128357259705954,0.8765709122236817
Station 3,120680.0,4242.641489649445,2.3477410543657946,0.8643884002017023
Station 3,120690.0,4266.290698580593,2.3819920965168735,0.8523024521030216
Station 3,120700.0,4290.279165917407,2.4155935240437265,0.8403133369872872
Station 3,120710.0,4314.600420415682,2.4485503923649006,0.8284212213326037
Station 3,120720.0,4339.248043200316,2.4808681124641545,0.8166261758995642
Station 3,120730.0,4364.2156712340475,2.512552423506869,0.8049281821515557
Station 3,120740.0,4389.49700039375,2.5436093664051156,0.7933271382629077
Station 3,120750.0,4415.085788361907,2.574045258198529,0.7818228647773992
Station 3,120760.0,4440.975857265859,2.6038666673424604,0.7704151099371446
Station 3,120770.0,4467.161096074063,2.633080389927935,0.7591035547075385
Station 3,120780.0,4493.63546275884,2.6616934268511763,0.7478878175205972
Station 3,120790.0,4520.392986235224,2.6897129619441604,0.7367674587562791
Station 3,120800.0,4547.427768085575,2.717146341071962,0.725741984979038
Station 3,120810.0,4574.733984079698,2.744001052197457,0.7148108529449119
Station 3,120820.0,4602.305885500181,2.770284706409205,0.7039734733928265
Station 3,120830.0,4630.137800282563,2.7960050199041775,0.6932292146324152
Station 3,120840.0,4658.224133979901,2.8211697969132232,0.6825774059394908
Station 3,120850.0,4686.559370561095,2.845786913553881,0.6720173407693323
Station 3,120860.0,4715.13807305223,2.86986430259228,0.6615482797971035
Station 3,120870.0,4743.95488402996,2.8934099390933747,0.6511694537940129
Station 3,120880.0,4773.004525975681,2.9164318269366216,0.6408800663472382
Station 3,120890.0,4802.281801499229,2.938937986172629,0.6306792964310102
Station 3,120900.0,4831.781593440199,2.9609364411945074,0.6205663008359675
Station 3,120910.0,4861.498864855091,2.982435209696882,0.6105402164633107
Station 3,120920.0,4891.428658897998,3.0034422923943893,0.6006001624900384
Station 3,120930.0,4921.566098602321,3.0239656634709653,0.5907452424112012
Station 3,120940.0,4951.906386570694,3.044013261730741,0.5809745459648159
Station 3,120950.0,4982.444804580044,3.0635929824212114,0.5712871509448451
Station 3,120960.0,5013.176713108343,3.0827126696992346,0.5616821249073906
Station 3,120970.0,5044.097550789409,3.101380109710597,0.5521585267750526
Station 3,120980.0,5075.202833801709,3.119603024254072,0.5427154083441821
Station 3,120990.0,5106.488155196941,3.137389065001346,0.533351815699592
Station 3,121000.0,5137.949184173791,3.1547458082446003,0.5240667905410786
Station 3,121010.0,5169.58166530203,3.1716807501441555,0.5148593714259737
Station 3,121020.0,5201.381417701838,3.188201302449221,0.505728594931751
Station 3,121030.0,5233.344334182948,3.2043147886654912,0.4966734967425801
Station 3,121040.0,5265.466380347981,3.2200284406441195,0.4876931126635519
Station 3,121050.0,5297.743593664052,3.2353493955673818,0.4787864795661755
Station 3,121060.0,5330.172082506507,3.2502846933072043,0.469952636268581
Station 3,121070.0,5362.748025065448,3.264841274235277,0.46119062433602037
Station 3,121080.0,5395.467668378939,3.279025977241404,0.45249948884328584
Station 3,121090.0,5428.327327445505,3.2928455379545287,0.4438782790996337
Station 3,121100.0,5461.323384090007,3.306306587458887,0.43532604928446483
Station 3,121110.0,5494.452285915279,3.3194156511958486,0.4268418590470895
Station 3,121120.0,5527.710545243565,3.3321791481148852,0.4184247740590285
Station 3,121130.0,5561.094738050136,3.344603390056034,0.41007386652141065
Station 3,121140.0,5594.601502891385,3.3566945813470515,0.40178821562993444
Station 3,121150.0,5628.227539829509,3.3684588185993034,0.39356690799974015
Station 3,121160.0,5661.9696093557195,3.3799020906871973,0.3854090380524524
Station 3,121170.0,5695.824531313814,3.39103027889683,0.37731370836753797
Station 3,121180.0,5729.789183825763,3.401849157230214,0.36928003000003645
Station 3,121190.0,5763.860502220842,3.4123643928522767,0.36130712276662463
Station 3,121200.0,5798.035477969743,3.4225815466684644,0.3533941155018786
Station 3,121210.0,5832.311157624923,3.43250607402157,0.34554014628651936
Station 3,121220.0,5866.684641768327,3.442143325496949,0.3377443626493538
Station 3,121230.0,5901.153083967755,3.451498547826123,0.33000592174447496
Station 3,121240.0,5935.7136897425435,3.460576884879133,0.322323990505329
Station 3,121250.0,5970.363715539673,3.469383378736826,0.3146977457770576
Station 3,121260.0,6005.100467721004,3.4779229708347086,0.3071263744285195
Station 3,121270.0,6039.921301562348,3.486200503170512,0.2996090734453133
Station 3,121280.0,6074.823620265042,3.4942207195682435,0.29214505000504154
Station 3,121290.0,6109.804873980534,3.501988266991831,0.28473352153601245
Station 3,121300.0,6144.862558848508,3.509507696902083,0.27737371576049574
Station 3,121310.0,6179.994216048987,3.516783466650995,0.2700648707235974
Station 3,121320.0,6215.197430868737,3.5238199409079343,0.2628062348087671
Station 3,121330.0,6250.469831782328,3.5306213931126114,0.255597066740884
Station 3,121340.0,6285.809089548118,3.5371920069500487,0.24843663557783074
Station 3,121350.0,6321.21291631935,3.543535877843258,0.2413242206913987
Station 3,121360.0,6356.679064770561,3.5496570144594717,0.2342591117383395
Station 3,121370.0,6392.205327239423,3.5555593402262673,0.22724060862231396
Station 3,121380.0,6427.789534884126,3.5612466948541126,0.2202680214474619
Station 3,121390.0,6463.429556856347,3.566722835862141,0.21334067046426397
Station 3,121400.0,6499.123299489854,3.571991440104283,0.20645788600833656
Station 3,121410.0,6534.868705504728,3.577056105293069,0.1996190084327582
Station 3,121420.0,6570.66375322719,3.5819203515186446,0.19282338803448998
Station 3,121430.0,6606.506455802928,3.5865876227787954,0.1860703849722505
Station 3,121440.0,6642.394860297667,3.5910612886103896,0.17935936915999848
Station 2,121840.0,6659.276961783901,-1.6897946313960803,0.1767070914510651
Station 2,121850.0,6642.489720111193,-1.6676182895056209,0.1798487346585002
Station 2,121860.0,6625.9253024835125,-1.6452300058353804,0.18295956483624295
Station 2,121870.0,6609.585822651529,-1.6226309274210597,0.18603886832431846
Station 2,121880.0,6593.473382460616,-1.5998222887109614,0.18908592643717784
Station 2,121890.0,6577.5900709706675,-1.5768054128674245,0.19210001584797257
Station 2,121900.0,6561.937963562914,-1.553581713012031,0.1950804089914095
Station 2,121910.0,6546.519121034474,-1.5301526934107486,0.19802637448518703
Station 2,121920.0,6531.335588681003,-1.5065199505951081,0.20093717757004695
Station 2,121930.0,6516.389395368506,-1.4826851744155956,0.2038120805683019
Station 2,121940.0,6501.682552594741,-1.4586501490233252,0.20665034336077712
Station 2,121950.0,6487.217053541132,-1.4344167537761896,0.2094512238819697
Station 2,121960.0,6472.9948721159335,-1.4099869640656366,0.21221397863320784
Station 2,121970.0,6459.017961989528,-1.3853628520602963,0.2149378632135302
Station 2,121980.0,6445.288255622721,-1.3605465873627467,0.21762213286793983
Station 2,121990.0,6431.807663288958,-1.335540437575728,0.220266043052643
Station 2,122000.0,6418.578072091429,-1.310346768774255,0.2228688500168044
Station 2,122010.0,6405.601344976036,-1.2849680458801127,0.2254298114003021
Station 2,122020.0,6392.879319741283,-1.2594068329353976,0.22794818684689183
Station 2,122030.0,6380.413808046111,-1.2336657932717934,0.23042323863213318
Station 2,122040.0,6368.206594416806,-1.2077476895725159,0.23285423230535926
Station 2,122050.0,6356.259435254089,-1.1816553838239279,0.23524043734491118
Station 2,122060.0,6344.574057841532,-1.1553918371540228,0.23758112782578808
Station 2,122070.0,6333.152159356507,-1.1289601095551582,0.23987558309880416
Station 2,122080.0,6321.995405884837,-1.1023633594886082,0.24212308848027345
Station 2,122090.0,6311.105431440423,-1.0756048433686938,0.24432293595118484
Station 2,122100.0,6300.483836991032,-1.0486879149245063,0.24647442486476348
Station 2,122110.0,6290.13218949159,-1.0216160244374253,0.24857686266125506
Station 2,122120.0,6280.052020926187,-0.9943927178529334,0.25062956558871197
Station 2,122130.0,6270.244827360151,-0.9670216357654156,0.25263185942850225
Station 2,122140.0,6260.712068003443,-0.9395065122749936,0.25458308022420634
Station 2,122150.0,6251.455164285172,-0.9118511737156885,0.2564825750123334
Station 2,122160.0,6242.4754987934175,-0.8840595372572473,0.25832970253598003
Station 2,122170.0,6233.774414493524,-0.8561356093577693,0.26012383398932776
Station 2,122180.0,6225.353213911622,-0.8280834841069257,0.26186435375277406
Station 2,122190.0,6217.213158195599,-0.7999073414394157,0.2635506601076565
Station 2,122200.0,6209.3554662683455,-0.7716114452142118,0.2651821659542769
Station 2,122210.0,6201.781314000489,-0.7432001411666364,0.26675829952262536
Station 2,122220.0,6194.491833403872,-0.7146778547346079,0.2682785050741813
Station 2,122230.0,6187.488111847058,-0.6860490887607381,0.26974224359314786
Station 2,122240.0,6180.7711912941295,-0.6573184210722853,0.27114899346547583
Station 2,122250.0,6174.342067567981,-0.6284905019413145,0.27249825114402565
Station 2,122260.0,6168.201689639435,-0.599570051427748,0.2737895317982074
Station 2,122270.0,6162.350958943118,-0.5705618566082438,0.2750223699465074
Station 2,122280.0,6156.790728721562,-0.5414707686943595,0.27619632007021905
Station 2,122290.0,6151.521803398427,-0.5123017000435324,0.2773109572068336
Station 2,122300.0,6146.544937982027,-0.4830596210669344,0.2783658775215057
Station 2,122310.0,6141.860837500148,-0.4537495570384224,0.2793606988550712
Station 2,122320.0,6137.470156467229,-0.4243765848092047,0.2802950612471347
Station 2,122330.0,6133.373498384784,-0.39494582943306206,0.2811686274327959
Station 2,122340.0,6129.571415276015,-0.36546246070728294,0.28198108331163946
Station 2,122350.0,6126.06440725544,-0.3359316896347061,0.28273213838767997
Station 2,122360.0,6122.852922134368,-0.30635876481254154,0.2834215261790196
Station 2,122370.0,6119.937355062906,-0.2767489687538387,0.28404900459605575
Station 2,122380.0,6117.318048209229,-0.24710761414773375,0.2846143562871549
Station 2,122390.0,6114.995290476687,-0.21744004006474704,0.2851173889507949
Station 2,122400.0,6112.969317259323,-0.18775160811365466,0.2855579356132745
Station 2,122410.0,6111.240310236287,-0.15804769855652534,0.28593585487117923
Station 2,122420.0,6109.80839720555,-0.1283337063887725,0.28625103109789407
Station 2,122430.0,6108.67365195728,-0.09861503739106303,0.2865033746135628
Station 2,122440.0,6107.836094187149,-0.06889710416012029,0.28669282181799166
Station 2,122450.0,6107.295689449786,-0.03918532212547354,0.28681933528611114
Station 2,122460.0,6107.052349152499,-0.009485105559298379,0.2868829038257201
Station 2,122470.0,6107.105930589349,0.020198136413525414,0.28688354249734643
Station 2,122480.0,6107.456237015534,0.049859003797944945,0.28682129259617223
Station 2,122490.0,6108.103017762032,0.07949210969675169,0.2866962215960914
Station 2,122500.0,6109.04596839033,0.1090920842569576,0.2865084230560744
Station 2,122510.0,6110.284730887002,0.1386535785874926,0.2862580164891262
Station 2,122520.0,6111.818893826491,0.1681712686529524,0.2859451471852482
Station 2,122530.0,6113.647992562516,0.19763985913792292,0.2855699859965398
Station 2,122540.0,6115.771509764372,0.22705408720417153,0.28513272912494425
Station 2,122550.0,6118.188875648789,0.25640872624050126,0.2846335978316748
Station 2,122560.0,6120.899468357468,0.28569858954184113,0.2840728381259098
Station 2,122570.0,6123.9026143763385,0.3149185339198268,0.2834507204206322
Station 2,122580.0,6127.19758899017,0.3440634632397279,0.28276753915589886
Station 2,122590.0,6130.783616771787,0.37312833187809713,0.28202361239063595
Station 2,122600.0,6134.6598721051505,0.402108148095605,0.28121928136412194
Station 2,122610.0,6138.825479741316,0.430997977320108,0.28035491002844826
Station 2,122620.0,6143.279515386567,0.459792945334798,0.2794308845532234
Station 2,122630.0,6148.021006321666,0.4884882413669833,0.2784476128039448
Station 2,122640.0,6153.048932051248,0.517079121073114,0.27740552379546396
Station 2,122650.0,6158.362224982367,0.545560909416009,0.27630506712203556
Station 2,122660.0,6163.959771131111,0.5739290034305924,0.27514671236549043
Station 2,122670.0,6169.840410856197,0.6021788748747099,0.27393094848309907
Station 2,122680.0,6176.002939618402,0.6303060727619509,0.2726582831767317
Station 2,122690.0,6182.446108764683,0.6583062257737091,0.27132924224493876
Station 2,122700.0,6189.168626335802,0.6861750445480628,0.2699443689195959
Station 2,122710.0,6196.169157896236,0.7139083238433599,0.2685042231887659
Station 2,122720.0,6203.446327385155,0.7415019445747337,0.26700938110743255
Station 2,122730.0,6210.998717987219,0.7689518757221179,0.26546043409776704
Station 2,122740.0,6218.82487302194,0.7962541761086406,0.263857988240561
Station 2,122750.0,6226.923296850338,0.8234049960485887,0.26220266355947136
Station 2,122760.0,6235.292455797619,0.8504005788644742,0.2604950932996739
Station 2,122770.0,6243.930779090591,0.8772372622730475,0.258735923202521
Station 2,122780.0,6252.836659808554,0.9039114796403771,0.25692581077775273
Station 2,122790.0,6262.0084558463695,0.9304197611064313,0.25506542457478043
Station 2,122800.0,6271.444490888439,0.9567587345799138,0.2531554434545236
Station 2,122810.0,6281.143055392342,0.9829251266043126,0.25119655586323436
Station 2,122820.0,6291.10240758086,1.0089157630964725,0.2491894591096954
Station 2,122830.0,6301.320774441145,1.0347275699591831,0.24713485864712872
Station 2,122840.0,6311.796352729835,1.060357573569567,0.24503346736109913
Station 2,122850.0,6322.527309982853,1.0858029011452888,0.24288600486463433
Station 2,122860.0,6333.511785528749,1.1110607809907558,0.24069319680172985
Station 2,122870.0,6344.747891504396,1.136128542625805,0.2384557741603465
Station 2,122880.0,6356.23371386689,1.1610036168010807,0.23617447259529342
Station 2,122890.0,6367.967313245372,1.1856835354591289,0.23385003174173477
Station 2,122900.0,6379.946726122897,1.2101659314832613,0.23148319458359826
Station 2,122910.0,6392.169965867417,1.2344485383717034,0.2290747068167829
Station 2,122920.0,6404.635023676176,1.2585291898452662,0.2266253162152793
Station 2,122930.0,6417.339869577945,1.2824058193375865,0.22413577201995044
Station 2,122940.0,6430.282453429207,1.306076459390063,0.22160682434259038
Station 2,122950.0,6443.460705903471,1.329539240955103,0.21903922358584577
Station 2,122960.0,6456.872539472727,1.352792392611576,0.21643371987955334
Station 2,122970.0,6470.515849380364,1.3758342396960321,0.2137910625339181
Station 2,122980.0,6484.388514604623,1.3986632033537196,0.21111199950996504
Station 2,122990.0,6498.4883988119645,1.4212777995132027,0.2083972769076007
Station 2,123000.0,6512.813351299518,1.4436766377885026,0.20564763847156467
Station 2,123010.0,6527.361207926046,1.4658584203126965,0.20286382511551018
Station 2,123020.0,6542.129792030717,1.48782194050687,0.20004657446438168
Station 2,123030.0,6557.116915339176,1.5095660817883554,0.19719662041522307
Station 2,123040.0,6572.320378856246,1.5310898162221527,0.19431469271648036
Station 2,123050.0,6587.737973744884,1.552392203119379,0.19140151656583562
Station 2,123060.0,6603.367482190802,1.5734723875865926,0.18845781222654998
Station 2,123070.0,6619.206678252369,1.5943295990297508,0.18548429466225086
Station 2,123080.0,6635.253328695395,1.6149631496165426,0.18248167319007302
Station 2,123090.0,6651.505193812408,1.6353724327007433,0.17945065115199976
Station 2,123100.0,6667.960028226121,1.655556921212186,0.17639192560424502
Station 1,126600.0,6647.748868584628,-2.5079409151311016,0.17863051904896102
Station 1,126610.0,6622.753531514194,-2.4910818663738254,0.18329393225948953
Station 1,126620.0,6597.928126883225,-2.4739541335138173,0.18794963345150514
Station 1,126630.0,6573.275350282864,-2.4565559722630197,0.19259700587688897
Station 1,126640.0,6548.797914545016,-2.4388856792719795,0.19723541426455982
Station 1,126650.0,6524.498549320192,-2.4209415948354263,0.20186420452739964
Station 1,126660.0,6500.380000627674,-2.4027221056695254,0.20648270347806705
Station 1,126670.0,6476.445030377361,-2.3842256477598855,0.21109021855479881
Station 1,126680.0,6452.696415862558,-2.365450709279231,0.21568603755835
Station 1,126690.0,6429.13694922309,-2.346395833573368,0.220269428401277
Station 1,126700.0,6405.76943687808,-2.3270596222138944,0.22483963887081923
Station 1,126710.0,6382.596698927753,-2.307440738115795,0.22939589640669336
Station 1,126720.0,6359.62156852365,-2.2875379087178516,0.23393740789515952
Station 1,126730.0,6336.8468912067,-2.267349929223513,0.23846335948077513
Station 1,126740.0,6314.275524212528,-2.2468756658995783,0.24297291639730734
Station 1,126750.0,6291.910335743612,-2.2261140594297624,0.24746522281929642
Station 1,126760.0,6269.754204207495,-2.20506412831993,0.2519394017358865
Station 1,126770.0,6247.810017420961,-2.1837249723514223,0.256394554848467
Station 1,126780.0,6226.080671779487,-2.162095776078674,0.26082976249382517
Station 1,126790.0,6204.569071391641,-2.1401758123668744,0.2652440835944883
Station 1,126800.0,6183.27812717818,-2.1179644459651943,0.26963655563798755
Station 1,126810.0,6162.210755935393,-2.0954611371107057,0.2740061946868134
Station 1,126820.0,6141.369879362609,-2.0726654451577766,0.2783519954208524
Station 1,126830.0,6120.758423053559,-2.0495770322274125,0.2826729312141343
Station 1,126840.0,6100.37931545153,-2.026195666870611,0.28696795424771765
Station 1,126850.0,6080.235486768207,-2.0025212277394773,0.29123599566057756
Station 1,126860.0,6060.329867866216,-1.9785537072594808,0.29547596574034923
Station 1,126870.0,6040.665389105426,-1.9542932152958827,0.29968675415578666
Station 1,126880.0,6021.244979153114,-1.9297399828070163,0.3038672302327913
Station 1,126890.0,6002.071563758265,-1.9048943654767345,0.30801624327583854
Station 1,126900.0,5983.148064490227,-1.879756847318039,0.31213262293661787
Station 1,126910.0,5964.477397442117,-1.854328044239544,0.31621517963165197
Station 1,126920.0,5946.062471885468,-1.82860870756959,0.3202627050089478
Station 1,126930.0,5927.906188735417,-1.8025997275581271,0.3242739724488882
Station 1,126940.0,5910.011439357929,-1.7763021367176215,0.3282477376643563
Station 1,126950.0,5892.381104101223,-1.7497171131660603,0.33218273932588455
Station 1,126960.0,5875.018050784908,-1.7228459838798338,0.3360776997433272
Station 1,126970.0,5857.925133197588,-1.6956902278414705,0.33993132561065603
Station 1,126980.0,5841.105189563189,-1.6682514790833656,0.3437423088100572
Station 1,126990.0,5824.561040977062,-1.6405315296169574,0.347509327276392
Station 1,127000.0,5808.295489813101,-1.6125323322366427,0.3512310459229432
Station 1,127010.0,5792.311318103231,-1.5842560031875872,0.35490611762918894
Station 1,127020.0,5776.611285890662,-1.5557048246865157,0.3585331842911798
Station 1,127030.0,5761.198129558469,-1.526881247284495,0.36211087793489244
Station 1,127040.0,5746.0745601351955,-1.4977878920607115,0.36563782189272775
Station 1,127050.0,5731.243261579203,-1.4684275526362873,0.3691126320430907
Station 1,127060.0,5716.706889043676,-1.4388031969972206,0.3725339181127585
Station 1,127070.0,5702.468067124277,-1.4089179691156868,0.3759002850414812
Station 1,127080.0,5688.529388091549,-1.3787751903590588,0.37921033440799967
Station 1,127090.0,5674.893410110238,-1.3483783606762805,0.38246266591638645
Station 1,127100.0,5661.562655447998,-1.317731159551447,0.3856558789412932
Station 1,127110.0,5648.539608675562,-1.2868374467146995,0.3887885741304807
Station 1,127120.0,5635.826714861303,-1.2557012626011277,0.39185935506253833
Station 1,127130.0,5623.426377762477,-1.2243268285485112,0.3948668299575428
Station 1,127140.0,5611.340958015974,-1.1927185467254424,0.3978096134379714
Station 1,127150.0,5599.572771331313,-1.1608809997817597,0.4006863283369054
Station 1,127160.0,5588.124086688754,-1.1288189502138928,0.4034956075502057
Station 1,127170.0,5576.997124545409,-1.0965373394383089,0.4062360959290181
Station 1,127180.0,5566.194055052414,-1.0640412865669528,0.4089064522086285
Station 1,127190.0,5555.71699628611,-1.0313360868793306,0.41150535096936747
Station 1,127200.0,5545.568012496409,-0.9984272099866474,0.41403148462493483
Station 1,127210.0,5535.74911237544,-0.9653202976842796,0.41648356543321063
Station 1,127220.0,5526.262247349643,-0.9320211614896953,0.4188603275243176
Station 1,127230.0,5517.109309898522,-0.8985357798639186,0.421160528940415
Station 1,127240.0,5508.2921319032375,-0.8648702951155236,0.4233829536814376
Station 1,127250.0,5499.812483028263,-0.8310310099871941,0.42552641375075784
Station 1,127260.0,5491.672069139301,-0.7970243839258635,0.4275897511945102
Station 1,127270.0,5483.872530760649,-0.7628570290385143,0.42957184012814026
Station 1,127280.0,5476.4154415732,-0.72853570573692,0.4314715887433158
Station 1,127290.0,5469.302306802205,-0.6940673180795552,0.4332879412692019
Station 1,127300.0,5462.534561935703,-0.6594589087861136,0.43501987993654023
Station 1,127310.0,5456.113571428695,-0.6247176539810515,0.43666642689266727
Station 1,127320.0,5450.040627323977,-0.5898508576484329,0.4382266460526876
Station 1,127330.0,5444.316948004794,-0.5548659457997163,0.43969964490634716
Station 1,127340.0,5438.943677006797,-0.5197704603713944,0.4410845762641253
Station 1,127350.0,5433.921881891932,-0.48457205286305904,0.4423806399357688
Station 1,127360.0,5429.252553186871,-0.44927847772750035,0.44358708433464333
Station 1,127370.0,5424.936603388405,-0.4138975855253573,0.44470320800145136
Station 1,127380.0,5420.97486603811,-0.37843731585789253,0.4457283610411003
Station 1,127390.0,5417.368094868477,-0.3429056900922882,0.4466619464667644
Station 1,127400.0,5414.116963022525,-0.3073108038947927,0.4475034214454963
Station 1,127410.0,5411.222062348769,-0.27166081958777877,0.4482522984400981
Station 1,127420.0,5408.683902773262,-0.2359639583476002,0.44890814624233993
Station 1,127430.0,5406.502911750225,-0.2002284922607187,0.44947059089304875
Station 1,127440.0,5404.679433792722,-0.1644627362563147,0.4499393164850209
Station 1,127450.0,5403.213730084331,-0.12867503993390272,0.450314065845268
Station 1,127460.0,5402.105978173101,-0.09287377930527552,0.4505946410934997
Station 1,127470.0,5401.356271748364,-0.057067348470133505,0.45078090407440885
Station 1,127480.0,5400.964620501099,-0.021264151245261376,0.45087277666179987
Station 1,127490.0,5400.930950068227,0.014527407232726608,0.4508702409332026
Station 1,127500.0,5401.255102061035,0.05029892891097665,0.45077333921419194
Station 1,127510.0,5401.9368341777445,0.08604203121008536,0.4505821739922141
Station 1,127520.0,5402.975820399994,0.1217483553798051,0.4502969077003178
Station 1,127530.0,5404.371651272864,0.15740957480077622,0.4499177623717716
Station 1,127540.0,5406.123834267801,0.19301740321249916,0.44944501916712665
Station 1,127550.0,5408.231794227678,0.2285636028480975,0.44887901777585004
Station 1,127560.0,5410.6948738929705,0.2640399924568302,0.4482201556952069
Station 1,127570.0,5413.512334507876,0.2994384551957211,0.44746888738959884
Station 1,127580.0,5416.683356505005,0.3347509463722975,0.44662572333406975
Station 1,127590.0,5420.207040267097,0.36996950102099846,0.44569122894616997
Station 1,127600.0,5424.082406964035,0.40508624129650683,0.4446660234108128
Station 1,127610.0,5428.308399463293,0.44009338366806827,0.4435507784031798
Station 1,127620.0,5432.883883311747,0.47498324589959884,0.442346216715088
Station 1,127630.0,5437.807647786683,0.5097482538013092,0.4410531107905948
Station 1,127640.0,5443.078407013656,0.544380947739477,0.4396722811768865
Station 1,127650.0,5448.69480108503,0.5788739889062418,0.4382045948883808
Station 1,127660.0,5454.65539719544,0.6132201653463076,0.4366509636927732
Station 1,127670.0,5460.9586911937,0.647412397620206,0.43501234237903463
Station 1,127680.0,5467.603108820227,0.6814437442546553,0.4332897269184342
Station 1,127690.0,5474.587007106113,0.7153074068858887,0.4314841525881439
Station 1,127700.0,5481.908675830953,0.7489967351010887,0.4295966920513684
Station 1,127710.0,5489.566339027143,0.7825052309737124,0.4276284533997244
Station 1,127720.0,5497.558156527574,0.8158265532878755,0.4255805781647782
Station 1,127730.0,5505.88222555363,0.8489545214479903,0.42345423930556647
Station 1,127740.0,5514.536582340374,0.8818831190709617,0.4212506391788183
Station 1,127750.0,5523.519203795766,0.9146064972593033,0.41897100749845295
Station 1,127760.0,5532.828009190722,0.9471189775545326,0.4166165992907373
Station 1,127770.0,5542.46086187693,0.9794150545712752,0.41418869285131016
Station 1,127780.0,5552.415571029158,1.0114893983134245,0.4116885877100185
Station 1,127790.0,5562.689893409086,1.043336856174604,0.4091176026092719
Station 1,127800.0,5573.281535147324,1.074952454626378,0.4064770735013782
Station 1,127810.0,5584.188153540805,1.1063314005979783,0.4037683515699645
Station 1,127820.0,5595.40735886235,1.137469082552681,0.4009928012803561
Station 1,127830.0,5606.936716179502,1.1683610712664099,0.39815179846342685
Station 1,127840.0,5618.773747179732,1.199003120314987,0.3952467284371348
Station 1,127850.0,5630.915931999119,1.229391166277073,0.39227898416960105
Station 1,127860.0,5643.360711051793,1.259521328660508,0.38924996448729166
Station 1,127870.0,5656.105486857441,1.2893899095602777,0.3861610723314986
Station 1,127880.0,5669.147625864223,1.3189933930568858,0.3830137130659962
Station 1,127890.0,5682.484460264621,1.3483284443643468,0.37980929283842074
Station 1,127900.0,5696.113289801825,1.3773919087374153,0.3765492169975966
Station 1,127910.0,5710.031383564237,1.4061808101480497,0.37323488856870607
Station 1,127920.0,5724.235981765971,1.4346923497413506,0.36986770678790853
Station 1,127930.0,5738.724297511155,1.4629239040815352,0.36644906569769725
Station 1,127940.0,5753.493518540028,1.490873023198635,0.3629803528040101
Station 1,127950.0,5768.540808954964,1.5185374284467825,0.3594629477958249
Station 1,127960.0,5783.863310924527,1.5459150101850772,0.3558982213277132
Station 1,127970.0,5799.458146363966,1.57300382529202,0.35228753386557643
Station 1,127980.0,5815.322418590492,1.599802094524564,0.34863223459555365
Station 1,127990.0,5831.453213951854,1.6263081997327873,0.34493366039586815
Station 1,128000.0,5847.847603426894,1.6525206809411037,0.3411931348711854
Station 1,128010.0,5864.502644196717,1.6784382333068848,0.33741196744884017
Station 1,128020.0,5881.415381046487,1.7040597040295071,0.3335914525171689
Station 1,128030.0,5898.582847941805,1.7293840890811978,0.32973286865105333
Station 1,128040.0,5916.002069626343,1.7544105298036623,0.3258374779051387
Station 1,128050.0,5933.670062961575,1.7791383095257245,0.3219065251340523
Station 1,128060.0,5951.583838332036,1.803566850071917,0.31794123738218394
Station 1,128070.0,5969.740401014852,1.8276957082101912,0.3139428233282781
Station 1,128080.0,5988.136752513031,1.8515245720481395,0.3099124727833011
Station 1,128090.0,6006.769891852096,1.8750532573867478,0.3058513562399567
Station 1,128100.0,6025.63681683967,1.8982817040404338,0.30176062447216667
Station 1,128110.0,6044.734525287812,1.9212099721317373,0.2976414081827852
Station 1,128120.0,6064.060016197881,1.9438382383687323,0.2934948176977625
Station 1,128130.0,6083.610290907891,1.9661667923127375,0.28932194270494094
Station 1,128140.0,6103.382354202256,1.988196032643872,0.28512385203566853
Station 1,128150.0,6123.373215384042,2.0099264634311274,0.28090159348736093
Station 1,128160.0,6143.579889309837,2.031358690413733,0.27665619368517347
Station 1,128170.0,6163.999397387379,2.0524934172999827,0.2723886579809278
Station 1,128180.0,6184.6287685362295,2.0733314420893536,0.26809997038745903
Station 1,128190.0,6205.465040111753,2.093873653423417,0.2637910935465482
Station 1,128200.0,6226.505258792802,2.114121026970678,0.25946296872865127
Station 1,128210.0,6247.74648143345,2.134074621850089,0.2551165158626355
Station 1,128220.0,6269.185775879255,2.1537355770976814,0.25075263359378935
Station 1,128230.0,6290.8202217485095,2.173105108180384,0.24637219936838645
Station 1,128240.0,6312.646911179068,2.192184503560766,0.24197606954314824
Station 1,128250.0,6334.662949541194,2.21097512131615,0.2375650795179597
Station 1,128260.0,6356.865456117151,2.229478385815163,0.23314004389027268
Station 1,128270.0,6379.251564748026,2.2476957844545584,0.2287017566296482
Station 1,128280.0,6401.818424448555,2.2656288644587907,0.22425099127095854
Station 1,128290.0,6424.563199990519,2.2832792297445716,0.21978850112481196
Station 1,128300.0,6447.483072455433,2.3006485378523527,0.21531501950381002
Station 1,128310.0,6470.575239757243,2.317738496946414,0.2108312599633134
Station 1,128320.0,6493.83691713573,2.3345508628850076,0.20633791655542805
Station 1,128330.0,6517.2653376213475,2.351087436361738,0.20183566409499223
Station 1,128340.0,6540.857752472247,2.3673500601191497,0.19732515843638654
Station 1,128350.0,6564.611431584213,2.3833406162352975,0.19280703676004615
Station 1,128360.0,6588.523663874282,2.399061023483827,0.18828191786760967
Station 1,128370.0,6612.591757638775,2.41451323476794,0.18375040248468458
Station 1,128380.0,6636.813040886508,2.429699234628428,0.17921307357026517
Station 1,128390.0,6661.18486154973,2.4446210368800028,0.174670496618828
Station 3,129930.0,6647.907494763679,-3.5969231891960987,0.1770239741509565
Station 3,129940.0,6611.960438875443,-3.5924559957206945,0.18374635167825293
Station 3,129950.0,6576.05902024394,-3.587795182591959,0.1905108424227214
Station 3,129960.0,6540.205191812125,-3.5829373874455475,0.19731808073347745
Station 3,129970.0,6504.400940519251,-3.5778791733922533,0.20416871090351235
Station 3,129980.0,6468.648288054064,-3.5726170275063542,0.21106338726175097
Station 3,129990.0,6432.94929162293,-3.5671473593052543,0.2180027742604912
Station 3,130000.0,6397.306044733007,-3.561466499222348,0.2249875465577497
Station 3,130010.0,6361.7206779905555,-3.5555706970753147,0.23201838909401787
Station 3,130020.0,6326.195359914415,-3.549456120532184,0.23909599716289406
Station 3,130030.0,6290.732297764737,-3.54311885357775,0.24622107647502822
Station 3,130040.0,6255.333738386918,-3.536554894983232,0.25339434321477594
Station 3,130050.0,6220.001969070781,-3.529760156782196,0.2606165240889275
Station 3,130060.0,6184.739318424926,-3.5227304627561757,0.26788835636683056
Station 3,130070.0,6149.548157266164,-3.5154615469336328,0.27521058791119074
Station 3,130080.0,6114.430899523938,-3.507949052106215,0.28258397719879197
Station 3,130090.0,6079.390003159555,-3.5001885283666394,0.29000929333032494
Station 3,130100.0,6044.427971100039,-3.492175431672858,0.2974873160284744
Station 3,130110.0,6009.547352186353,-3.48390512244352,0.3050188356233631
Station 3,130120.0,5974.750742135696,-3.475372864190149,0.31260465302439666
Station 3,130130.0,5940.040784517511,-3.4665738221918905,0.3202455796775036
Station 3,130140.0,5905.4201717427995,-3.4575030622190948,0.32794243750670576
Station 3,130150.0,5870.891646066267,-3.448155549312478,0.3356960588388958
Station 3,130160.0,5836.458000600754,-3.4385261466250827,0.34350728631064065
Station 3,130170.0,5802.122080343307,-3.4286096143347873,0.351376972755764
Station 3,130180.0,5767.886783212256,-3.4184006086356518,0.35930598107239226
Station 3,130190.0,5733.755061094431,-3.4078936808169424,0.36729518406808526
Station 3,130200.0,5699.729920901696,-3.39708327643927,0.37534546428160437
Station 3,130210.0,5665.814425635903,-3.3859637346179405,0.3834577137797658
Station 3,130220.0,5632.011695460929,-3.374529287424165,0.3916328339278389
Station 3,130230.0,5598.324908780989,-3.362774059415597,0.3998717351317283
Station 3,130240.0,5564.757303294128,-3.350692067322649,0.40817533654709015
Station 3,130250.0,5531.312176897425,-3.3382772199566233,0.4165445657416838
Station 3,130260.0,5497.9928890350175,-3.3255233180705224,0.42498035837108095
Station 3,130270.0,5464.802861704894,-3.3124240545805153,0.433483657779972
Station 3,130280.0,5431.745580507912,-3.298973014954472,0.44205541457197206
Station 3,130290.0,5398.824595721508,-3.285163677798714,0.4506965861426441
Station 3,130300.0,5366.043523366066,-3.270989415675073,0.4594081361701372
Station 3,130310.0,5333.40604626158,-3.256443496165844,0.4681910340610652
Station 3,130320.0,5300.915915072068,-3.241519083205132,0.4770462543491484
Station 3,130330.0,5268.576949334963,-3.2262092386959536,0.4859747760440601
Station 3,130340.0,5236.393038472577,-3.2105069244333393,0.4949775819277986
Station 3,130350.0,5204.368142782469,-3.1944050043545866,0.5040556577958218
Station 3,130360.0,5172.506294403379,-3.1778962471387255,0.5132099916400694
Station 3,130370.0,5140.8115982531235,-3.160973329178102,0.5224415727708996
Station 3,130380.0,5109.288232934674,-3.143628837945879,0.5317513908748609
Station 3,130390.0,5077.940451606325,-3.1258552757841107,0.5411404350051161
Station 3,130400.0,5046.772582811684,-3.1076450641378215,0.5506096925012302
Station 3,130410.0,5015.78903126491,-3.088990548261352,0.5601601478349271
Station 3,130420.0,4984.994278586376,-3.069884002423909,0.5697927813783153
Station 3,130430.0,4954.392883983671,-3.050317635641948,0.5795085680909703
Station 3,130440.0,4923.989484872555,-3.030283597966592,0.5893084761221608
Station 3,130450.0,4893.788797432236,-3.0097739873547935,0.5991934653243844
Station 3,130460.0,4863.795617089001,-2.988780857153353,0.6091644856742798
Station 3,130470.0,4834.014818921992,-2.9672962242251337,0.6192224755968492
Station 3,130480.0,4804.451357984577,-2.945312077747052,0.6293683601888204
Station 3,130490.0,4775.110269534518,-2.922820388709271,0.6396030493368449
Station 3,130500.0,4745.996669165812,-2.899813120144958,0.6499274357260948
Station 3,130510.0,4717.1157528348,-2.876282238119485,0.6603423927346765
Station 3,130520.0,4688.472796772861,-2.8522197235074165,0.6708487722091236
Station 3,130530.0,4660.073157277724,-2.827617584584707,0.6814474021160599
Station 3,130540.0,4631.922270375151,-2.80246787046247,0.6921390840649174
Station 3,130550.0,4604.025651342562,-2.7767626853873075,0.7029245906963525
Station 3,130560.0,4576.388894085712,-2.750494203931243,0.7138046629308227
Station 3,130570.0,4549.017670359674,-2.7236546870926426,0.7247800070713291
Station 3,130580.0,4521.91772882484,-2.696236499326669,0.7358512917541031
Station 3,130590.0,4495.094893928626,-2.668232126521204,0.7470191447405204
Station 3,130600.0,4468.555064597842,-2.639634194933429,0.7582841495424523
Station 3,130610.0,4442.3042125513275,-2.610435491170768,0.769646841857302
Station 3,130620.0,4416.3483807810435,-2.5806289829690088,0.7811077058569421
Station 3,130630.0,4390.69368166626,-2.5502078410328197,0.7926671702662381
Station 3,130640.0,4365.346294762731,-2.519165461878258,0.8043256042310245
Station 3,130650.0,4340.312464428817,-2.4874954915971705,0.8160833129782747
Station 3,130660.0,4315.598497208899,-2.455191850560381,0.8279405332476525
Station 3,130670.0,4291.210758964823,-2.4222487590358535,0.8398974284786512
Station 3,130680.0,4267.155671746351,-2.3886607636906,0.8519540837350378
Station 3,130690.0,4243.4397103920555,-2.3544227649372496,0.8641105003452815
Station 3,130700.0,4220.069398852392,-2.3195300450778418,0.876366590233921
Station 3,130710.0,4197.051306227324,-2.283978297188486,0.8887221699143008
Station 3,130720.0,4174.3920425114275,-2.2477636546791495,0.901176954107576
Station 3,130730.0,4152.098254040097,-2.2108827214530042,0.9137305489461263
Station 3,130740.0,4130.176618631342,-2.173332602579547,0.9263824447112639
Station 3,130750.0,4108.633840418521,-2.1351109353851045,0.9391320080449982
Station 3,130760.0,4087.4766443704066,-2.096215920853543,0.9519784735632368
Station 3,130770.0,4066.7117704960992,-2.0566463552189234,0.96492093478256
Station 3,130780.0,4046.3459677335445,-2.016401661620712,0.9779583342540152
Station 3,130790.0,4026.3859875217554,-1.975481921681081,0.9910894527742231
Station 3,130800.0,4006.838577058329,-1.9338879068527768,1.0043128975155908
Station 3,130810.0,3987.7104722453682,-1.891621109375312,1.0176270888819665
Station 3,130820.0,3969.0083903286522,-1.8486837726669592,1.0310302458520213
Station 3,130830.0,3950.739022236629,-1.8050789209701212,1.0445203695176368
Station 3,130840.0,3932.909024627699,-1.7608103880587092,1.058095224455575
Station 3,130850.0,3915.525011656205,-1.7158828448079078,1.0717523174839052
Station 3,130860.0,3898.593546469587,-1.6703018254196014,1.0854888732448211
Station 3,130870.0,3882.121132451241,-1.6240737520908828,1.0993018059159338
Station 3,130880.0,3866.1142042257898,-1.5772059579086184,1.1131876861738124
Station 3,130890.0,3850.5791184456316,-1.5297067077501745,1.1271427023044907
Station 3,130900.0,3835.522144379913,-1.481585216969547,1.141162614059668
Station 3,130910.0,3820.9494543290857,-1.4328516676485021,1.15524269747274
Station 3,130920.0,3806.867113890706,-1.3835172221962082,1.169377678345244
Station 3,130930.0,3793.2810721039523,-1.3335940340852126,1.1835616514518186
Station 3,130940.0,3780.1971515026366,-1.2830952555197563,1.1977879816330395
Station 3,130950.0,3767.6210381083774,-1.23203504184223,1.2120491817728696
Station 3,130960.0,3755.5582713974304,-1.1804285524962672,1.2263367610813651
Station 3,130970.0,3744.014234115201,-1.1282919483957978,1.2406410349653703
Station 3,130980.0,3732.9941423681043,-1.0756423854842116,1.2549508848869275
Station 3,130990.0,3722.5030358696954,-1.0224980044290068,1.2692534525967136
Station 3,131000.0,3712.5457680524164,-0.9688779163470057,1.2835337476524453
Station 3,131010.0,3703.126996454342,-0.9148021844316176,1.2977741395627576
Station 3,131020.0,3694.251173309807,-0.860291801449264,1.3119536953613617
Station 3,131030.0,3685.9225363854316,-0.8053686630789608,1.3260473088693703
Station 3,131040.0,3678.1451001031032,-0.7500555370994934,1.3400245479135395
Station 3,131050.0,3670.922646991335,-0.6943760284603023,1.3538481187678928
Station 3,131060.0,3664.258719505865,-0.6383545403049244,1.367471811854303
Station 3,131070.0,3658.156612259529,-0.5820162310491296,1.3808377499088202
Station 3,131080.0,3652.6193647002215,-0.5253869676494651,1.3938727156897006
Station 3,131090.0,3647.6497542742995,-0.46849327523115825,1.4064833116403284
Station 3,131100.0,3643.250290110845,-0.4113622832770744,1.4185497527212625
Station 3,131110.0,3639.4232072601153,-0.3540216686109526,1.4299183383053053
Station 3,131120.0,3636.170461516966,-0.29649959543819715,1.4403933312742019
Station 3,131130.0,3633.4937248572874,-0.2388246527355805,1.4497304747006878
Station 3,131140.0,3631.3943815124417,-0.18102578930690738,1.4576370281929114
Station 3,131150.0,3629.873524703411,-0.12313224684459989,1.4637864493867612
Station 3,131160.0,3628.931954052845,-0.06517349135701511,1.4678565346090757
Station 3,131170.0,3628.570173689551,-0.007179143337639693,1.46959174384665
Station 3,131180.0,3628.7883910560804,0.05082109293493586,1.4688710029214562
Station 3,131190.0,3629.586516426213,0.10879750056856674,1.4657456410407605
Station 3,131200.0,3630.9641631350373,0.16672042129813258,1.4604228566117834
Station 3,131210.0,3632.9206485203867,0.22456032639190093,1.453205806148042
Station 3,131220.0,3635.454995570288,0.2822878868239126,1.4444254321492456
Station 3,131230.0,3638.5659352671896,0.33987404232004204,1.4343914745170805
Station 3,131240.0,3642.251909615783,0.397290068896641,1.4233689417714415
Station 3,131250.0,3646.51107533758,0.4545076445263788,1.4115731438165509
Station 3,131260.0,3651.3413082117618,0.5114989125836209,1.3991742551847635
Station 3,131270.0,3656.7402080384895,0.5682365427445363,1.3863051531751502
Station 3,131280.0,3662.705104197733,0.6246937890413239,1.3730693436770107
Station 3,131290.0,3669.2330617737716,0.6808445447974845,1.3595477479664901
Station 3,131300.0,3676.3208882129816,0.736663394200393,1.3458040938849765
Station 3,131310.0,3683.965140480174,0.7921256602985671,1.3318890430778678
Station 3,131320.0,3692.1621326768345,0.8472074492433574,1.317843295545679
Station 3,131330.0,3700.907944031506,0.9018856906523987,1.3036999090939827
Station 3,131340.0,3710.1984271550145,0.9561381740316225,1.2894860313504657
Station 3,131350.0,3720.0292171160763,1.0099435808694077,1.2752241973806657
Station 3,131360.0,3730.3957403879663,1.0632815127682673,1.2609333071659423
Station 3,131370.0,3741.2932241550698,1.1161325153886128,1.2466293669717095
Station 3,131380.0,3752.7167058585337,1.168478098241132,1.2323260558909641
Station 3,131390.0,3764.661042918798,1.2203007503819554,1.2180351622261851
Station 3,131400.0,3777.120922594403,1.2715839520833818,1.2037669223342609
Station 3,131410.0,3790.090871937344,1.3223121825783313,1.1895302858705927
Station 3,131420.0,3803.5652678063357,1.372470924000093,1.1753331250944858
Station 3,131430.0,3817.5383469006906,1.4220466616597598,1.161182401352914
Station 3,131440.0,3832.0042157790167,1.4710268808222715,1.1470842985510794
Station 3,131450.0,3846.9568608286236,1.5194000601578477,1.133044330995634
Station 3,131460.0,3862.3901581534037,1.5671556620590215,1.1190674312110276
Station 3,131470.0,3878.297883349873,1.614284120024355,1.1051580220048811
Station 3,131480.0,3894.6737211431173,1.6607768233182592,1.0913200760687187
Station 3,131490.0,3911.511274856542,1.7066260991224125,1.0775571656560468
Station 3,131500.0,3928.8040756914593,1.7518251923979007,1.0638725043160755
Station 3,131510.0,3946.5455917947897,1.7963682436789292,1.0502689822316194
Station 3,131520.0,3964.7292370953073,1.8402502650183052,1.0367491963800142
Station 3,131530.0,3983.3483798911157,1.8834671143028752,1.0233154764813237
Station 3,131540.0,4002.396351173129,1.926015468152962,1.0099699075004402
Station 3,131550.0,4021.8664526715265,1.967892793614541,0.9967143493153018
Station 3,131560.0,4041.751964614117,2.0090973188461727,0.9835504540422305
Station 3,131570.0,4062.0461531875953,2.049628002994805,0.9704796814137485
Station 3,131580.0,4082.742277694559,2.0894845054458266,0.9575033125283863
Station 3,131590.0,4103.833597400861,2.1286671546230833,0.9446224622316598
Station 3,131600.0,4125.313378069838,2.167176916504749,0.9318380903389475
Station 3,131610.0,4147.174898181154,2.2050153630096796,0.9191510118725067
Station 3,131620.0,4169.41145483388,2.242184640398666,0.9065619064533998
Station 3,131630.0,4192.016369334603,2.2786874378234363,0.8940713269640493
Station 3,131640.0,4214.982992472656,2.314526956145351,0.8816797075766518
Station 3,131650.0,4238.304709485771,2.349706877134527,0.8693873712261354
Station 3,131660.0,4261.974944720459,2.3842313331493563,0.8571945365928128
Station 3,131670.0,4285.987165992402,2.418104877385587,0.8451013246489107
Station 3,131680.0,4310.334888652952,2.451332454773914,0.8331077648141554
Station 3,131690.0,4335.011679344382,2.4839193736148624,0.8212138007549964
Station 3,131700.0,4360.011159328966,2.5158712781210224,0.8094192958410682
Station 3,131710.0,4385.327007968462,2.547194121439916,0.7977240383638787
Station 3,131720.0,4410.952965615585,2.577894139793407,0.7861277464437476
Station 3,131730.0,4436.882836289153,2.607977827501909,0.7746300726875627
Station 3,131740.0,4463.110490136586,2.637451912912364,0.7632306086155308
Station 3,131750.0,4489.629865659909,2.666323335275438,0.7519288888672659
Station 3,131760.0,4516.434971714826,2.694599222584913,0.7407243952000047
Station 3,131770.0,4543.519889292613,2.722286870386328,0.7296165602902227
Station 3,131780.0,4570.87877309454,2.7493937215566144,0.7186047713487093
Station 3,131790.0,4598.5058529086145,2.775927347051611,0.7076883735581181
Station 3,131800.0,4626.3954347983035,2.801895427613998,0.6968666733412209
Station 3,131810.0,4654.541902112846,2.827305736430346,0.6861389414673623
Station 3,131820.0,4682.939716328625,2.8521661227225215,0.6755044160040716
Station 3,131830.0,4711.583417730883,2.8764844962557827,0.6649623051203042
Station 3,131840.0,4740.46762594492,2.9002688127432075,0.6545117897473928
Station 3,131850.0,4769.587040325634,2.9235270601240226,0.6441520261034595
Station 3,131860.0,4798.936440214088,2.946267245691463,0.633882148086752
Station 3,131870.0,4828.510685069507,2.9684973840442894,0.6237012695431315
Station 3,131880.0,4858.304714484827,2.9902254858349075,0.6136084864127271
Station 3,131890.0,4888.313548093677,3.0114595472860546,0.603602878760584
Station 3,131900.0,4918.532285376359,3.0322075404472972,0.5936835126959782
Station 3,131910.0,4948.95610537212,3.052477404162207,0.5838494421849001
Station 3,131920.0,4979.580266304697,3.0722770357167017,0.5740997107600934
Station 3,131930.0,5010.400105127787,3.0916142831390347,0.5644333531329042
Station 3,131940.0,5041.411036996994,3.110496938122045,0.5548493967110151
Station 3,131950.0,5072.608554674113,3.1289327295383362,0.5453468630261412
Station 3,131960.0,5103.988227869754,3.1469293175195765,0.53592476907552
Station 3,131970.0,5135.545702529739,3.164494288071531,0.5265821285809972
Station 3,131980.0,5167.276700070532,3.181635148196919,0.5173179531693686
Station 3,131990.0,5199.177016568645,3.198359321498917,0.5081312534775346
Station 3,132000.0,5231.24252190873,3.2146741442388027,0.49902104018592486
Station 3,132010.0,5263.469158894755,3.2305868618219438,0.4899863249835233
Station 3,132020.0,5295.852942328467,3.246104625687225,0.4810261214677408
Station 3,132030.0,5328.3899580590205,3.261234490575763,0.47213944598226
Station 3,132040.0,5361.076362007503,3.275983412155674,0.4633253183958792
Station 3,132050.0,5393.908379162253,3.2903582449870252,0.45458276282413856
Station 3,132060.0,5426.882302405257,3.3043657409345073,0.4459108082739528
Station 3,132070.0,5459.994491661477,3.318012547582932,0.43730848928810157
Station 3,132080.0,5493.241372846852,3.331305207070846,0.42877484651638614
Station 3,132090.0,5526.619436760574,3.344250155226247,0.4203089272327179
Station 3,132100.0,5560.125238021068,3.3568537208950255,0.411909785816603
Station 3,132110.0,5593.755393995844,3.3691221254883708,0.4035764841937978
Station 3,132120.0,5627.506583727392,3.381061482732923,0.3953080922383599
Station 3,132130.0,5661.375546857087,3.3926777986083017,0.3871036881382251
Station 3,132140.0,5695.359082548988,3.403976971457413,0.37896235872635586
Station 3,132150.0,5729.454048415202,3.414964792255751,0.37088319977941187
Station 3,132160.0,5763.657359444411,3.4256469450266236,0.36286531628582175
Station 3,132170.0,5797.965986934973,3.43602900739,0.3549078226850359
Station 3,132180.0,5832.376957433962,3.4461164512333653,0.3470098430796703
Station 3,132190.0,5866.887351683282,3.4559146434936308,0.3391705114221747
Station 3,132200.0,5901.494303574039,3.465428847039829,0.3313889716775706
Station 3,132210.0,5936.194999110093,3.4746642216469326,0.3236643779637459
Station 3,132220.0,5970.986675381746,3.4836258250517167,0.3159958946707127
Station 3,132230.0,6005.866619550358,3.4923186140821945,0.30838269656016626
Station 3,132240.0,6040.832167844608,3.500747445852655,0.30082396884662593
Station 3,132250.0,6075.8807045690755,3.5089170790169018,0.2933189072613611
Station 3,132260.0,6111.009661125713,3.516832175072725,0.2858667181002591
Station 3,132270.0,6146.216515048739,3.5244972997111614,0.2784666182567175
Station 3,132280.0,6181.498789053271,3.531916924204512,0.27111783524061656
Station 3,132290.0,6216.854050098385,3.5390954268275356,0.26381960718430275
Station 3,132300.0,6252.27990846455,3.546037094306579,0.25657118283657665
Station 3,132310.0,6287.774016845997,3.5527461232918585,0.24937182154551304
Station 3,132320.0,6323.334069458139,3.559226621848404,0.2422207932309662
Station 3,132330.0,6358.957801160263,3.5654826109615443,0.2351173783475387
Station 3,132340.0,6394.642986593602,3.5715180260531105,0.22806086783875754
Station 3,132350.0,6430.3874393349415,3.577336718504845,0.22105056308315696
Station 3,132360.0,6466.189011065813,3.5829424571857795,0.2140857758329262
Station 3,132370.0,6502.045590757286,3.588338929980623,0.20716582814574744
Station 3,132380.0,6537.955103870411,3.5935297453163946,0.20029005231041092
Station 3,132390.0,6573.915511572285,3.5985184336848572,0.1934577907667534
Station 3,132400.0,6609.9248099676615,3.6033084491584413,0.18666839602044846
Station 3,132410.0,6645.981029346094,3.607903170897587,0.1799212305531297
Station 3,140850.0,6634.188678463943,-3.3891002172028943,0.18033529867619089
Station 3,140860.0,6600.338407752937,-3.380914063299396,0.18669341248545623
Station 3,140870.0,6566.57120022966,-3.372486972847398,0.19308126893754682
Station 3,140880.0,6532.889483882586,-3.363815196893611,0.19949907989943844
Station 3,140890.0,6499.295724576793,-3.3548949251583764,0.20594705152079182
Station 3,140900.0,6465.792426581318,-3.3457222858329563,0.2124253837083922
Station 3,140910.0,6432.382133187438,-3.3362933453968946,0.2189342695819722
Station 3,140920.0,6399.0674273282075,-3.326604108501275,0.22547389490033146
Station 3,140930.0,6365.850932198332,-3.3166505179228944,0.23204443745641373
Station 3,140940.0,6332.735311874003,-3.306428454594637,0.2386460664398453
Station 3,140950.0,6299.723271931656,-3.295933737717619,0.2452789417654796
Station 3,140960.0,6266.817560064953,-3.2851621249608702,0.25194321336639075
Station 3,140970.0,6234.020966699056,-3.2741093127546894,0.25863902044969855
Station 3,140980.0,6201.336325601253,-3.2627709366840336,0.2653664907135679
Station 3,140990.0,6168.766514486961,-3.2511425719885683,0.2721257395236457
Station 3,141000.0,6136.314455619968,-3.239219734176393,0.27891686904715585
Station 3,141010.0,6103.983116405836,-3.2269978797586214,0.28573996734279605
Station 3,141020.0,6071.775509977181,-3.214472407112412,0.2925951074045328
Station 3,141030.0,6039.694695769611,-3.20163865748027,0.29948234615731584
Station 3,141040.0,6007.743780086863,-3.188491916113784,0.30640172340268673
Station 3,141050.0,5975.925916653773,-3.175027413570229,0.31335326071218417
Station 3,141060.0,5944.244307155471,-3.1612403271708076,0.32033696026639363
Station 3,141070.0,5912.702201761229,-3.1471257826295505,0.3273528036374326
Station 3,141080.0,5881.3028996311905,-3.1326788558622325,0.3344007505126047
Station 3,141090.0,5850.049749404239,-3.1178945749849,0.3414807373568999
Station 3,141100.0,5818.946149665031,-3.1027679225119176,0.3485926760119694
Station 3,141110.0,5787.995549388241,-3.0872938377636623,0.3557364522291587
Station 3,141120.0,5757.201448357877,-3.0714672194942962,0.36291192413413265
Station 3,141130.0,5726.567397559481,-3.0552829287501835,0.3701189206205973
Station 3,141140.0,5696.096999542885,-3.0387357919698474,0.3773572396705809
Station 3,141150.0,5665.7939087530885,-3.0218206043364213,0.3846266465987223
Station 3,141160.0,5635.661831826744,-3.0045321333937878,0.3919268722179959
Station 3,141170.0,5605.704527851577,-2.9868651229376884,0.3992576109242861
Station 3,141180.0,5575.925808586015,-2.9688142971931715,0.4066185186972457
Station 3,141190.0,5546.329538636108,-2.950374365289778,0.41400921101487553
Station 3,141200.0,5516.919635586796,-2.9315400260459192,0.42142926067929865
Station 3,141210.0,5487.700070084384,-2.9123059730737544,0.42887819555125506
Station 3,141220.0,5458.674865867059,-2.892666900215864,0.4363554961908948
Station 3,141230.0,5429.848099676547,-2.872617507351138,0.4438605933955874
Station 3,141240.0,5401.223901052705,-2.8521525065689133,0.4513928656345015
Station 3,141250.0,5372.806452442513,-2.8312666285566794,0.45895163642330433
Station 3,141260.0,5344.599988867077,-2.8099546295266387,0.4665361715540797
Station 3,141270.0,5316.608797622514,-2.788211298474189,0.47414567623408443
Station 3,141280.0,5288.837217916188,-2.766031464825063,0.48177929212008913
Station 3,141290.0,5261.289640424044,-2.7434100064837805,0.48943609424604434
Station 3,141300.0,5233.970506765149,-2.7203418582909453,0.49711508784316616
Station 3,141310.0,5206.884308889268,-2.696822020895952,0.504815205051962
Station 3,141320.0,5180.035588373359,-2.6728455700507143,0.512535301526115
Station 3,141330.0,5153.428935622728,-2.6484076663287865,0.5202741529286637
Station 3,141340.0,5127.068988972643,-2.6235035652730736,0.5280304513214419
Station 3,141350.0,5100.960433686093,-2.5981286279737916,0.5358028014494021
Station 3,141360.0,5075.108000843447,-2.572278332076909,0.5435897169221402
Station 3,141370.0,5049.516466119725,-2.5459482832214353,0.5513896162957567
Station 3,141380.0,5024.1906484452375,-2.5191342269022203,0.5592008190590806
Station 3,141390.0,4999.135408545413,-2.4918320607527464,0.5670215415293105
Station 3,141400.0,4974.355647355662,-2.4640378472403617,0.5748498926632292
Station 3,141410.0,4949.8563043072345,-2.435747826763956,0.5826838697914297
Station 3,141420.0,4925.642355480183,-2.4069584311416286,0.5905213542843623
Station 3,141430.0,4901.718811619579,-2.3776662974732496,0.5983601071605632
Station 3,141440.0,4878.090716011416,-2.3478682823599764,0.6061977646491272
Station 3,141450.0,4854.763142214739,-2.317561476459812,0.6140318337203502
Station 3,141460.0,4831.741191646808,-2.286743219355254,0.6218596876005306
Station 3,141470.0,4809.029991018357,-2.255411114705731,0.6296785612891673
Station 3,141480.0,4786.63468961628,-2.223563045654247,0.6374855470992307
Station 3,141490.0,4764.56045643143,-2.191197190454126,0.645277590243866
Station 3,141500.0,4742.812477129537,-2.158312038278165,0.6530514844957673
Station 3,141510.0,4721.395950863693,-2.1249064051688853,0.6608038679485763
Station 3,141520.0,4700.316086927241,-2.090979450084799,0.6685312189130064
Station 3,141530.0,4679.578101246406,-2.0565306909939354,0.6762298519839806
Station 3,141540.0,4659.187212712478,-2.021560020962032,0.6838959143188771
Station 3,141550.0,4639.148639353956,-1.9860677241791211,0.6915253821710037
Station 3,141560.0,4619.4675943495795,-1.9500544918645613,0.6991140577266678
Station 3,141570.0,4600.149281883818,-1.9135214379869163,0.7066575662986259
Station 3,141580.0,4581.198892847076,-1.8764701147316873,0.7141513539332704
Station 3,141590.0,4562.621600348252,-1.8389025276560282,0.7215906854899333
Station 3,141600.0,4544.422554940118,-1.800821150473553,0.7289706432495054
Station 3,141610.0,4526.6068801415795,-1.7622289392489154,0.7362861261828066
Station 3,141620.0,4509.179667458557,-1.7231293461556723,0.7435318498697885
Station 3,141630.0,4492.145971333808,-1.6835263325725878,0.7507023471974118
Station 3,141640.0,4475.5108039945335,-1.6434243814565939,0.7577919699158682
Station 3,141650.0,4459.279130179848,-1.6028285089159269,0.7647948911387943
Station 3,141660.0,4443.455861756489,-1.561744274898115,0.7717051088790475
Station 3,141670.0,4428.045852232108,-1.520177792907104,0.7785164507139031
Station 3,141680.0,4413.05389117629,-1.4781357386640384,0.7852225796748337
Station 3,141690.0,4398.484698560298,-1.435625357626994,0.791817001457148
Station 3,141700.0,4384.342919027421,-1.3926544712863975,0.7982930730433979
Station 3,141710.0,4370.633116106593,-1.3492314821550229,0.8046440128314185
Station 3,141720.0,4357.359766382761,-1.3053653773742897,0.8108629123528314
Station 3,141730.0,4344.527253638255,-1.261065730862125,0.8169427496606015
Station 3,141740.0,4332.139862980137,-1.2163427039320207,0.8228764044544802
Station 3,141750.0,4320.2017749691595,-1.1712070443179017,0.8286566750007229
Station 3,141760.0,4308.717059766664,-1.1256700835453208,0.834276296887055
Station 3,141770.0,4297.689671316211,-1.0797437325959696,0.839727963635406
Station 3,141780.0,4287.123441577329,-1.0334404758198161,0.8450043491732523
Station 3,141790.0,4277.0220748290985,-0.9867733630571516,0.8500981321395756
Station 3,141800.0,4267.389142061713,-0.9397559999414008,0.8550020219734893
Station 3,141810.0,4258.2280754743215,-0.8924025363628525,0.8597087867027441
Station 3,141820.0,4249.542163097659,-0.8447276530831855,0.8642112823159426
Station 3,141830.0,4241.334543560005,-0.7967465465009554,0.8685024835668111
Station 3,141840.0,4233.608201014957,-0.7484749115788752,0.8725755160220402
Station 3,141850.0,4226.365960249335,-0.699928922954686,0.8764236891266723
Station 3,141860.0,4219.6104819892835,-0.6511252142686221,0.8800405300238514
Station 3,141870.0,4213.344258422202,-0.60208085575187,0.8834198178299777
Station 3,141880.0,4207.569608951698,-0.5528133301316586,0.8865556180330959
Station 3,141890.0,4202.288676202068,-0.5033405069200061,0.8894423166529914
Station 3,141900.0,4197.5034222881595,-0.4536806151641236,0.8920746537771976
Station 3,141910.0,4193.215625365571,-0.4038522147472571,0.8944477560691942
Station 3,141920.0,4189.426876475222,-0.35387416633904395,0.8965571678346291
Station 3,141930.0,4186.1385766953335,-0.3037656001042429,0.8983988802294197
Station 3,141940.0,4183.351934612587,-0.25354588328775174,0.8999693582008178
Station 3,141950.0,4181.067964106914,-0.2032345868005077,0.9012655647677753
Station 3,141960.0,4179.287482299187,-0.15285145091072466,0.9022849822595039
Station 3,141970.0,4178.011108280251,-0.10241635025473306,0.9030256302439251
Station 3,141980.0,4177.23926190755,-0.051949258264353315,0.9034860797903562
Station 3,141990.0,4176.972162953008,-0.0014702111511156746,0.9036654638644867
Station 3,142000.0,4177.209830659058,0.04900072838053776,0.9035634836903125
Station 3,142010.0,4177.952083657781,0.09944350753848855,0.9031804109689193
Station 3,142020.0,4179.198540253618,0.14983811981000011,0.9025170859168311
Station 3,142030.0,4180.948619068531,0.20016464113434554,0.9015749111559033
Station 3,142040.0,4183.201540046893,0.2504032657261224,0.9003558415550185
Station 3,142050.0,4185.956325815909,0.3005343413971252,0.8988623701891848
Station 3,142060.0,4189.211803395837,0.35053840422846444,0.8970975106420856
Station 3,142070.0,4192.966606252811,0.4003962124495881,0.8950647759320907
Station 3,142080.0,4197.219176685713,0.45008877938684955,0.892768154387769
Station 3,142090.0,4201.967768537134,0.49959740535127406,0.8902120828360865
Station 3,142100.0,4207.210450217266,0.548903708343081,0.88740141749404
Station 3,142110.0,4212.945108028344,0.597989653459221,0.8843414029722142
Station 3,142120.0,4219.169449776179,0.6468375808995832,0.8810376398067687
Station 3,142130.0,4225.881008654326,0.6954302324776052,0.8774960509350975
Station 3,142140.0,4233.077147385563,0.7437507765514512,0.8737228475205905
Station 3,142150.0,4240.755062604521,0.7917828313029196,0.8697244945145366
Station 3,142160.0,4248.911789464704,0.8395104863023425,0.8655076763193426
Station 3,142170.0,4257.5442064525,0.886918322309051,0.8610792628881812
Station 3,142180.0,4266.649040390384,0.9339914292683955,0.8564462765631684
Station 3,142190.0,4276.222871611188,0.9807154224775423,0.8516158599184422
Station 3,142200.0,4286.262139285032,1.0270764569034212,0.8465952448373287
Station 3,142210.0,4296.763146880466,1.0730612396470258,0.8413917230151622
Station 3,142220.0,4307.722067741304,1.118657040558809,0.836012618042257
Station 3,142230.0,4319.134950760782,1.1638517010198606,0.8304652591858502
Station 3,142240.0,4330.997726134824,1.2086336409132636,0.8247569569561466
Station 3,142250.0,4343.306211176508,1.25299186381881,0.8188949805104598
Station 3,142260.0,4356.056116174192,1.2969159604727118,0.8128865369211771
Station 3,142270.0,4369.243050276184,1.3403961105415672,0.8067387523081109
Station 3,142280.0,4382.86252738546,1.383423082766765,0.8004586548138247
Station 3,142290.0,4396.909972048363,1.4259882335418061,0.7940531593817715
Station 3,142300.0,4411.380725322046,1.4680835039903088,0.7875290542813933
Station 3,142310.0,4426.270050605701,1.5097014156177715,0.7808929893116263
Station 3,142320.0,4441.573139273027,1.5508350646973228,0.7741514655851334
Station 3,142330.0,4457.285116476204,1.591478115274867,0.7673108268546659
Station 3,142340.0,4473.401046898355,1.631624790946868,0.76037725226767
Station 3,142350.0,4489.915940210113,1.67126986565513,0.7533567504223695
Station 3,142360.0,4506.824756525379,1.7104086534173037,0.7462551546683196
Station 3,142370.0,4524.1224117491265,1.7490369971257063,0.7390781195439123
Station 3,142380.0,4541.803782808446,1.7871512565003504,0.7318311182563811
Station 3,142390.0,4559.863712758769,1.8247482952813505,0.7245194411121261
Station 3,142400.0,4578.2970157582,1.861825467744776,0.7171481948082438
Station 3,142410.0,4597.098481903614,1.8983806046244014,0.7097223024998601
Station 3,142420.0,4616.2628819229985,1.9344119985197543,0.7022465045620105
Station 3,142430.0,4635.784971719399,1.9699183888684817,0.6947253599692887
Station 3,142440.0,4655.659496762474,2.0048989465583453,0.6871632482211668
Station 3,142450.0,4675.881196324488,2.0393532582511527,0.6795643717456503
Station 3,142460.0,4696.444807558269,2.0732813104876833,0.6719327587187269
Station 3,142470.0,4717.345069415264,2.1066834736393267,0.6642722662417833
Station 3,142480.0,4738.5767264025735,2.139560485768511,0.6565865838237986
Station 3,142490.0,4760.134532178335,2.1719134364563852,0.6488792371195692
Station 3,142500.0,4782.013252985474,2.203743750652466,0.6411535918795154
Station 3,142510.0,4804.207670924339,2.235053172597195,0.633412858070684
Station 3,142520.0,4826.712587065199,2.265843749864541,0.6256600941324115
Station 3,142530.0,4849.522824402089,2.2961178175680628,0.6178982113337386
Station 3,142540.0,4872.633230649851,2.3258779827701046,0.6101299782030347
Station 3,142550.0,4896.038680886621,2.355127109130151,0.6023580250034578
Station 3,142560.0,4919.734080044373,2.383868301824826,0.5945848482307727
Station 3,142570.0,4943.714365250362,2.4121048927685687,0.5868128151127622
Station 3,142580.0,4967.97450802269,2.439840426160655,0.5790441680919259
Station 3,142590.0,4992.509516323347,2.467078644381097,0.5712810292754389
Station 3,142600.0,5017.314436472369,2.493823474254805,0.5635254048384188
Station 3,142610.0,5042.384354926896,2.5200790137005926,0.555779189368429
Station 3,142620.0,5067.714399929054,2.5458495187787613,0.5480441701408646
Station 3,142630.0,5093.299743026743,2.571139391148452,0.540322031316433
Station 3,142640.0,5119.1356004714835,2.5959531659435293,0.5326143580533172
Station 3,142650.0,5145.217234497508,2.620295500073369,0.524922640527904
Station 3,142660.0,5171.53995448649,2.6441711609531326,0.5172482778590626
Station 3,142670.0,5198.099118022105,2.6675850156656367,0.5095925819320062
Station 3,142680.0,5224.890131802526,2.69054202058256,0.5019567811133069
Station 3,142690.0,5251.908452338452,2.7130472115102493,0.49434202384217996
Station 3,142700.0,5279.149586959651,2.7351056939606573,0.4867493821745426
Station 3,142710.0,5306.609094373576,2.756722634096122,0.4791798551685553
Station 3,142720.0,5334.282585209429,2.7779032500501515,0.4716343721708918
Station 3,142730.0,5362.165722498692,2.798652803647096,0.46411379599748354
Station 3,142740.0,5390.254222074377,2.8189765925290504,0.4566189260061733
Station 3,142750.0,5418.543852893127,2.8388799426820075,0.4491505010622072
Station 3,142760.0,5447.0304372840765,2.8583682013525578,0.4417092023978
Station 3,142770.0,5475.709851128473,2.8774467303457576,0.43429565636730644
Station 3,142780.0,5504.5780239737605,2.896120899694274,0.42691043709974025
Station 3,142790.0,5533.630939085949,2.914396081688449,0.41955406905061204
Station 3,142800.0,5562.8646334437335,2.9322776452565575,0.41222702945518297
Station 3,142810.0,5592.275197677995,2.9497709506842824,0.40492975068540765
Station 3,142820.0,5621.858775959936,2.966881344662137,0.3976626225129144
Station 3,142830.0,5651.611565841188,2.983614155649512,0.3904259942804792
Station 3,142840.0,5681.5298180490145,2.999974689543852,0.38322017698450034
Station 3,142850.0,5711.609836239644,3.0159682256434897,0.37604544527103706
Station 3,142860.0,5741.847976712647,3.03160001289264,0.3689020393479981
Station 3,142870.0,5772.240648089155,3.0468752663971523,0.36179016681608545
Station 3,142880.0,5802.784310956619,3.0617991641996785,0.3547100044211006
Station 3,142890.0,5833.475477482667,3.076376844303084,0.3476616997302112
Station 3,142900.0,5864.310711000508,3.090613401931079,0.34064537273476414
Station 3,142910.0,5895.286625568261,3.1045138870152194,0.33366111738219345
Station 3,142920.0,5926.399885504429,3.118083301897695,0.3267090030395555
Station 3,142930.0,5957.647204901632,3.131326599239495,0.31978907589116434
Station 3,142940.0,5989.02534712067,3.144248680123843,0.3129013602727773
Station 3,142950.0,6020.531124266813,3.156854392345023,0.3060458599447154
Station 3,142960.0,6052.161396650148,3.169148528873036,0.2992225593062586
Station 3,142970.0,6083.913072231722,3.1811358264847716,0.29243142455360116
Station 3,142980.0,6115.783106057136,3.1928209645527157,0.285672404783592
Station 3,142990.0,6147.768499679057,3.2042085639824287,0.27894543304543745
Station 3,143000.0,6179.866300570296,3.2153031862905266,0.27225042734244753
Station 3,143010.0,6212.073601528572,3.226109332814901,0.26558729158590694
Station 3,143020.0,6244.387540074484,3.236631444049507,0.2589559165030276
Station 3,143030.0,6276.805297843772,3.246873899096167,0.2523561805009165
Station 3,143040.0,6309.324099975096,3.2568410152262217,0.24578795048841862
Station 3,143050.0,6341.941214422903,3.2665370475994835,0.23925108264730338
Station 3,143060.0,6374.653951263285,3.275966189093054,0.23274542316264446
Station 3,143070.0,6407.459662301703,3.285132569980451,0.22627080896154234
Station 3,143080.0,6440.355740329852,3.2940402579546917,0.2198270683669275
Station 3,143090.0,6473.33961849702,3.3026932581510833,0.21341402173280105
Station 3,143100.0,6506.408769687426,3.3110955132391915,0.2070314820479211
Station 3,143110.0,6539.560705898311,3.3192509035831494,0.20067925550854013
Station 3,143120.0,6572.792977619515,3.327163247465341,0.19435714206158478
Station 3,143130.0,6606.103173215173,3.3348363013687514,0.1880649359196105
Station 3,143140.0,6639.488918308127,3.3422737603135255,0.18180242604880772
Station 3,143150.0,6672.947875167689,3.34947925824343,0.17556939663130658
